tail_id,part_no,noun,nha_part_no,nha_noun,kit,goh,part_type,shop,mat,agency,arf_mcl_review,f48_no,die_no,die_type,die_status,die_agency,die_vendor,die_remarks,issues_1,issues_2,status_1,status_2,remarks_1,remarks_2,remarks_3,remarks_4,remarks_5,remarks_6,remarks_7,remarks_8,remarks_9,remarks_10,remarks_11,remarks_12
1,YDT11-1003,Pin,NULL,NULL,Kit A,NULL,,,,ARF,20SP0179N,,,NULL,NULL,NULL,NULL,NULL,,,MCL,MCL,,NULL,NULL,NULL,NULL,NULL,NULL,NULL,NULL,NULL,NULL,NULL
2,Q/AL8.683.024,Gaskit,NULL,NULL,Kit A,NULL,,,,ARF,22RP0268N,,,NULL,NULL,NULL,NULL,NULL,,,MCL,MCL,,NULL,NULL,NULL,NULL,NULL,NULL,NULL,NULL,NULL,NULL,NULL
3,Q/AL8.683.005,Gasket,NULL,NULL,Kit A,NULL,,,,ARF,22RP0364N,,,NULL,NULL,NULL,NULL,NULL,,,MCL,MCL,,NULL,NULL,NULL,NULL,NULL,NULL,NULL,NULL,NULL,NULL,NULL
4,Q/611S423FDJ6B-1,Clamp,NULL,NULL,Kit A,NULL,,,,ARF,21SM0533L,,,NULL,NULL,NULL,NULL,NULL,,,MCL,MCL,,NULL,NULL,NULL,NULL,NULL,NULL,NULL,NULL,NULL,NULL,NULL
5,Q/611S422LB6B,Clamp With Pad,NULL,NULL,Kit A,NULL,,,,ARF,21SM0196N,,,NULL,NULL,NULL,NULL,NULL,,,MCL,MCL,,NULL,NULL,NULL,NULL,NULL,NULL,NULL,NULL,NULL,NULL,NULL
6,Q/611S422LB6,Clamp With Pad,NULL,NULL,Kit A,NULL,,,,ARF,21SM0196N,,,NULL,NULL,NULL,NULL,NULL,,,MCL,MCL,,NULL,NULL,NULL,NULL,NULL,NULL,NULL,NULL,NULL,NULL,NULL
7,Q/611S422LB4B,Clamp With Pad,NULL,NULL,Kit A,NULL,,,,ARF,21SM0529L,,,NULL,NULL,NULL,NULL,NULL,,,MCL,MCL,,NULL,NULL,NULL,NULL,NULL,NULL,NULL,NULL,NULL,NULL,NULL
8,Q/3A6-74A5X180,Earth Wire,NULL,NULL,Kit A,NULL,,,,ARF,18SM0280L,,,NULL,NULL,NULL,NULL,NULL,,,MCL,MCL,,NULL,NULL,NULL,NULL,NULL,NULL,NULL,NULL,NULL,NULL,NULL
9,Q/3A4-94J1-2,Sealing Ring,NULL,NULL,Kit A,NULL,,,,ARF,14RP0104L,,,NULL,NULL,NULL,NULL,NULL,,,MCL,MCL,,NULL,NULL,NULL,NULL,NULL,NULL,NULL,NULL,NULL,NULL,NULL
10,Q/3A4-94J1-1,Sealing Ring,NULL,NULL,Kit A,NULL,,,,ARF,14RP0103L,,,NULL,NULL,NULL,NULL,NULL,,,MCL,MCL,,NULL,NULL,NULL,NULL,NULL,NULL,NULL,NULL,NULL,NULL,NULL
11,Q/3A4-92-3,Retainer Ring,NULL,NULL,Kit A,NULL,,,,ARF,14PM0282L,,,NULL,NULL,NULL,NULL,NULL,,,MCL,MCL,,NULL,NULL,NULL,NULL,NULL,NULL,NULL,NULL,NULL,NULL,NULL
12,Q/3A4-92-1,Retainer Ring,NULL,NULL,Kit A,NULL,,,,ARF,16RP0048L,,,NULL,NULL,NULL,NULL,NULL,,,MCL,MCL,,NULL,NULL,NULL,NULL,NULL,NULL,NULL,NULL,NULL,NULL,NULL
13,Q/3A4-7J3-35.4,Rubber Sealing Ring,NULL,NULL,Kit A,NULL,,,,ARF,14RP0100L,,,NULL,NULL,NULL,NULL,NULL,,,MCL,MCL,,NULL,NULL,NULL,NULL,NULL,NULL,NULL,NULL,NULL,NULL,NULL
14,Q/3A4-7J3-33.6,Rubber Sealing Ring,NULL,NULL,Kit A,NULL,,,,ARF,99RP0282L,,,NULL,NULL,NULL,NULL,NULL,,,MCL,MCL,,NULL,NULL,NULL,NULL,NULL,NULL,NULL,NULL,NULL,NULL,NULL
15,Q/3A4-7J3-19.6,Rubber Sealing Ring,NULL,NULL,Kit A,NULL,,,,ARF,99RP0274L,,,NULL,NULL,NULL,NULL,NULL,,,MCL,MCL,,NULL,NULL,NULL,NULL,NULL,NULL,NULL,NULL,NULL,NULL,NULL
16,Q/3A4-7J3-13.6,Rubber Sealing Ring,NULL,NULL,Kit A,NULL,,,,ARF,14RP0099L,,,NULL,NULL,NULL,NULL,NULL,,,MCL,MCL,,NULL,NULL,NULL,NULL,NULL,NULL,NULL,NULL,NULL,NULL,NULL
17,Q/3A4-7J3-11.6,Rubber Sealing Ring,NULL,NULL,Kit A,NULL,,,,ARF,01RP0109L,,,NULL,NULL,NULL,NULL,NULL,,,MCL,MCL,,NULL,NULL,NULL,NULL,NULL,NULL,NULL,NULL,NULL,NULL,NULL
18,Q/3A4-7J1-74,Seal Ring,NULL,NULL,Kit A,NULL,,,,ARF,14RP0098L,,,NULL,NULL,NULL,NULL,NULL,,,MCL,MCL,,NULL,NULL,NULL,NULL,NULL,NULL,NULL,NULL,NULL,NULL,NULL
19,Q/3A4-7J1-51.4,Seal Ring,NULL,NULL,Kit A,NULL,,,,ARF,14RP0097L,,,NULL,NULL,NULL,NULL,NULL,,,MCL,MCL,,NULL,NULL,NULL,NULL,NULL,NULL,NULL,NULL,NULL,NULL,NULL
20,Q/3A4-7J1-13.6,Seal Ring,NULL,NULL,Kit A,NULL,,,,ARF,14RP0094L,,,NULL,NULL,NULL,NULL,NULL,,,MCL,MCL,,NULL,NULL,NULL,NULL,NULL,NULL,NULL,NULL,NULL,NULL,NULL
21,Q/3A4-27J3-90X4,Rubber Sealing Ring,NULL,NULL,Kit A,NULL,,,,ARF,14RP0089L,,,NULL,NULL,NULL,NULL,NULL,,,MCL,MCL,,NULL,NULL,NULL,NULL,NULL,NULL,NULL,NULL,NULL,NULL,NULL
22,Q/3A4-27J3-85X3,Seal Ring,NULL,NULL,Kit A,NULL,,,,ARF,14RP0088L,,,NULL,NULL,NULL,NULL,NULL,,,MCL,MCL,,NULL,NULL,NULL,NULL,NULL,NULL,NULL,NULL,NULL,NULL,NULL
23,Q/3A4-27J3-6X2,Rubber Sealing Ring,NULL,NULL,Kit A,NULL,,,,ARF,14RP0087L,,,NULL,NULL,NULL,NULL,NULL,,,MCL,MCL,,NULL,NULL,NULL,NULL,NULL,NULL,NULL,NULL,NULL,NULL,NULL
24,Q/3A4-27J3-55X4,Rubber Sealing Ring,NULL,NULL,Kit A,NULL,,,,ARF,14RP0086L,,,NULL,NULL,NULL,NULL,NULL,,,MCL,MCL,,NULL,NULL,NULL,NULL,NULL,NULL,NULL,NULL,NULL,NULL,NULL
25,Q/3A4-27J3-55X3,Rubber Sealing Ring,NULL,NULL,Kit A,NULL,,,,ARF,14RP0085L,,,NULL,NULL,NULL,NULL,NULL,,,MCL,MCL,,NULL,NULL,NULL,NULL,NULL,NULL,NULL,NULL,NULL,NULL,NULL
26,Q/3A4-27J3-42X3,Rubber Sealing Ring,NULL,NULL,Kit A,NULL,,,,ARF,14RP0084L,,,NULL,NULL,NULL,NULL,NULL,,,MCL,MCL,,NULL,NULL,NULL,NULL,NULL,NULL,NULL,NULL,NULL,NULL,NULL
27,Q/3A4-27J3-32X3,Rubber Sealing Ring,NULL,NULL,Kit A,NULL,,,,ARF,0,,,NULL,NULL,NULL,NULL,NULL,,,MCL,MCL (Cap Del),,NULL,NULL,NULL,NULL,NULL,NULL,NULL,NULL,NULL,NULL,NULL
28,Q/3A4-27J3-30X3,Rubber Sealing Ring,NULL,NULL,Kit A,NULL,,,,ARF,14RP0083L,,,NULL,NULL,NULL,NULL,NULL,,,MCL,MCL,,NULL,NULL,NULL,NULL,NULL,NULL,NULL,NULL,NULL,NULL,NULL
29,Q/3A4-27J3-28X3,Rubber Sealing Ring,NULL,NULL,Kit A,NULL,,,,ARF,14RP0082L,,,NULL,NULL,NULL,NULL,NULL,,,MCL,MCL,,NULL,NULL,NULL,NULL,NULL,NULL,NULL,NULL,NULL,NULL,NULL
30,Q/3A4-27J3-25X3,Rubber Sealing Ring,NULL,NULL,Kit A,NULL,,,,ARF,21RP0177N,,,NULL,NULL,NULL,NULL,NULL,,,MCL,MCL,,NULL,NULL,NULL,NULL,NULL,NULL,NULL,NULL,NULL,NULL,NULL
31,Q/3A4-27J3-100X4,Rubber Sealing Ring,NULL,NULL,Kit A,NULL,,,,ARF,14RP0081L,,,NULL,NULL,NULL,NULL,NULL,,,MCL,MCL,,NULL,NULL,NULL,NULL,NULL,NULL,NULL,NULL,NULL,NULL,NULL
32,Q/3A4-25J3-38X45X2,Seal Ring,NULL,NULL,Kit A,NULL,,,,ARF,21RP0310L,,,NULL,NULL,NULL,NULL,NULL,,,MCL,MCL,,NULL,NULL,NULL,NULL,NULL,NULL,NULL,NULL,NULL,NULL,NULL
33,M4X6GB71,Screw,NULL,NULL,Kit A,NULL,,,,ARF,05MS0006L,,,NULL,NULL,NULL,NULL,NULL,,,MCL,MCL,,NULL,NULL,NULL,NULL,NULL,NULL,NULL,NULL,NULL,NULL,NULL
34,J7-7219-160,Rubber Sleeve,NULL,NULL,Kit A,NULL,,,,ARF,00RP0108L,,,NULL,NULL,NULL,NULL,NULL,,,MCL,MCL,,NULL,NULL,NULL,NULL,NULL,NULL,NULL,NULL,NULL,NULL,NULL
35,J7-6114-403,Seal Ring,NULL,NULL,Kit A,NULL,,,,ARF,00RP0632N,,,NULL,NULL,NULL,NULL,NULL,,,MCL,MCL,,NULL,NULL,NULL,NULL,NULL,NULL,NULL,NULL,NULL,NULL,NULL
36,J7-5101-744,Seal Ring,NULL,NULL,Kit A,NULL,,,,ARF,09SM0427N,,,NULL,NULL,NULL,NULL,NULL,,,MCL,MCL,,NULL,NULL,NULL,NULL,NULL,NULL,NULL,NULL,NULL,NULL,NULL
37,J7-2053-435,Rubber Pad,NULL,NULL,Kit A,NULL,,,,ARF,21RP0376N,,,NULL,NULL,NULL,NULL,NULL,,,MCL,MCL,,NULL,NULL,NULL,NULL,NULL,NULL,NULL,NULL,NULL,NULL,NULL
38,J7-2053-351,Seal Ring,NULL,NULL,Kit A,NULL,,,,ARF,21RP0583N,,,NULL,NULL,NULL,NULL,NULL,,,MCL,MCL,,NULL,NULL,NULL,NULL,NULL,NULL,NULL,NULL,NULL,NULL,NULL
39,J7-2053-23,Seal Ring,NULL,NULL,Kit A,NULL,,,,ARF,19RP0143L,,,NULL,NULL,NULL,NULL,NULL,,,MCL,MCL,,NULL,NULL,NULL,NULL,NULL,NULL,NULL,NULL,NULL,NULL,NULL
40,J10-41035-112,Spring,NULL,NULL,Kit A,NULL,,,,ARF,21SP0597N,,,NULL,NULL,NULL,NULL,NULL,,,MCL,MCL,,NULL,NULL,NULL,NULL,NULL,NULL,NULL,NULL,NULL,NULL,NULL
41,HB6-75TD2X90X130,Bonding Jumper,NULL,NULL,Kit A,NULL,,,,ARF,18SM0455L,,,NULL,NULL,NULL,NULL,NULL,,,MCL,MCL,,NULL,NULL,NULL,NULL,NULL,NULL,NULL,NULL,NULL,NULL,NULL
42,HB6-75TD-2X80X100,Bonding Jumper,NULL,NULL,Kit A,NULL,,,,ARF,17SM0709L,,,NULL,NULL,NULL,NULL,NULL,,,MCL,MCL,,NULL,NULL,NULL,NULL,NULL,NULL,NULL,NULL,NULL,NULL,NULL
43,HB6-75TD2X70X110,Bonding Jumper,NULL,NULL,Kit A,NULL,,,,ARF,19SM0046L,,,NULL,NULL,NULL,NULL,NULL,,,MCL,MCL,,NULL,NULL,NULL,NULL,NULL,NULL,NULL,NULL,NULL,NULL,NULL
44,HB6-75TD2X70X100,Bonding Jumper,NULL,NULL,Kit A,NULL,,,,ARF,RCL,,,NULL,NULL,NULL,NULL,NULL,,,MCL,MCL,,NULL,NULL,NULL,NULL,NULL,NULL,NULL,NULL,NULL,NULL,NULL
45,HB6-75TD2X200X200,Earth Wire,NULL,NULL,Kit A,NULL,,,,ARF,18SM0465L,,,NULL,NULL,NULL,NULL,NULL,,,MCL,MCL,,NULL,NULL,NULL,NULL,NULL,NULL,NULL,NULL,NULL,NULL,NULL
46,HB6-75TD2X200X100,Earth Wire,NULL,NULL,Kit A,NULL,,,,ARF,18SM0458L,,,NULL,NULL,NULL,NULL,NULL,,,MCL,MCL,,NULL,NULL,NULL,NULL,NULL,NULL,NULL,NULL,NULL,NULL,NULL
47,HB6-75TD2X150X150,Earth Wire,NULL,NULL,Kit A,NULL,,,,ARF,18SM0464L,,,NULL,NULL,NULL,NULL,NULL,,,MCL,MCL,,NULL,NULL,NULL,NULL,NULL,NULL,NULL,NULL,NULL,NULL,NULL
48,HB6-75TD-2X120X180,Earth Wire,NULL,NULL,Kit A,NULL,,,,ARF,01SM0528L,,,NULL,NULL,NULL,NULL,NULL,,,MCL,MCL,,NULL,NULL,NULL,NULL,NULL,NULL,NULL,NULL,NULL,NULL,NULL
49,HB6-75TD-2X120X100,Earth Wire,NULL,NULL,Kit A,NULL,,,,ARF,00SM1581L,,,NULL,NULL,NULL,NULL,NULL,,,MCL,MCL,,NULL,NULL,NULL,NULL,NULL,NULL,NULL,NULL,NULL,NULL,NULL
50,HB6-75TD-2X100X140,Earth Wire,NULL,NULL,Kit A,NULL,,,,ARF,00SM1548L,,,NULL,NULL,NULL,NULL,NULL,,,MCL,MCL,,NULL,NULL,NULL,NULL,NULL,NULL,NULL,NULL,NULL,NULL,NULL
51,HB6-75TD-2X100X100,Bonding Jumper,NULL,NULL,Kit A,NULL,,,,ARF,00SM1547L,,,NULL,NULL,NULL,NULL,NULL,,,MCL,MCL,,NULL,NULL,NULL,NULL,NULL,NULL,NULL,NULL,NULL,NULL,NULL
52,HB6-75LI-2x60x120,Bonding Jumper,NULL,NULL,Kit A,NULL,,,,ARF,14SM0333L,,,NULL,NULL,NULL,NULL,NULL,,,MCL,MCL,,NULL,NULL,NULL,NULL,NULL,NULL,NULL,NULL,NULL,NULL,NULL
53,HB6-74TD-3X250,Earth Wire,NULL,NULL,Kit A,NULL,,,,ARF,18SM0461L,,,NULL,NULL,NULL,NULL,NULL,,,MCL,MCL,,NULL,NULL,NULL,NULL,NULL,NULL,NULL,NULL,NULL,NULL,NULL
54,HB6-74TD-3X120,Earth Wire,NULL,NULL,Kit A,NULL,,,,ARF,12SM0108L,,,NULL,NULL,NULL,NULL,NULL,,,MCL,MCL,,NULL,NULL,NULL,NULL,NULL,NULL,NULL,NULL,NULL,NULL,NULL
55,HB6-74TD-3X100,Earth Wire,NULL,NULL,Kit A,NULL,,,,ARF,00SM1580L,,,NULL,NULL,NULL,NULL,NULL,,,MCL,MCL,,NULL,NULL,NULL,NULL,NULL,NULL,NULL,NULL,NULL,NULL,NULL
56,HB6-74TD-2X80,Bonding Jumper,NULL,NULL,Kit A,NULL,,,,ARF,00SM1544L,,,NULL,NULL,NULL,NULL,NULL,,,MCL,MCL,,NULL,NULL,NULL,NULL,NULL,NULL,NULL,NULL,NULL,NULL,NULL
57,HB6-74TD-2X200,Earth Wire,NULL,NULL,Kit A,NULL,,,,ARF,01SM0538L,,,NULL,NULL,NULL,NULL,NULL,,,MCL,MCL,,NULL,NULL,NULL,NULL,NULL,NULL,NULL,NULL,NULL,NULL,NULL
58,HB6-74TD-2X160,Earth Wire,NULL,NULL,Kit A,NULL,,,,ARF,18SM0457L,,,NULL,NULL,NULL,NULL,NULL,,,MCL,MCL,,NULL,NULL,NULL,NULL,NULL,NULL,NULL,NULL,NULL,NULL,NULL
59,HB6-74TD-2x150,Bonding Jumper,NULL,NULL,Kit A,NULL,,,,ARF,10SM0077L,,,NULL,NULL,NULL,NULL,NULL,,,MCL,MCL,,NULL,NULL,NULL,NULL,NULL,NULL,NULL,NULL,NULL,NULL,NULL
60,HB6-74TD2X130,Earth Wire,NULL,NULL,Kit A,NULL,,,,ARF,18SM0456L,,,NULL,NULL,NULL,NULL,NULL,,,MCL,MCL,,NULL,NULL,NULL,NULL,NULL,NULL,NULL,NULL,NULL,NULL,NULL
61,HB6-74TD-2X120,Earth Wire,NULL,NULL,Kit A,NULL,,,,ARF,10SM0098L,,,NULL,NULL,NULL,NULL,NULL,,,MCL,MCL,,NULL,NULL,NULL,NULL,NULL,NULL,NULL,NULL,NULL,NULL,NULL
62,HB6-74TD-2X100,Earth Wire,NULL,NULL,Kit A,NULL,,,,ARF,10SM0076L,,,NULL,NULL,NULL,NULL,NULL,,,MCL,MCL,,NULL,NULL,NULL,NULL,NULL,NULL,NULL,NULL,NULL,NULL,NULL
63,HB6-74TD1X120,Earth Wire,NULL,NULL,Kit A,NULL,,,,ARF,18SM0459L,,,NULL,NULL,NULL,NULL,NULL,,,MCL,MCL,,NULL,NULL,NULL,NULL,NULL,NULL,NULL,NULL,NULL,NULL,NULL
64,HB6-74LI-8X60,Ground Wire,NULL,NULL,Kit A,NULL,,,,ARF,19SM0185L,,,NULL,NULL,NULL,NULL,NULL,,,MCL,MCL,,NULL,NULL,NULL,NULL,NULL,NULL,NULL,NULL,NULL,NULL,NULL
65,HB6-74LI-8X160,Earth Wire,NULL,NULL,Kit A,NULL,,,,ARF,18SM0278L,,,NULL,NULL,NULL,NULL,NULL,,,MCL,MCL,,NULL,NULL,NULL,NULL,NULL,NULL,NULL,NULL,NULL,NULL,NULL
66,HB6-74LI-8X150,Earth Wire,NULL,NULL,Kit A,NULL,,,,ARF,18SM0277L,,,NULL,NULL,NULL,NULL,NULL,,,MCL,MCL,,NULL,NULL,NULL,NULL,NULL,NULL,NULL,NULL,NULL,NULL,NULL
67,HB6-74LI-7X8X120,Earth Wire,NULL,NULL,Kit A,NULL,,,,ARF,18SM0518L,,,NULL,NULL,NULL,NULL,NULL,,,MCL,MCL,,NULL,NULL,NULL,NULL,NULL,NULL,NULL,NULL,NULL,NULL,NULL
68,HB6-74LI-2X60,Bonding Jumper,NULL,NULL,Kit A,NULL,,,,ARF,10SM0093L,,,NULL,NULL,NULL,NULL,NULL,,,MCL,MCL,,NULL,NULL,NULL,NULL,NULL,NULL,NULL,NULL,NULL,NULL,NULL
69,HB6-74LI-2X100,Ground Wire,NULL,NULL,Kit A,NULL,,,,ARF,01SM0540L,,,NULL,NULL,NULL,NULL,NULL,,,MCL,MCL,,NULL,NULL,NULL,NULL,NULL,NULL,NULL,NULL,NULL,NULL,NULL
70,HB6-38-8X160,Earth Wire,NULL,NULL,Kit A,NULL,,,,ARF,14SM0002L,,,NULL,NULL,NULL,NULL,NULL,,,MCL,MCL,,NULL,NULL,NULL,NULL,NULL,NULL,NULL,NULL,NULL,NULL,NULL
71,HB6-38-23X220,Earth Wire,NULL,NULL,Kit A,NULL,,,,ARF,21SM0328L,,,NULL,NULL,NULL,NULL,NULL,,,MCL,MCL,,NULL,NULL,NULL,NULL,NULL,NULL,NULL,NULL,NULL,NULL,NULL
72,HB6-38-22X260,Earth Wire,NULL,NULL,Kit A,NULL,,,,ARF,21SM0327L,,,NULL,NULL,NULL,NULL,NULL,,,MCL,MCL,,NULL,NULL,NULL,NULL,NULL,NULL,NULL,NULL,NULL,NULL,NULL
73,HB6-38-21X100,Bonding Jumper,NULL,NULL,Kit A,NULL,,,,ARF,14SM0334L,,,NULL,NULL,NULL,NULL,NULL,,,MCL,MCL,,NULL,NULL,NULL,NULL,NULL,NULL,NULL,NULL,NULL,NULL,NULL
74,HB6-38-10X100,Earth Wire,NULL,NULL,Kit A,NULL,,,,ARF,14SM0334L,,,NULL,NULL,NULL,NULL,NULL,,,MCL,MCL,,NULL,NULL,NULL,NULL,NULL,NULL,NULL,NULL,NULL,NULL,NULL
75,HB6311.3X8,Rivet,NULL,NULL,Kit A,NULL,,,,ARF,21MS0286L,,,NULL,NULL,NULL,NULL,NULL,,,MCL,MCL,,NULL,NULL,NULL,NULL,NULL,NULL,NULL,NULL,NULL,NULL,NULL
76,HB6258M3,Nut,NULL,NULL,Kit A,NULL,,,,ARF,21MS0618L,,,NULL,NULL,NULL,NULL,NULL,,,MCL,MCL,,NULL,NULL,NULL,NULL,NULL,NULL,NULL,NULL,NULL,NULL,NULL
77,HB6231.5X12,Rivet,NULL,NULL,Kit A,NULL,,,,ARF,21MS0284L,,,NULL,NULL,NULL,NULL,NULL,,,MCL,MCL,,NULL,NULL,NULL,NULL,NULL,NULL,NULL,NULL,NULL,NULL,NULL
78,HB6231.4X9,Rivet,NULL,NULL,Kit A,NULL,,,,ARF,21MS0283L,,,NULL,NULL,NULL,NULL,NULL,,,MCL,MCL,,NULL,NULL,NULL,NULL,NULL,NULL,NULL,NULL,NULL,NULL,NULL
79,HB4-57J3-63,Seal Ring,NULL,NULL,Kit A,NULL,,,,ARF,21RP0085N,,,NULL,NULL,NULL,NULL,NULL,,,MCL,MCL,,NULL,NULL,NULL,NULL,NULL,NULL,NULL,NULL,NULL,NULL,NULL
80,HB4-57J3-51H,Seal Ring,NULL,NULL,Kit A,NULL,,,,ARF,14RP0079L,,,NULL,NULL,NULL,NULL,NULL,,,MCL,MCL,,NULL,NULL,NULL,NULL,NULL,NULL,NULL,NULL,NULL,NULL,NULL
81,HB4-57J3-31,Seal Ring,NULL,NULL,Kit A,NULL,,,,ARF,14RP0077L,,,NULL,NULL,NULL,NULL,NULL,,,MCL,MCL,,NULL,NULL,NULL,NULL,NULL,NULL,NULL,NULL,NULL,NULL,NULL
82,HB4-57J3-29,Seal Ring ,NULL,NULL,Kit A,NULL,,,,ARF,14RP0076L,,,NULL,NULL,NULL,NULL,NULL,,,MCL,MCL,,NULL,NULL,NULL,NULL,NULL,NULL,NULL,NULL,NULL,NULL,NULL
83,HB4-57J3-25H,Sealing Ring,NULL,NULL,Kit A,NULL,,,,ARF,21RP0237L,,,NULL,NULL,NULL,NULL,NULL,,,MCL,MCL,,NULL,NULL,NULL,NULL,NULL,NULL,NULL,NULL,NULL,NULL,NULL
84,HB4-57J3-25,Seal Ring,NULL,NULL,Kit A,NULL,,,,ARF,14RP0074L,,,NULL,NULL,NULL,NULL,NULL,,,MCL,MCL,,NULL,NULL,NULL,NULL,NULL,NULL,NULL,NULL,NULL,NULL,NULL
85,HB4-56J7-40,Seal Ring,NULL,NULL,Kit A,NULL,,,,ARF,21RP0082N,,,NULL,NULL,NULL,NULL,NULL,,,MCL,MCL,,NULL,NULL,NULL,NULL,NULL,NULL,NULL,NULL,NULL,NULL,NULL
86,HB4-53-76,Lead Seal,NULL,NULL,Kit A,NULL,,,,ARF,85SM0083L,,,NULL,NULL,NULL,NULL,NULL,,,MCL,MCL,,NULL,NULL,NULL,NULL,NULL,NULL,NULL,NULL,NULL,NULL,NULL
87,HB4-53,Lead Seal,NULL,NULL,Kit A,NULL,,,,ARF,85SM0083L,,,NULL,NULL,NULL,NULL,NULL,,,MCL,MCL,,NULL,NULL,NULL,NULL,NULL,NULL,NULL,NULL,NULL,NULL,NULL
88,HB4-50-16,Gasket,NULL,NULL,Kit A,NULL,,,,ARF,16SM0201L,,,NULL,NULL,NULL,NULL,NULL,,,MCL,MCL,,NULL,NULL,NULL,NULL,NULL,NULL,NULL,NULL,NULL,NULL,NULL
89,HB3-55-A2.5X17X120.5-I,Spring,NULL,NULL,Kit A,NULL,,,,ARF,22SP0091L,,,NULL,NULL,NULL,NULL,NULL,,,MCL,MCL,,NULL,NULL,NULL,NULL,NULL,NULL,NULL,NULL,NULL,NULL,NULL
90,HB3-55-A2.5X15X90.6III,Spring,NULL,NULL,Kit A,NULL,,SP,,ARF,22SP0315L,,,NULL,NULL,NULL,NULL,NULL,,,MCL,MCL,,NULL,NULL,NULL,NULL,NULL,NULL,NULL,NULL,NULL,NULL,NULL
91,HB3-55-A1.5X9X43.9-II230,Spring,NULL,NULL,Kit A,NULL,,SP,,ARF,22SP0337L,,,NULL,NULL,NULL,NULL,NULL,,,MCL,MCL,,NULL,NULL,NULL,NULL,NULL,NULL,NULL,NULL,NULL,NULL,NULL
92,HB3-12G6X8X12,Bush,NULL,NULL,Kit A,NULL,,,,ARF,00MS1671L,,,NULL,NULL,NULL,NULL,NULL,,,MCL,MCL,,NULL,NULL,NULL,NULL,NULL,NULL,NULL,NULL,NULL,NULL,NULL
93,HB1-706-6X43,Quick Release Spring Pin,NULL,NULL,Kit A,NULL,,,,ARF,18MS0360L,,,NULL,NULL,NULL,NULL,NULL,,,MCL,MCL,,NULL,NULL,NULL,NULL,NULL,NULL,NULL,NULL,NULL,NULL,NULL
94,HB1-521LB-5X12X0.5,Washer,NULL,NULL,Kit A,NULL,,,,ARF,00SM0061L,,,NULL,NULL,NULL,NULL,NULL,,,MCL,MCL,,NULL,NULL,NULL,NULL,NULL,NULL,NULL,NULL,NULL,NULL,NULL
95,HB1-521LB16X25X0.5,Washer,NULL,NULL,Kit A,NULL,,,,ARF,14SM0114L,,,NULL,NULL,NULL,NULL,NULL,,,MCL,MCL,,NULL,NULL,NULL,NULL,NULL,NULL,NULL,NULL,NULL,NULL,NULL
96,HB1-521GD5X8X0.3,Washer (Asa Hormanization),NULL,NULL,Kit A,NULL,,,,ARF,20SM0063L,,,NULL,NULL,NULL,NULL,NULL,,,MCL,MCL,,NULL,NULL,NULL,NULL,NULL,NULL,NULL,NULL,NULL,NULL,NULL
97,HB1-521GD5X8X0.2,Washer (Asa Hormanization),NULL,NULL,Kit A,NULL,,,,ARF,20SM0062L,,,NULL,NULL,NULL,NULL,NULL,,,MCL,MCL,,NULL,NULL,NULL,NULL,NULL,NULL,NULL,NULL,NULL,NULL,NULL
98,HB1-521GD5X8X0.1,Washer (Asa Hormanization),NULL,NULL,Kit A,NULL,,,,ARF,20SM0062L,,,NULL,NULL,NULL,NULL,NULL,,,MCL,MCL,,NULL,NULL,NULL,NULL,NULL,NULL,NULL,NULL,NULL,NULL,NULL
99,HB1-521-10X20X0.3,Washer (?=0~2.5),NULL,NULL,Kit A,NULL,,,,ARF,#N/A,,,NULL,NULL,NULL,NULL,NULL,,,MCL,MCL,,NULL,NULL,NULL,NULL,NULL,NULL,NULL,NULL,NULL,NULL,NULL
100,HB1-125-6X28X2.5,Taper Pin,NULL,NULL,Kit A,NULL,,,,ARF,01MS0350L,,,NULL,NULL,NULL,NULL,NULL,,,MCL,MCL,,NULL,NULL,NULL,NULL,NULL,NULL,NULL,NULL,NULL,NULL,NULL
101,GJB121.6.1.8X28,Bolt,NULL,NULL,Kit A,NULL,,,,ARF,21MS0577L,,,NULL,NULL,NULL,NULL,NULL,,,MCL,MCL,,NULL,NULL,NULL,NULL,NULL,NULL,NULL,NULL,NULL,NULL,NULL
102,GJB121.5.1.5X22,Bolt,NULL,NULL,Kit A,NULL,,,,ARF,21MS0576L,,,NULL,NULL,NULL,NULL,NULL,,,MCL,MCL,,NULL,NULL,NULL,NULL,NULL,NULL,NULL,NULL,NULL,NULL,NULL
103,GJB121.12.2.4X22,Bolt,NULL,NULL,Kit A,NULL,,MS,,ARF,21MS0476L,,,NULL,NULL,NULL,NULL,NULL,,,MCL,MCL,,NULL,NULL,NULL,NULL,NULL,NULL,NULL,NULL,NULL,NULL,NULL
104,GJB121.1.3.6X28X3,Bolt,NULL,NULL,Kit A,NULL,,,,ARF,17MS0105L,,,NULL,NULL,NULL,NULL,NULL,,,MCL,MCL,,NULL,NULL,NULL,NULL,NULL,NULL,NULL,NULL,NULL,NULL,NULL
105,GB91-86-2X30,Cotter Pin,NULL,NULL,Kit A,NULL,,,,ARF,15MS0199L,,,NULL,NULL,NULL,NULL,NULL,,,MCL,MCL,,NULL,NULL,NULL,NULL,NULL,NULL,NULL,NULL,NULL,NULL,NULL
106,GB91-4X60,Splitpin ,NULL,NULL,Kit A,NULL,,,,ARF,14MS0172L,,,NULL,NULL,NULL,NULL,NULL,,,MCL,MCL,,NULL,NULL,NULL,NULL,NULL,NULL,NULL,NULL,NULL,NULL,NULL
107,GB91-3X61,Splitpin ,NULL,NULL,Kit A,NULL,,,,ARF,14MS0170L,,,NULL,NULL,NULL,NULL,NULL,,,MCL,MCL,,NULL,NULL,NULL,NULL,NULL,NULL,NULL,NULL,NULL,NULL,NULL
108,GB91-3X60(1Cr18Ni9Ti),Splitpin ,NULL,NULL,Kit A,NULL,,,,ARF,14MS0169L,,,NULL,NULL,NULL,NULL,NULL,,,MCL,MCL,,NULL,NULL,NULL,NULL,NULL,NULL,NULL,NULL,NULL,NULL,NULL
109,GB91-3X60,Splitpin ,NULL,NULL,Kit A,NULL,,,,ARF,21MS0438N,,,NULL,NULL,NULL,NULL,NULL,,,MCL,MCL,,NULL,NULL,NULL,NULL,NULL,NULL,NULL,NULL,NULL,NULL,NULL
110,GB91-3X50(1Cr18Ni9Ti),Splitpin ,NULL,NULL,Kit A,NULL,,,,ARF,19MS0083L,,,NULL,NULL,NULL,NULL,NULL,,,MCL,MCL,,NULL,NULL,NULL,NULL,NULL,NULL,NULL,NULL,NULL,NULL,NULL
111,GB91-3X45,Splitpin ,NULL,NULL,Kit A,NULL,,,,ARF,21MS0436N,,,NULL,NULL,NULL,NULL,NULL,,,MCL,MCL,,NULL,NULL,NULL,NULL,NULL,NULL,NULL,NULL,NULL,NULL,NULL
112,GB91-3X40(1Cr18Ni9Ti),Splitpin ,NULL,NULL,Kit A,NULL,,,,ARF,15MS0191L,,,NULL,NULL,NULL,NULL,NULL,,,MCL,MCL,,NULL,NULL,NULL,NULL,NULL,NULL,NULL,NULL,NULL,NULL,NULL
113,GB91-3.2X45,Split Pin,NULL,NULL,Kit A,NULL,,,,ARF,19MS0456L,,,NULL,NULL,NULL,NULL,NULL,,,MCL,MCL,,NULL,NULL,NULL,NULL,NULL,NULL,NULL,NULL,NULL,NULL,NULL
114,GB91-3.2X36,Split Pin,NULL,NULL,Kit A,NULL,,,,ARF,18MS0567L,,,NULL,NULL,NULL,NULL,NULL,,,MCL,MCL,,NULL,NULL,NULL,NULL,NULL,NULL,NULL,NULL,NULL,NULL,NULL
115,GB91-2X30,Split Pin,NULL,NULL,Kit A,NULL,,,,ARF,15MS0199L,,,NULL,NULL,NULL,NULL,NULL,,,MCL,MCL,,NULL,NULL,NULL,NULL,NULL,NULL,NULL,NULL,NULL,NULL,NULL
116,GB91-2X25,Split Pin,NULL,NULL,Kit A,NULL,,,,ARF,15MS0200L,,,NULL,NULL,NULL,NULL,NULL,,,MCL,MCL,,NULL,NULL,NULL,NULL,NULL,NULL,NULL,NULL,NULL,NULL,NULL
117,GB91-2X22,Split Pin,NULL,NULL,Kit A,NULL,,,,ARF,17MS0697L,,,NULL,NULL,NULL,NULL,NULL,,,MCL,MCL,,NULL,NULL,NULL,NULL,NULL,NULL,NULL,NULL,NULL,NULL,NULL
118,GB91-2X20-ZND,Cotter Pin,NULL,NULL,Kit A,NULL,,,,ARF,16MS0053L,,,NULL,NULL,NULL,NULL,NULL,,,MCL,MCL,,NULL,NULL,NULL,NULL,NULL,NULL,NULL,NULL,NULL,NULL,NULL
119,GB91-2X16-1CR18NI9TI,Cotter Pin,NULL,NULL,Kit A,NULL,,,,ARF,16MS0052L,,,NULL,NULL,NULL,NULL,NULL,,,MCL,MCL,,NULL,NULL,NULL,NULL,NULL,NULL,NULL,NULL,NULL,NULL,NULL
120,GB91-2X16,Cotter Pin,NULL,NULL,Kit A,NULL,,,,ARF,16MS0052L,,,NULL,NULL,NULL,NULL,NULL,,,MCL,MCL,,NULL,NULL,NULL,NULL,NULL,NULL,NULL,NULL,NULL,NULL,NULL
121,GB91-2X12,Split Pin,NULL,NULL,Kit A,NULL,,,,ARF,18MS0070L,,,NULL,NULL,NULL,NULL,NULL,,,MCL,MCL,,NULL,NULL,NULL,NULL,NULL,NULL,NULL,NULL,NULL,NULL,NULL
122,GB91-2.5X50,Split Pin,NULL,NULL,Kit A,NULL,,,,ARF,18MS0302L,,,NULL,NULL,NULL,NULL,NULL,,,MCL,MCL,,NULL,NULL,NULL,NULL,NULL,NULL,NULL,NULL,NULL,NULL,NULL
123,GB91-2.5X32,Split Pin,NULL,NULL,Kit A,NULL,,,,ARF,18MS0558L,,,NULL,NULL,NULL,NULL,NULL,,,MCL,MCL,,NULL,NULL,NULL,NULL,NULL,NULL,NULL,NULL,NULL,NULL,NULL
124,GB91-2.5X30(1Cr18Ni9Ti),Split Pin,NULL,NULL,Kit A,NULL,,,,ARF,15MS0192L,,,NULL,NULL,NULL,NULL,NULL,,,MCL,MCL,,NULL,NULL,NULL,NULL,NULL,NULL,NULL,NULL,NULL,NULL,NULL
125,GB91-2.5X25(1Cr18Ni9Ti),Split Pin,NULL,NULL,Kit A,NULL,,,,ARF,19MS0477L,,,NULL,NULL,NULL,NULL,NULL,,,MCL,MCL,,NULL,NULL,NULL,NULL,NULL,NULL,NULL,NULL,NULL,NULL,NULL
126,GB91.2.5X24,Split Pin,NULL,NULL,Kit A,NULL,,,,ARF,14MS0154L,,,NULL,NULL,NULL,NULL,NULL,,,MCL,MCL,,NULL,NULL,NULL,NULL,NULL,NULL,NULL,NULL,NULL,NULL,NULL
127,GB91.2.5X20,Split Pin,NULL,NULL,Kit A,NULL,,,,ARF,14MS0153L,,,NULL,NULL,NULL,NULL,NULL,,,MCL,MCL,,NULL,NULL,NULL,NULL,NULL,NULL,NULL,NULL,NULL,NULL,NULL
128,GB91-1X6,Split Pin,NULL,NULL,Kit A,NULL,,,,ARF,19MS0478L,,,NULL,NULL,NULL,NULL,NULL,,,MCL,MCL,,NULL,NULL,NULL,NULL,NULL,NULL,NULL,NULL,NULL,NULL,NULL
129,GB91-1X12,Split Pin,NULL,NULL,Kit A,NULL,,,,ARF,14MS0150L,,,NULL,NULL,NULL,NULL,NULL,,,MCL,MCL,,NULL,NULL,NULL,NULL,NULL,NULL,NULL,NULL,NULL,NULL,NULL
130,GB91-1.6X8,Cotter Pin,NULL,NULL,Kit A,NULL,,,,ARF,18MS0569L,,,NULL,NULL,NULL,NULL,NULL,,,MCL,MCL,,NULL,NULL,NULL,NULL,NULL,NULL,NULL,NULL,NULL,NULL,NULL
131,GB91-1.6X8-1CR18NI9TI,Split Pin,NULL,NULL,Kit A,NULL,,,,ARF,18MS0569L,,,NULL,NULL,NULL,NULL,NULL,,,MCL,MCL,,NULL,NULL,NULL,NULL,NULL,NULL,NULL,NULL,NULL,NULL,NULL
132,GB91-1.6X24,Cotter Pin,NULL,NULL,Kit A,NULL,,,,ARF,14MS0147L,,,NULL,NULL,NULL,NULL,NULL,,,MCL,MCL,,NULL,NULL,NULL,NULL,NULL,NULL,NULL,NULL,NULL,NULL,NULL
133,GB91-1.6X20-1CR18NI9TI,Cotter Pin,NULL,NULL,Kit A,NULL,,,,ARF,18MS0559L,,,NULL,NULL,NULL,NULL,NULL,,,MCL,MCL,,NULL,NULL,NULL,NULL,NULL,NULL,NULL,NULL,NULL,NULL,NULL
134,GB91-1.6X20,Split Pin,NULL,NULL,Kit A,NULL,,,,ARF,18MS0075L,,,NULL,NULL,NULL,NULL,NULL,,,MCL,MCL,,NULL,NULL,NULL,NULL,NULL,NULL,NULL,NULL,NULL,NULL,NULL
135,GB91-1.6X18,Cotter Pin,NULL,NULL,Kit A,NULL,,,,ARF,17MS0618L,,,NULL,NULL,NULL,NULL,NULL,,,MCL,MCL,,NULL,NULL,NULL,NULL,NULL,NULL,NULL,NULL,NULL,NULL,NULL
136,GB91-1.6X16,Split Pin,NULL,NULL,Kit A,NULL,,,,ARF,14MS0145L,,,NULL,NULL,NULL,NULL,NULL,,,MCL,MCL,,NULL,NULL,NULL,NULL,NULL,NULL,NULL,NULL,NULL,NULL,NULL
137,GB91.1.6X15,Split Pin,NULL,NULL,Kit A,NULL,,,,ARF,14MS0144L,,,NULL,NULL,NULL,NULL,NULL,,,MCL,MCL,,NULL,NULL,NULL,NULL,NULL,NULL,NULL,NULL,NULL,NULL,NULL
138,GB91-1.6X10,Cotter Pin,NULL,NULL,Kit A,NULL,,,,ARF,19MS0026L,,,NULL,NULL,NULL,NULL,NULL,,,MCL,MCL,,NULL,NULL,NULL,NULL,NULL,NULL,NULL,NULL,NULL,NULL,NULL
139,GB91-1.5X24,Split Pin,NULL,NULL,Kit A,NULL,,,,ARF,18MS0366L,,,NULL,NULL,NULL,NULL,NULL,,,MCL,MCL,,NULL,NULL,NULL,NULL,NULL,NULL,NULL,NULL,NULL,NULL,NULL
140,GB91-1.5X22,Split Pin,NULL,NULL,Kit A,NULL,,,,ARF,18MS0568L,,,NULL,NULL,NULL,NULL,NULL,,,MCL,MCL,,NULL,NULL,NULL,NULL,NULL,NULL,NULL,NULL,NULL,NULL,NULL
141,GB91-1.5X20,Split Pin,NULL,NULL,Kit A,NULL,,,,ARF,15MS0201L,,,NULL,NULL,NULL,NULL,NULL,,,MCL,MCL,,NULL,NULL,NULL,NULL,NULL,NULL,NULL,NULL,NULL,NULL,NULL
142,GB91-1.5X16,Split Pin,NULL,NULL,Kit A,NULL,,,,ARF,19MS0454L,,,NULL,NULL,NULL,NULL,NULL,,,MCL,MCL,,NULL,NULL,NULL,NULL,NULL,NULL,NULL,NULL,NULL,NULL,NULL
143,GB91-1.2X18,Split Pin,NULL,NULL,Kit A,NULL,,,,ARF,18MS0557L,,,NULL,NULL,NULL,NULL,NULL,,,MCL,MCL,,NULL,NULL,NULL,NULL,NULL,NULL,NULL,NULL,NULL,NULL,NULL
144,GB91.3X40.1Cr18Ni9Ti,Split Pin,NULL,NULL,Kit A,NULL,,,,ARF,14MS0165L,,,NULL,NULL,NULL,NULL,NULL,,,MCL,MCL,,NULL,NULL,NULL,NULL,NULL,NULL,NULL,NULL,NULL,NULL,NULL
145,GB91-3X35,Cotter Pin,NULL,NULL,Kit A,NULL,,,,ARF,14MS0164L,,,NULL,NULL,NULL,NULL,NULL,,,MCL,MCL,,NULL,NULL,NULL,NULL,NULL,NULL,NULL,NULL,NULL,NULL,NULL
146,GB91.2X20,Split Pin,NULL,NULL,Kit A,NULL,,,,ARF,14MS0161L,,,NULL,NULL,NULL,NULL,NULL,,,MCL,MCL,,NULL,NULL,NULL,NULL,NULL,NULL,NULL,NULL,NULL,NULL,NULL
147,GB91.2.5X30.1Cr18Ni9Ti,Split Pin,NULL,NULL,Kit A,NULL,,,,ARF,14MS0157L,,,NULL,NULL,NULL,NULL,NULL,,,MCL,MCL,,NULL,NULL,NULL,NULL,NULL,NULL,NULL,NULL,NULL,NULL,NULL
148,GB91.2.5X25.1Cr18Ni9Ti,Split Pin,NULL,NULL,Kit A,NULL,,,,ARF,14MS0156L,,,NULL,NULL,NULL,NULL,NULL,,,MCL,MCL,,NULL,NULL,NULL,NULL,NULL,NULL,NULL,NULL,NULL,NULL,NULL
149,GB91.1X15,Split Pin,NULL,NULL,Kit A,NULL,,,,ARF,14MS0151L,,,NULL,NULL,NULL,NULL,NULL,,,MCL,MCL,,NULL,NULL,NULL,NULL,NULL,NULL,NULL,NULL,NULL,NULL,NULL
150,GB91.1.6X8-1Cr18Ni9Ti,Split Pin,NULL,NULL,Kit A,NULL,,,,ARF,14MS0149L,,,NULL,NULL,NULL,NULL,NULL,,,MCL,MCL,,NULL,NULL,NULL,NULL,NULL,NULL,NULL,NULL,NULL,NULL,NULL
151,GB91-1.6X15,Split Pin,NULL,NULL,Kit A,NULL,,,,ARF,15MS0235N,,,NULL,NULL,NULL,NULL,NULL,,,MCL,MCL,,NULL,NULL,NULL,NULL,NULL,NULL,NULL,NULL,NULL,NULL,NULL
152,GB91.1.5X8,Split Pin,NULL,NULL,Kit A,NULL,,,,ARF,14MS0143L,,,NULL,NULL,NULL,NULL,NULL,,,MCL,MCL,,NULL,NULL,NULL,NULL,NULL,NULL,NULL,NULL,NULL,NULL,NULL
153,GB91.1.2x22,Split Pin,NULL,NULL,Kit A,NULL,,,,ARF,18MS0568L,,,NULL,NULL,NULL,NULL,NULL,,,MCL,MCL,,NULL,NULL,NULL,NULL,NULL,NULL,NULL,NULL,NULL,NULL,NULL
154,GB91.1.2X20,Cotter Pin,NULL,NULL,Kit A,NULL,,,,ARF,14MS0141L,,,NULL,NULL,NULL,NULL,NULL,,,MCL,MCL,,NULL,NULL,NULL,NULL,NULL,NULL,NULL,NULL,NULL,NULL,NULL
155,GB862.1-5-65MN-SN,Washer ,NULL,NULL,Kit A,NULL,,,,ARF,99SM2614N,,,NULL,NULL,NULL,NULL,NULL,,,MCL,MCL,,NULL,NULL,NULL,NULL,NULL,NULL,NULL,NULL,NULL,NULL,NULL
156,GB862.1-5-65MN,Washer,NULL,NULL,Kit A,NULL,,,,ARF,99SM2614N,,,NULL,NULL,NULL,NULL,NULL,,,MCL,MCL,,NULL,NULL,NULL,NULL,NULL,NULL,NULL,NULL,NULL,NULL,NULL
157,GB862.1-4-65MN,Washer ,NULL,NULL,Kit A,NULL,,,,ARF,00SM1497L,,,NULL,NULL,NULL,NULL,NULL,,,MCL,MCL,,NULL,NULL,NULL,NULL,NULL,NULL,NULL,NULL,NULL,NULL,NULL
158,GB819.1M3X8,Ufcp Screw,NULL,NULL,Kit A,NULL,,,,ARF,21MS0274L,,,NULL,NULL,NULL,NULL,NULL,,,MCL,MCL,,NULL,NULL,NULL,NULL,NULL,NULL,NULL,NULL,NULL,NULL,NULL
159,HB4-57J3-53,Washer,NULL,NULL,Kit A,NULL,,RP,,ARF,21RP0116N,,,NULL,NULL,NULL,NULL,NULL,,,MCL,MCL,,NULL,NULL,NULL,NULL,NULL,NULL,NULL,NULL,NULL,NULL,NULL
160,GB119-D3X20-C,Stop Pin,NULL,NULL,Kit A,NULL,,,,ARF,21MS0145L,,,NULL,NULL,NULL,NULL,NULL,,,MCL,MCL,,NULL,NULL,NULL,NULL,NULL,NULL,NULL,NULL,NULL,NULL,NULL
161,GB119-D2X10-45,Pin,NULL,NULL,Kit A,NULL,,,,ARF,16MS0019L,,,NULL,NULL,NULL,NULL,NULL,,,MCL,MCL,,NULL,NULL,NULL,NULL,NULL,NULL,NULL,NULL,NULL,NULL,NULL
162,GB119.D2.5X20.45,Pin,NULL,NULL,Kit A,NULL,,,,ARF,21MS0566N,,,NULL,NULL,NULL,NULL,NULL,,,MCL,MCL,,NULL,NULL,NULL,NULL,NULL,NULL,NULL,NULL,NULL,NULL,NULL
163,DD-FC1-96011-1220,Pipe,NULL,NULL,Kit A,NULL,,,,ARF,18IN0502L,,,NULL,NULL,NULL,NULL,NULL,,,MCL,MCL,,NULL,NULL,NULL,NULL,NULL,NULL,NULL,NULL,NULL,NULL,NULL
164,DD-FC1-96011-1190,Pipe,NULL,NULL,Kit A,NULL,,,,ARF,18IN0504L,,,NULL,NULL,NULL,NULL,NULL,,,MCL,MCL,,NULL,NULL,NULL,NULL,NULL,NULL,NULL,NULL,NULL,NULL,NULL
165,DD-FC1-96011-1170,Pipe,NULL,NULL,Kit A,NULL,,,,ARF,18IN0486L,,,NULL,NULL,NULL,NULL,NULL,,,MCL,MCL,,NULL,NULL,NULL,NULL,NULL,NULL,NULL,NULL,NULL,NULL,NULL
166,DD-FC1-96011-1160,Pipe,NULL,NULL,Kit A,NULL,,,,ARF,18IN0493L,,,NULL,NULL,NULL,NULL,NULL,,,MCL,MCL,,NULL,NULL,NULL,NULL,NULL,NULL,NULL,NULL,NULL,NULL,NULL
167,DD-FC1-96011-1150,Pipe,NULL,NULL,Kit A,NULL,,,,ARF,18IN0492L,,,NULL,NULL,NULL,NULL,NULL,,,MCL,MCL,,NULL,NULL,NULL,NULL,NULL,NULL,NULL,NULL,NULL,NULL,NULL
168,DD-FC1-96011-1140,Pipe,NULL,NULL,Kit A,NULL,,,,ARF,18IN0498L,,,NULL,NULL,NULL,NULL,NULL,,,MCL,MCL,,NULL,NULL,NULL,NULL,NULL,NULL,NULL,NULL,NULL,NULL,NULL
169,DD-FC1-96011-1130,Pipe,NULL,NULL,Kit A,NULL,,,,ARF,18IN0489L,,,NULL,NULL,NULL,NULL,NULL,,,MCL,MCL,,NULL,NULL,NULL,NULL,NULL,NULL,NULL,NULL,NULL,NULL,NULL
170,DD-FC1-96011-1120,Pipe,NULL,NULL,Kit A,NULL,,,,ARF,18IN0507L,,,NULL,NULL,NULL,NULL,NULL,,,MCL,MCL,,NULL,NULL,NULL,NULL,NULL,NULL,NULL,NULL,NULL,NULL,NULL
171,DD-FC1-96011-1110,Pipe,NULL,NULL,Kit A,NULL,,,,ARF,18IN0484L,,,NULL,NULL,NULL,NULL,NULL,,,MCL,MCL,,NULL,NULL,NULL,NULL,NULL,NULL,NULL,NULL,NULL,NULL,NULL
172,DD-FC1-96011-1090,Pipe,NULL,NULL,Kit A,NULL,,,,ARF,18IN0501L,,,NULL,NULL,NULL,NULL,NULL,,,MCL,MCL,,NULL,NULL,NULL,NULL,NULL,NULL,NULL,NULL,NULL,NULL,NULL
173,DD-FC1-96011-1080,Pipe,NULL,NULL,Kit A,NULL,,,,ARF,18IN0506L,,,NULL,NULL,NULL,NULL,NULL,,,MCL,MCL,,NULL,NULL,NULL,NULL,NULL,NULL,NULL,NULL,NULL,NULL,NULL
174,DD-FC1-96011-1070,Pipe,NULL,NULL,Kit A,NULL,,,,ARF,18IN0491L,,,NULL,NULL,NULL,NULL,NULL,,,MCL,MCL,,NULL,NULL,NULL,NULL,NULL,NULL,NULL,NULL,NULL,NULL,NULL
175,DD-FC1-96011-1060,Pipe,NULL,NULL,Kit A,NULL,,,,ARF,18IN0485L,,,NULL,NULL,NULL,NULL,NULL,,,MCL,MCL,,NULL,NULL,NULL,NULL,NULL,NULL,NULL,NULL,NULL,NULL,NULL
176,DD-FC1-96011-1050,Pipe,NULL,NULL,Kit A,NULL,,,,ARF,18IN0505L,,,NULL,NULL,NULL,NULL,NULL,,,MCL,MCL,,NULL,NULL,NULL,NULL,NULL,NULL,NULL,NULL,NULL,NULL,NULL
177,DD-FC1-96011-1040,Pipe,NULL,NULL,Kit A,NULL,,,,ARF,18IN0488L,,,NULL,NULL,NULL,NULL,NULL,,,MCL,MCL,,NULL,NULL,NULL,NULL,NULL,NULL,NULL,NULL,NULL,NULL,NULL
178,DD-FC1-96011-1030,Pipe,NULL,NULL,Kit A,NULL,,,,ARF,18IN0490L,,,NULL,NULL,NULL,NULL,NULL,,,MCL,MCL,,NULL,NULL,NULL,NULL,NULL,NULL,NULL,NULL,NULL,NULL,NULL
179,DD-FC1-96011-1020,Pipe,NULL,NULL,Kit A,NULL,,,,ARF,18IN0500L,,,NULL,NULL,NULL,NULL,NULL,,,MCL,MCL,,NULL,NULL,NULL,NULL,NULL,NULL,NULL,NULL,NULL,NULL,NULL
180,DD-FC1-96011-1010,Pipe,NULL,NULL,Kit A,NULL,,,,ARF,18IN0496L,,,NULL,NULL,NULL,NULL,NULL,,,MCL,MCL,,NULL,NULL,NULL,NULL,NULL,NULL,NULL,NULL,NULL,NULL,NULL
181,DD-FC1-94061-3,Sealing Ring,NULL,NULL,Kit A,NULL,,,,ARF,20RP0120L,,,NULL,NULL,NULL,NULL,NULL,,,MCL,MCL,,NULL,NULL,NULL,NULL,NULL,NULL,NULL,NULL,NULL,NULL,NULL
182,DD-FC1-94061-290G1,Pipe,NULL,NULL,Kit A,NULL,,,,ARF,18DP0668L,,,NULL,NULL,NULL,NULL,NULL,,,MCL,MCL,,NULL,NULL,NULL,NULL,NULL,NULL,NULL,NULL,NULL,NULL,NULL
183,DD-FC1-94061-200-2,Pipe,NULL,NULL,Kit A,NULL,,,,ARF,21DP0186S,,,NULL,NULL,NULL,NULL,NULL,,,MCL,MCL,,NULL,NULL,NULL,NULL,NULL,NULL,NULL,NULL,NULL,NULL,NULL
184,DD-FC1-94061-200-1,Pipe,NULL,NULL,Kit A,NULL,,,,ARF,18DP0669L,,,NULL,NULL,NULL,NULL,NULL,,,MCL,MCL,,NULL,NULL,NULL,NULL,NULL,NULL,NULL,NULL,NULL,NULL,NULL
185,DD-FC1-94061-190G1,Pipe,NULL,NULL,Kit A,NULL,,,,ARF,18DP0664L,,,NULL,NULL,NULL,NULL,NULL,,,MCL,MCL,,NULL,NULL,NULL,NULL,NULL,NULL,NULL,NULL,NULL,NULL,NULL
186,DD-FC1-94061-105,Rubber Pad,NULL,NULL,Kit A,NULL,,,,ARF,20RP0116L,,,NULL,NULL,NULL,NULL,NULL,,,MCL,MCL,,NULL,NULL,NULL,NULL,NULL,NULL,NULL,NULL,NULL,NULL,NULL
187,DD-FC1-94061-104,Sealing Washer,NULL,NULL,Kit A,NULL,,,,ARF,19RP0181L,,,NULL,NULL,NULL,NULL,NULL,,,MCL,MCL,,NULL,NULL,NULL,NULL,NULL,NULL,NULL,NULL,NULL,NULL,NULL
188,DD-FC1-94061-103,Rubber Pad,NULL,NULL,Kit A,NULL,,,,ARF,20RP0112L,,,NULL,NULL,NULL,NULL,NULL,,,MCL,MCL,,NULL,NULL,NULL,NULL,NULL,NULL,NULL,NULL,NULL,NULL,NULL
189,DD-FC1-94061-100-2,Pipe,NULL,NULL,Kit A,NULL,,,,ARF,21DP0468S,,,NULL,NULL,NULL,NULL,NULL,,,MCL,MCL,,NULL,NULL,NULL,NULL,NULL,NULL,NULL,NULL,NULL,NULL,NULL
190,DD-FC1-94061-100-1,Pipe,NULL,NULL,Kit A,NULL,,,,ARF,21DP0525S,,,NULL,NULL,NULL,NULL,NULL,,,MCL,MCL,,NULL,NULL,NULL,NULL,NULL,NULL,NULL,NULL,NULL,NULL,NULL
191,DD-FC1-94061-0-1,Pipe,NULL,NULL,Kit A,NULL,,,,ARF,21DP0602S,,,NULL,NULL,NULL,NULL,NULL,,,MCL,MCL,,NULL,NULL,NULL,NULL,NULL,NULL,NULL,NULL,NULL,NULL,NULL
192,DD-FC1-94051-8G1,Sealing Pad,NULL,NULL,Kit A,NULL,,,,ARF,21RP0043L,,,NULL,NULL,NULL,NULL,NULL,,,MCL,MCL,,NULL,NULL,NULL,NULL,NULL,NULL,NULL,NULL,NULL,NULL,NULL
193,DD-FC1-94051-7,Sealing Pad,NULL,NULL,Kit A,NULL,,,,ARF,18RP0628L,,,NULL,NULL,NULL,NULL,NULL,,,MCL,MCL,,NULL,NULL,NULL,NULL,NULL,NULL,NULL,NULL,NULL,NULL,NULL
194,DD-FC1-94051-515G1,Gasket,NULL,NULL,Kit A,NULL,,,,ARF,21SM0793L,,,NULL,NULL,NULL,NULL,NULL,,,MCL,MCL,,NULL,NULL,NULL,NULL,NULL,NULL,NULL,NULL,NULL,NULL,NULL
195,DD-FC1-94051-514G1,Gasket,NULL,NULL,Kit A,NULL,,RP,,ARF,22RP0411L,,,NULL,NULL,NULL,NULL,NULL,,,MCL,MCL,,NULL,NULL,NULL,NULL,NULL,NULL,NULL,NULL,NULL,NULL,NULL
196,DD-FC1-94051-1,Sealing Pad,NULL,NULL,Kit A,NULL,,,,ARF,19RP0180L,,,NULL,NULL,NULL,NULL,NULL,,,MCL,MCL,,NULL,NULL,NULL,NULL,NULL,NULL,NULL,NULL,NULL,NULL,NULL
197,DD-FC1-94031-401,Rubber Ring,NULL,NULL,Kit A,NULL,,,,ARF,19RP0179L,,,NULL,NULL,NULL,NULL,NULL,,,MCL,MCL,,NULL,NULL,NULL,NULL,NULL,NULL,NULL,NULL,NULL,NULL,NULL
198,DD-FC1-94031-101,Rubber Ring,NULL,NULL,Kit A,NULL,,,,ARF,19RP0178L,,,NULL,NULL,NULL,NULL,NULL,,,MCL,MCL,,NULL,NULL,NULL,NULL,NULL,NULL,NULL,NULL,NULL,NULL,NULL
199,DD-FC1-94031-0-8,Pipe,NULL,NULL,Kit A,NULL,,,,ARF,21DP0604S,,,NULL,NULL,NULL,NULL,NULL,,,MCL,MCL,,NULL,NULL,NULL,NULL,NULL,NULL,NULL,NULL,NULL,NULL,NULL
200,DD-FC1-94031-0-7,Pipe,NULL,NULL,Kit A,NULL,,,,ARF,17DP0470S,,,NULL,NULL,NULL,NULL,NULL,,,MCL,MCL,,NULL,NULL,NULL,NULL,NULL,NULL,NULL,NULL,NULL,NULL,NULL
201,DD-FC1-94031-0-6,Pipe,NULL,NULL,Kit A,NULL,,,,ARF,17DP0467S,,,NULL,NULL,NULL,NULL,NULL,,,MCL,MCL,,NULL,NULL,NULL,NULL,NULL,NULL,NULL,NULL,NULL,NULL,NULL
202,DD-FC1-94031-0-5,Pipe,NULL,NULL,Kit A,NULL,,,,ARF,17DP0468S,,,NULL,NULL,NULL,NULL,NULL,,,MCL,MCL,,NULL,NULL,NULL,NULL,NULL,NULL,NULL,NULL,NULL,NULL,NULL
203,DD-FC1-94031-0-4,Pipe,NULL,NULL,Kit A,NULL,,,,ARF,21DP0603S,,,NULL,NULL,NULL,NULL,NULL,,,MCL,MCL,,NULL,NULL,NULL,NULL,NULL,NULL,NULL,NULL,NULL,NULL,NULL
204,DD-FC1-94031-0-3,Pipe,NULL,NULL,Kit A,NULL,,,,ARF,17DP0471S,,,NULL,NULL,NULL,NULL,NULL,,,MCL,MCL,,NULL,NULL,NULL,NULL,NULL,NULL,NULL,NULL,NULL,NULL,NULL
205,DD-FC1-94031-0-1,Pipe,NULL,NULL,Kit A,NULL,,,,ARF,17DP0465S,,,NULL,NULL,NULL,NULL,NULL,,,MCL,MCL,,NULL,NULL,NULL,NULL,NULL,NULL,NULL,NULL,NULL,NULL,NULL
206,DD-FC1-94021-714,Sealing Ring,NULL,NULL,Kit A,NULL,,,,ARF,21RP0681L,,,NULL,NULL,NULL,NULL,NULL,,,MCL,MCL,,NULL,NULL,NULL,NULL,NULL,NULL,NULL,NULL,NULL,NULL,NULL
207,DD-FC1-94021-616,Sealing Ring,NULL,NULL,Kit A,NULL,,,,ARF,21RP0680L,,,NULL,NULL,NULL,NULL,NULL,,,MCL,MCL,,NULL,NULL,NULL,NULL,NULL,NULL,NULL,NULL,NULL,NULL,NULL
208,DD-FC1-94021-615,Sealing Ring,NULL,NULL,Kit A,NULL,,,,ARF,21RP0584L,,,NULL,NULL,NULL,NULL,NULL,,,MCL,MCL,,NULL,NULL,NULL,NULL,NULL,NULL,NULL,NULL,NULL,NULL,NULL
209,DD-FC1-94021-515,Sealing Ring,NULL,NULL,Kit A,NULL,,,,ARF,21RP0679L,,,NULL,NULL,NULL,NULL,NULL,,,MCL,MCL,,NULL,NULL,NULL,NULL,NULL,NULL,NULL,NULL,NULL,NULL,NULL
210,DD-FC1-94021-320,Corrugated Hose,NULL,NULL,ADIC TASKED,NULL,,TMS,,ARF,0,,,NULL,NULL,NULL,NULL,NULL,,,Beyond Capability,BEYOND CAP,Under Trial Test,NULL,NULL,NULL,NULL,NULL,NULL,NULL,NULL,NULL,NULL,NULL
211,DD-FC1-94021-310,Corrugated Hose,NULL,NULL,ADIC TASKED,NULL,,TMS,,ARF,0,,,NULL,NULL,NULL,NULL,NULL,,,Beyond Capability,BEYOND CAP,Under Trial Test,NULL,NULL,NULL,NULL,NULL,NULL,NULL,NULL,NULL,NULL,NULL
212,DD-FC1-94021-242,Sealing Ring,NULL,NULL,Kit A,NULL,,,,ARF,21RP0678L,,,NULL,NULL,NULL,NULL,NULL,,,MCL,MCL,,NULL,NULL,NULL,NULL,NULL,NULL,NULL,NULL,NULL,NULL,NULL
213,DD-FC1-94021-222,Sealing Ring,NULL,NULL,Kit A,NULL,,,,ARF,21RP0677L,,,NULL,NULL,NULL,NULL,NULL,,,MCL,MCL,,NULL,NULL,NULL,NULL,NULL,NULL,NULL,NULL,NULL,NULL,NULL
214,DD-FC1-94021-0-6,Pipe,NULL,NULL,Kit A,NULL,,,,ARF,21DP0029S,,,NULL,NULL,NULL,NULL,NULL,,,MCL,MCL,,NULL,NULL,NULL,NULL,NULL,NULL,NULL,NULL,NULL,NULL,NULL
215,DD-FC1-94021-0-5,Pipe,NULL,NULL,Kit A,NULL,,,,ARF,21DP0028S,,,NULL,NULL,NULL,NULL,NULL,,,MCL,MCL,,NULL,NULL,NULL,NULL,NULL,NULL,NULL,NULL,NULL,NULL,NULL
216,DD-FC1-94021-0-1,Pipe,NULL,NULL,Kit A,NULL,,,,ARF,17DP0510S,,,NULL,NULL,NULL,NULL,NULL,,,MCL,MCL,,NULL,NULL,NULL,NULL,NULL,NULL,NULL,NULL,NULL,NULL,NULL
217,DD-FC1-94011-8,Rubber Strip,NULL,NULL,Kit A,NULL,,,,ARF,21RP0623L,,,NULL,NULL,NULL,NULL,NULL,,,MCL,MCL,,NULL,NULL,NULL,NULL,NULL,NULL,NULL,NULL,NULL,NULL,NULL
218,DD-FC1-94011-201,Rubber Pad,NULL,NULL,Kit A,NULL,,,,ARF,19RP0177L,,,NULL,NULL,NULL,NULL,NULL,,,MCL,MCL,,NULL,NULL,NULL,NULL,NULL,NULL,NULL,NULL,NULL,NULL,NULL
219,DD-FC1-94011-1662,Rubber Ring,NULL,NULL,Kit A,NULL,,,,ARF,19RP0176L,,,NULL,NULL,NULL,NULL,NULL,,,MCL,MCL,,NULL,NULL,NULL,NULL,NULL,NULL,NULL,NULL,NULL,NULL,NULL
220,DD-FC1-94011-1,Gasket,NULL,NULL,Kit A,NULL,,,,ARF,18RP0629L,,,NULL,NULL,NULL,NULL,NULL,,,MCL,MCL,,NULL,NULL,NULL,NULL,NULL,NULL,NULL,NULL,NULL,NULL,NULL
221,DD-FC1-94011-0-2,Pipe,NULL,NULL,Kit A,NULL,,,,ARF,18DP0662L,,,NULL,NULL,NULL,NULL,NULL,,,MCL,MCL,,NULL,NULL,NULL,NULL,NULL,NULL,NULL,NULL,NULL,NULL,NULL
222,DD-FC1-94011-0-1,Pipe,NULL,NULL,Kit A,NULL,,,,ARF,18DP0663L,,,NULL,NULL,NULL,NULL,NULL,,,MCL,MCL,,NULL,NULL,NULL,NULL,NULL,NULL,NULL,NULL,NULL,NULL,NULL
223,DD-FC1-86021-1002,Spring,NULL,NULL,Kit A,NULL,,SP,,ARF,22SP0264N,,,NULL,NULL,NULL,NULL,NULL,,,MCL,MCL,,NULL,NULL,NULL,NULL,NULL,NULL,NULL,NULL,NULL,NULL,NULL
224,DD-FC1-78100-110,Discharger,NULL,NULL,Kit A,NULL,,,,ARF,21MS0709N,,,NULL,NULL,NULL,NULL,NULL,,,MCL,MCL,,NULL,NULL,NULL,NULL,NULL,NULL,NULL,NULL,NULL,NULL,NULL
225,DD-FC1-77011-801,Sealing Pad,NULL,NULL,Kit A,NULL,,,,ARF,19RP0175L,,,NULL,NULL,NULL,NULL,NULL,,,MCL,MCL,,NULL,NULL,NULL,NULL,NULL,NULL,NULL,NULL,NULL,NULL,NULL
226,DD-FC1-77011-702,Sealing Pad,NULL,NULL,Kit A,NULL,,,,ARF,19RP0174L,,,NULL,NULL,NULL,NULL,NULL,,,MCL,MCL,,NULL,NULL,NULL,NULL,NULL,NULL,NULL,NULL,NULL,NULL,NULL
227,DD-FC1-77011-510,Earth Wire,NULL,NULL,Kit A,NULL,,,,ARF,21SM0162L,,,NULL,NULL,NULL,NULL,NULL,,,MCL,MCL,,NULL,NULL,NULL,NULL,NULL,NULL,NULL,NULL,NULL,NULL,NULL
228,DD-FC1-77011-1110,Earth Wire,NULL,NULL,Kit A,NULL,,,,ARF,21SM0161L,,,NULL,NULL,NULL,NULL,NULL,,,MCL,MCL,,NULL,NULL,NULL,NULL,NULL,NULL,NULL,NULL,NULL,NULL,NULL
229,DD-FC1-69000-1/3,Rubber Protection Cover,NULL,NULL,Kit A,NULL,,TMS,,ARF,23RP0098L,,,NULL,NULL,NULL,NULL,NULL,,,MCL,MCL,,NULL,NULL,NULL,NULL,NULL,NULL,NULL,NULL,NULL,NULL,NULL
230,DD-FC1-69000-1/1,Rubber Protection Cover,NULL,NULL,Kit A,NULL,,,,ARF,20RP0117L,,,NULL,NULL,NULL,NULL,NULL,,,MCL,MCL,,NULL,NULL,NULL,NULL,NULL,NULL,NULL,NULL,NULL,NULL,NULL
231,DD-FC1-68191-1,Gasket,NULL,NULL,Kit A,NULL,,,,ARF,19RP0173L,,,NULL,NULL,NULL,NULL,NULL,,,MCL,MCL,,NULL,NULL,NULL,NULL,NULL,NULL,NULL,NULL,NULL,NULL,NULL
232,DD-FC1-68150-0-7,Pipe,NULL,NULL,Kit A,NULL,,,,ARF,21DP0349S,,,NULL,NULL,NULL,NULL,NULL,,,MCL,MCL,,NULL,NULL,NULL,NULL,NULL,NULL,NULL,NULL,NULL,NULL,NULL
233,DD-FC1-68150-0-5,Pipe,NULL,NULL,Kit A,NULL,,,,ARF,21DP0430S,,,NULL,NULL,NULL,NULL,NULL,,,MCL,MCL,,NULL,NULL,NULL,NULL,NULL,NULL,NULL,NULL,NULL,NULL,NULL
234,DD-FC1-68150-0-2,Pipe,NULL,NULL,Kit A,NULL,,,,ARF,21DP0432S,,,NULL,NULL,NULL,NULL,NULL,,,MCL,MCL,,NULL,NULL,NULL,NULL,NULL,NULL,NULL,NULL,NULL,NULL,NULL
235,DD-FC1-68150-0-13,Pipe,NULL,NULL,Kit A,NULL,,,,ARF,21DP0431S,,,NULL,NULL,NULL,NULL,NULL,,,MCL,MCL,,NULL,NULL,NULL,NULL,NULL,NULL,NULL,NULL,NULL,NULL,NULL
236,DD-FC1-68150-0-12,Pipe,NULL,NULL,Kit A,NULL,,,,ARF,21DP0350S,,,NULL,NULL,NULL,NULL,NULL,,,MCL,MCL,,NULL,NULL,NULL,NULL,NULL,NULL,NULL,NULL,NULL,NULL,NULL
237,DD-FC1-68142-1001,Rubber Pad,NULL,NULL,Kit A,NULL,,,,ARF,19RP0172L,,,NULL,NULL,NULL,NULL,NULL,,,MCL,MCL,,NULL,NULL,NULL,NULL,NULL,NULL,NULL,NULL,NULL,NULL,NULL
238,DD-FC1-67011-504,Bushing,NULL,NULL,Kit A,NULL,,,,ARF,21PM0663L,,,NULL,NULL,NULL,NULL,NULL,,,MCL,MCL,,NULL,NULL,NULL,NULL,NULL,NULL,NULL,NULL,NULL,NULL,NULL
239,DD-FC1-65000-605,Washer Plastic,NULL,NULL,Kit A,NULL,,,,ARF,21SM0026N,,,NULL,NULL,NULL,NULL,NULL,,,MCL,MCL,,NULL,NULL,NULL,NULL,NULL,NULL,NULL,NULL,NULL,NULL,NULL
240,DD-FC1-65000-310,Rear Sleeve,NULL,NULL,Kit A,NULL,,,,ARF,20DP0040S,,,NULL,NULL,NULL,NULL,NULL,,,MCL,MCL,,NULL,NULL,NULL,NULL,NULL,NULL,NULL,NULL,NULL,NULL,NULL
241,DD-FC1-65000-210,Sealing Gasket,NULL,NULL,Kit A,NULL,,,,ARF,19RP0170L,,,NULL,NULL,NULL,NULL,NULL,,,MCL,MCL,,NULL,NULL,NULL,NULL,NULL,NULL,NULL,NULL,NULL,NULL,NULL
242,DD-FC1-64041-400-1,Rubber Pad,NULL,NULL,Kit A,NULL,,TMS,,ARF,22RP0435N,,,NULL,NULL,NULL,NULL,NULL,,,MCL,MCL,,NULL,NULL,NULL,NULL,NULL,NULL,NULL,NULL,NULL,NULL,NULL
243,DD-FC1-62021-40/2,Pipe,NULL,NULL,Kit A,NULL,,,,ARF,18DP0690L,,,NULL,NULL,NULL,NULL,NULL,,,MCL,MCL,,NULL,NULL,NULL,NULL,NULL,NULL,NULL,NULL,NULL,NULL,NULL
244,DD-FC1-62021-40/1,Pipe,NULL,NULL,Kit A,NULL,,,,ARF,19DP0264L,,,NULL,NULL,NULL,NULL,NULL,,,MCL,MCL,,NULL,NULL,NULL,NULL,NULL,NULL,NULL,NULL,NULL,NULL,NULL
245,DD-FC1-62021-30,Pipe,NULL,NULL,Kit A,NULL,,,,ARF,21IN0372S,,,NULL,NULL,NULL,NULL,NULL,,,MCL,MCL,,NULL,NULL,NULL,NULL,NULL,NULL,NULL,NULL,NULL,NULL,NULL
246,DD-FC1-62021-20,Pipe,NULL,NULL,Kit A,NULL,,,,ARF,21IN0371S,,,NULL,NULL,NULL,NULL,NULL,,,MCL,MCL,,NULL,NULL,NULL,NULL,NULL,NULL,NULL,NULL,NULL,NULL,NULL
247,DD-FC1-62021-10/9,Pipe,NULL,NULL,Kit A,NULL,,,,ARF,18IN0497L,,,NULL,NULL,NULL,NULL,NULL,,,MCL,MCL,,NULL,NULL,NULL,NULL,NULL,NULL,NULL,NULL,NULL,NULL,NULL
248,DD-FC1-62021-10/8,Pipe,NULL,NULL,Kit A,NULL,,,,ARF,18IN0483L,,,NULL,NULL,NULL,NULL,NULL,,,MCL,MCL,,NULL,NULL,NULL,NULL,NULL,NULL,NULL,NULL,NULL,NULL,NULL
249,DD-FC1-62021-10/7,Pipe,NULL,NULL,Kit A,NULL,,,,ARF,18IN0487L,,,NULL,NULL,NULL,NULL,NULL,,,MCL,MCL,,NULL,NULL,NULL,NULL,NULL,NULL,NULL,NULL,NULL,NULL,NULL
250,DD-FC1-62021-10/6,Pipe,NULL,NULL,Kit A,NULL,,,,ARF,18IN0508L,,,NULL,NULL,NULL,NULL,NULL,,,MCL,MCL,,NULL,NULL,NULL,NULL,NULL,NULL,NULL,NULL,NULL,NULL,NULL
251,DD-FC1-62021-10/4,Pipe,NULL,NULL,Kit A,NULL,,,,ARF,18IN0499L,,,NULL,NULL,NULL,NULL,NULL,,,MCL,MCL,,NULL,NULL,NULL,NULL,NULL,NULL,NULL,NULL,NULL,NULL,NULL
252,DD-FC1-62021-10/3,Pipe,NULL,NULL,Kit A,NULL,,,,ARF,18IN0503L,,,NULL,NULL,NULL,NULL,NULL,,,MCL,MCL,,NULL,NULL,NULL,NULL,NULL,NULL,NULL,NULL,NULL,NULL,NULL
253,DD-FC1-62021-10/2,Pipe,NULL,NULL,Kit A,NULL,,,,ARF,18IN0495L,,,NULL,NULL,NULL,NULL,NULL,,,MCL,MCL,,NULL,NULL,NULL,NULL,NULL,NULL,NULL,NULL,NULL,NULL,NULL
254,DD-FC1-62021-10/1,Pipe,NULL,NULL,Kit A,NULL,,,,ARF,18IN0494L,,,NULL,NULL,NULL,NULL,NULL,,,MCL,MCL,,NULL,NULL,NULL,NULL,NULL,NULL,NULL,NULL,NULL,NULL,NULL
255,DD-FC1-62020-60/2,Pipe,NULL,NULL,Kit A,NULL,,,,ARF,17DP0459S,,,NULL,NULL,NULL,NULL,NULL,,,MCL,MCL,,NULL,NULL,NULL,NULL,NULL,NULL,NULL,NULL,NULL,NULL,NULL
256,DD-FC1-62020-60/1,Pipe,NULL,NULL,Kit A,NULL,,,,ARF,18DP0146L,,,NULL,NULL,NULL,NULL,NULL,,,MCL,MCL,,NULL,NULL,NULL,NULL,NULL,NULL,NULL,NULL,NULL,NULL,NULL
257,DD-FC1-62020-50/8,Pipe,NULL,NULL,Kit A,NULL,,,,ARF,18DP0686L,,,NULL,NULL,NULL,NULL,NULL,,,MCL,MCL,,NULL,NULL,NULL,NULL,NULL,NULL,NULL,NULL,NULL,NULL,NULL
258,DD-FC1-62020-50/7,Pipe,NULL,NULL,Kit A,NULL,,,,ARF,18DP0718L,,,NULL,NULL,NULL,NULL,NULL,,,MCL,MCL,,NULL,NULL,NULL,NULL,NULL,NULL,NULL,NULL,NULL,NULL,NULL
259,DD-FC1-62020-50/10,Pipe,NULL,NULL,Kit A,NULL,,,,ARF,19DP0263L,,,NULL,NULL,NULL,NULL,NULL,,,MCL,MCL,,NULL,NULL,NULL,NULL,NULL,NULL,NULL,NULL,NULL,NULL,NULL
260,DD-FC1-61201-702,Rubber Pad,NULL,NULL,Kit A,NULL,,,,ARF,19RP0167L,,,NULL,NULL,NULL,NULL,NULL,,,MCL,MCL,,NULL,NULL,NULL,NULL,NULL,NULL,NULL,NULL,NULL,NULL,NULL
261,DD-FC1-61201-5,Rubber Pad,NULL,NULL,Kit A,NULL,,,,ARF,19RP0166L,,,NULL,NULL,NULL,NULL,NULL,,,MCL,MCL,,NULL,NULL,NULL,NULL,NULL,NULL,NULL,NULL,NULL,NULL,NULL
262,DD-FC1-61201-4,Pipe,NULL,NULL,Kit A,NULL,,,,ARF,18DP0145L,,,NULL,NULL,NULL,NULL,NULL,,,MCL,MCL,,NULL,NULL,NULL,NULL,NULL,NULL,NULL,NULL,NULL,NULL,NULL
263,DD-FC1-61201-3,Rubber Pad,NULL,NULL,Kit A,NULL,,,,ARF,19RP0165L,,,NULL,NULL,NULL,NULL,NULL,,,MCL,MCL,,NULL,NULL,NULL,NULL,NULL,NULL,NULL,NULL,NULL,NULL,NULL
264,DD-FC1-61201-2,Rubber Pad,NULL,NULL,Kit A,NULL,,,,ARF,21RP0382L,,,NULL,NULL,NULL,NULL,NULL,,,MCL,MCL,,NULL,NULL,NULL,NULL,NULL,NULL,NULL,NULL,NULL,NULL,NULL
265,DD-FC1-61201-150-2,Rubber Ring,NULL,NULL,Kit A,NULL,,,,ARF,19RP0164L,,,NULL,NULL,NULL,NULL,NULL,,,MCL,MCL,,NULL,NULL,NULL,NULL,NULL,NULL,NULL,NULL,NULL,NULL,NULL
266,DD-FC1-61001-200-8,Pipe,NULL,NULL,Kit A,NULL,,,,ARF,21DP0606S,,,NULL,NULL,NULL,NULL,NULL,,,MCL,MCL,,NULL,NULL,NULL,NULL,NULL,NULL,NULL,NULL,NULL,NULL,NULL
267,DD-FC1-61101-1G1,Rubber Pad,NULL,NULL,Kit A,NULL,,,,ARF,19RP0162L,,,NULL,NULL,NULL,NULL,NULL,,,MCL,MCL,,NULL,NULL,NULL,NULL,NULL,NULL,NULL,NULL,NULL,NULL,NULL
268,DD-FC1-61101-1,Seal Ring,NULL,NULL,Kit A,NULL,,RP,,ARF,22RP0436L,,,NULL,NULL,NULL,NULL,NULL,,,MCL,MCL,,NULL,NULL,NULL,NULL,NULL,NULL,NULL,NULL,NULL,NULL,NULL
269,DD-FC1-61101-0-38,Pipe,NULL,NULL,Kit A,NULL,,,,ARF,17DP0464S,,,NULL,NULL,NULL,NULL,NULL,,,MCL,MCL,,NULL,NULL,NULL,NULL,NULL,NULL,NULL,NULL,NULL,NULL,NULL
270,DD-FC1-61101-0-35,Pipe,NULL,NULL,Kit A,NULL,,,,ARF,17DP0494S,,,NULL,NULL,NULL,NULL,NULL,,,MCL,MCL,,NULL,NULL,NULL,NULL,NULL,NULL,NULL,NULL,NULL,NULL,NULL
271,DD-FC1-61101-0-34,Pipe,NULL,NULL,Kit A,NULL,,,,ARF,18DP0726L,,,NULL,NULL,NULL,NULL,NULL,,,MCL,MCL,,NULL,NULL,NULL,NULL,NULL,NULL,NULL,NULL,NULL,NULL,NULL
272,DD-FC1-61101-0-33,Pipe,NULL,NULL,Kit A,NULL,,,,ARF,18DP0725L,,,NULL,NULL,NULL,NULL,NULL,,,MCL,MCL,,NULL,NULL,NULL,NULL,NULL,NULL,NULL,NULL,NULL,NULL,NULL
273,DD-FC1-61101-0-32,Pipe,NULL,NULL,Kit A,NULL,,,,ARF,17DP0458S,,,NULL,NULL,NULL,NULL,NULL,,,MCL,MCL,,NULL,NULL,NULL,NULL,NULL,NULL,NULL,NULL,NULL,NULL,NULL
274,DD-FC1-61101-0-31,Pipe,NULL,NULL,Kit A,NULL,,,,ARF,17DP0461S,,,NULL,NULL,NULL,NULL,NULL,,,MCL,MCL,,NULL,NULL,NULL,NULL,NULL,NULL,NULL,NULL,NULL,NULL,NULL
275,DD-FC1-61101-0-1,Pipe,NULL,NULL,Kit A,NULL,,,,ARF,16DP0095S,,,NULL,NULL,NULL,NULL,NULL,,,MCL,MCL,,NULL,NULL,NULL,NULL,NULL,NULL,NULL,NULL,NULL,NULL,NULL
276,DD-FC1-61052-29,Sealing Ring,NULL,NULL,Kit A,NULL,,,,ARF,19RP0161L,,,NULL,NULL,NULL,NULL,NULL,,,MCL,MCL,,NULL,NULL,NULL,NULL,NULL,NULL,NULL,NULL,NULL,NULL,NULL
277,DD-FC1-61052-23,Rubber Pad,NULL,NULL,Kit A,NULL,,,,ARF,19RP0160L,,,NULL,NULL,NULL,NULL,NULL,,,MCL,MCL,,NULL,NULL,NULL,NULL,NULL,NULL,NULL,NULL,NULL,NULL,NULL
278,DD-FC1-61052-21,Rubber Pad,NULL,NULL,Kit A,NULL,,,,ARF,19RP0159L,,,NULL,NULL,NULL,NULL,NULL,,,MCL,MCL,,NULL,NULL,NULL,NULL,NULL,NULL,NULL,NULL,NULL,NULL,NULL
279,DD-FC1-61052-18,Rubber Pad,NULL,NULL,Kit A,NULL,,,,ARF,19RP0155L,,,NULL,NULL,NULL,NULL,NULL,,,MCL,MCL,,NULL,NULL,NULL,NULL,NULL,NULL,NULL,NULL,NULL,NULL,NULL
280,DD-FC1-61052-130,Rubber Sealing Ring,NULL,NULL,Kit A,NULL,,,,ARF,20RP0110L,,,NULL,NULL,NULL,NULL,NULL,,,MCL,MCL,,NULL,NULL,NULL,NULL,NULL,NULL,NULL,NULL,NULL,NULL,NULL
281,DD-FC1-61052-11,Rubber Pad,NULL,NULL,Kit A,NULL,,,,ARF,21RP0330L,,,NULL,NULL,NULL,NULL,NULL,,,MCL,MCL,,NULL,NULL,NULL,NULL,NULL,NULL,NULL,NULL,NULL,NULL,NULL
282,DD-FC1-61031-28,Seal Ring,NULL,NULL,Kit A,NULL,,,,ARF,21RP0216L,,,NULL,NULL,NULL,NULL,NULL,,,MCL,MCL,,NULL,NULL,NULL,NULL,NULL,NULL,NULL,NULL,NULL,NULL,NULL
283,DD-FC1-61031-27,Seal Ring,NULL,NULL,Kit A,NULL,,,,ARF,21RP0218L,,,NULL,NULL,NULL,NULL,NULL,,,MCL,MCL,,NULL,NULL,NULL,NULL,NULL,NULL,NULL,NULL,NULL,NULL,NULL
284,DD-FC1-61031-26,Seal Ring,NULL,NULL,Kit A,NULL,,RP,,ARF,20RP0087L,,,NULL,NULL,NULL,NULL,NULL,,,MCL,MCL,,NULL,NULL,NULL,NULL,NULL,NULL,NULL,NULL,NULL,NULL,NULL
285,DD-FC1-61031-25,Seal Ring,NULL,NULL,Kit A,NULL,,,,ARF,20RP0087L,,,NULL,NULL,NULL,NULL,NULL,,,MCL,MCL,,NULL,NULL,NULL,NULL,NULL,NULL,NULL,NULL,NULL,NULL,NULL
286,DD-FC1-61031-24,Seal Ring,NULL,NULL,Kit A,NULL,,,,ARF,21RP0384L,,,NULL,NULL,NULL,NULL,NULL,,,MCL,MCL,,NULL,NULL,NULL,NULL,NULL,NULL,NULL,NULL,NULL,NULL,NULL
287,6HB4-84J6-38 ,Seal Ring,NULL,NULL,Kit A,NULL,,TMS,,ARF,0,Die Rec'd,81-F7-204,NULL,NULL,NULL,NULL,NULL,,,Die under TF,Al die part trail ok for -38 part,"VENDOR DIES (JF-17-204 DIE) ORIGINAL PART DD-FC1-61031-2301. Seal ring marked in 02 Aug state and to be marked on MCL of Sep, 24",NULL,NULL,NULL,NULL,NULL,NULL,NULL,NULL,NULL,NULL,NULL
288,DD-FC1-61031-23,Seal Ring,NULL,NULL,Kit A,NULL,,TMS,,ARF,22RP0188L,,,NULL,NULL,NULL,NULL,NULL,,,MCL,MCL,,NULL,NULL,NULL,NULL,NULL,NULL,NULL,NULL,NULL,NULL,NULL
289,DD-FC1-61031-2201,Seal Ring,NULL,NULL,Kit A,NULL,,,,ARF,21RP0383L,,,NULL,NULL,NULL,NULL,NULL,,,MCL,MCL,,NULL,NULL,NULL,NULL,NULL,NULL,NULL,NULL,NULL,NULL,NULL
290,DD-FC1-61031-22,Seal Ring,NULL,NULL,Kit A,NULL,,TMS,,ARF,22RP0187L,,,NULL,NULL,NULL,NULL,NULL,,,MCL,MCL,,NULL,NULL,NULL,NULL,NULL,NULL,NULL,NULL,NULL,NULL,NULL
291,DD-FC1-61021-701,Gasket,NULL,NULL,Kit A,NULL,,TMS,,ARF,22RP0077N,,,NULL,NULL,NULL,NULL,NULL,,,MCL,MCL,,NULL,NULL,NULL,NULL,NULL,NULL,NULL,NULL,NULL,NULL,NULL
292,DD-FC1-61021-3024,Rubber Gasket,NULL,NULL,Kit A,NULL,,TMS,,ARF,22RP0409L,,,NULL,NULL,NULL,NULL,NULL,,,MCL,MCL,,NULL,NULL,NULL,NULL,NULL,NULL,NULL,NULL,NULL,NULL,NULL
293,FC1-61001-40-3,Rubber Ring,NULL,NULL,Kit A,NULL,,TMS,,ARF,0,Die Rec'd,81-JF-17-71,NULL,NULL,NULL,NULL,NULL,VENDOR DIES,,Die under TF,Re-Work (Die),FC1-61001-40-3 rubber pad. This part to be marked against the subject die part. Original part DD-FC1-61021-3015 Seal ring to be developed from 81-jf-17-71 die ,NULL,NULL,NULL,NULL,NULL,NULL,NULL,NULL,NULL,NULL,NULL
294,DD-FC1-61021-3009,Rubber Pad,NULL,NULL,Kit A,NULL,,TMS,,ARF,21RP0819L,,,NULL,NULL,NULL,NULL,NULL,,,MCL,MCL,,NULL,NULL,NULL,NULL,NULL,NULL,NULL,NULL,NULL,NULL,NULL
295,DD-FC1-61021-3008,Rubber Ring,NULL,NULL,Kit A,NULL,,,,ARF,19RP0154L,,,NULL,NULL,NULL,NULL,NULL,,,MCL,MCL,,NULL,NULL,NULL,NULL,NULL,NULL,NULL,NULL,NULL,NULL,NULL
296,DD-FC1-61021-3001,Seal Ring,NULL,NULL,Kit A,NULL,,,,ARF,21RP0095L,,,NULL,NULL,NULL,NULL,NULL,,,MCL,MCL,,NULL,NULL,NULL,NULL,NULL,NULL,NULL,NULL,NULL,NULL,NULL
297,DD-FC1-61021-15,Seal Ring,NULL,NULL,Kit A,NULL,,RP,,ARF,0,,,NULL,NULL,NULL,NULL,NULL,,,MCL,Area Unknown (MCL),,NULL,NULL,NULL,NULL,NULL,NULL,NULL,NULL,NULL,NULL,NULL
298,DD-FC1-61021-13,Seal Ring,NULL,NULL,Kit A,NULL,,RP,,ARF,22RP0410L,,,NULL,NULL,NULL,NULL,NULL,,,MCL,MCL,,NULL,NULL,NULL,NULL,NULL,NULL,NULL,NULL,NULL,NULL,NULL
299,DD-FC1-61011-701,Seal Ring,NULL,NULL,Kit A,NULL,,,,ARF,21RP0214L,,,NULL,NULL,NULL,NULL,NULL,,,MCL,MCL,,NULL,NULL,NULL,NULL,NULL,NULL,NULL,NULL,NULL,NULL,NULL
300,DD-FC1-61011-6,Seal Ring,NULL,NULL,Kit A,NULL,,RP,,ARF,22RP0456L,,,NULL,NULL,NULL,NULL,NULL,,,MCL,MCL,,NULL,NULL,NULL,NULL,NULL,NULL,NULL,NULL,NULL,NULL,NULL
301,DD-FC1-61011-5,Seal Ring,NULL,NULL,Kit A,NULL,,TMS,,ARF,21RP0818L,,,NULL,NULL,NULL,NULL,NULL,,,MCL,MCL,,NULL,NULL,NULL,NULL,NULL,NULL,NULL,NULL,NULL,NULL,NULL
302,DD-FC1-61011-3,Seal Ring,NULL,NULL,Kit A,NULL,,,,ARF,20RP0083L,,,NULL,NULL,NULL,NULL,NULL,,,MCL,MCL,,NULL,NULL,NULL,NULL,NULL,NULL,NULL,NULL,NULL,NULL,NULL
303,DD-FC1-61011-18,Seal Ring,NULL,NULL,Kit A,NULL,,TMS,,ARF,22RP0429L,,,NULL,NULL,NULL,NULL,NULL,,,MCL,MCL,,NULL,NULL,NULL,NULL,NULL,NULL,NULL,NULL,NULL,NULL,NULL
304,DD-FC1-61011-13,Seal Ring,NULL,NULL,Kit A,NULL,,TMS,,ARF,22RP0186L,,,NULL,NULL,NULL,NULL,NULL,,,MCL,MCL,,NULL,NULL,NULL,NULL,NULL,NULL,NULL,NULL,NULL,NULL,NULL
305,DD-FC1-61001-82/7,Seal Ring,NULL,NULL,Kit A,NULL,,TMS,,ARF,MCL AL,,,NULL,NULL,NULL,NULL,NULL,,,MCL,MCL,,NULL,NULL,NULL,NULL,NULL,NULL,NULL,NULL,NULL,NULL,NULL
306,DD-FC1-61001-82/6,Rubber Ring,NULL,NULL,Kit A,NULL,,,,ARF,20RP0114L,,,NULL,NULL,NULL,NULL,NULL,,,MCL,MCL,,NULL,NULL,NULL,NULL,NULL,NULL,NULL,NULL,NULL,NULL,NULL
307,DD-FC1-61001-82/5,Sealing Pad,NULL,NULL,Kit A,NULL,,,,ARF,20RP0111L,,,NULL,NULL,NULL,NULL,NULL,,,MCL,MCL,,NULL,NULL,NULL,NULL,NULL,NULL,NULL,NULL,NULL,NULL,NULL
308,DD-FC1-61001-82/4,Rubber Ring,NULL,NULL,Kit A,NULL,,,,ARF,20RP0115L,,,NULL,NULL,NULL,NULL,NULL,,,MCL,MCL,,NULL,NULL,NULL,NULL,NULL,NULL,NULL,NULL,NULL,NULL,NULL
309,DD-FC1-61001-82/3,Sealing Ring,NULL,NULL,Kit A,NULL,,,,ARF,20RP0113L,,,NULL,NULL,NULL,NULL,NULL,,,MCL,MCL,,NULL,NULL,NULL,NULL,NULL,NULL,NULL,NULL,NULL,NULL,NULL
310,DD-FC1-61001-82/2,Seal Ring,NULL,NULL,Kit A,NULL,,TMS,,ARF,MCL AL,,,NULL,NULL,NULL,NULL,NULL,,,MCL,MCL,,NULL,NULL,NULL,NULL,NULL,NULL,NULL,NULL,NULL,NULL,NULL
311,DD-FC1-61001-82/1,Seal Ring,NULL,NULL,Kit A,NULL,,TMS,,ARF,MCL AL,,,NULL,NULL,NULL,NULL,NULL,,,MCL,MCL,,NULL,NULL,NULL,NULL,NULL,NULL,NULL,NULL,NULL,NULL,NULL
312,DD-FC1-61001-4920-2,Seal Ring,NULL,NULL,Kit A,NULL,,RP,,ARF,23RP0059N,,,NULL,NULL,NULL,NULL,NULL,,,MCL,MCL,,NULL,NULL,NULL,NULL,NULL,NULL,NULL,NULL,NULL,NULL,NULL
313,DD-FC1-61001-4902,Gasket,NULL,NULL,Kit A,NULL,,,,ARF,21RP0697L,,,NULL,NULL,NULL,NULL,NULL,,,MCL,MCL,,NULL,NULL,NULL,NULL,NULL,NULL,NULL,NULL,NULL,NULL,NULL
314,DD-FC1-61001-37,Rubber Pad,NULL,NULL,Kit A,NULL,,,,ARF,19RP0153L,,,NULL,NULL,NULL,NULL,NULL,,,MCL,MCL,,NULL,NULL,NULL,NULL,NULL,NULL,NULL,NULL,NULL,NULL,NULL
315,DD-FC1-61001-34,Rubber Ring,NULL,NULL,Kit A,NULL,,,,ARF,19RP0152L,,,NULL,NULL,NULL,NULL,NULL,,,MCL,MCL,,NULL,NULL,NULL,NULL,NULL,NULL,NULL,NULL,NULL,NULL,NULL
316,DD-FC1-61001-33,Rubber Ring,NULL,NULL,Kit A,NULL,,,,ARF,19RP0151L,,,NULL,NULL,NULL,NULL,NULL,,,MCL,MCL,,NULL,NULL,NULL,NULL,NULL,NULL,NULL,NULL,NULL,NULL,NULL
317,DD-FC1-61001-26,Rubber Pad,NULL,NULL,Kit A,NULL,,TMS,,ARF,22RP0185L,,,NULL,NULL,NULL,NULL,NULL,,,MCL,MCL,,NULL,NULL,NULL,NULL,NULL,NULL,NULL,NULL,NULL,NULL,NULL
318,DD-FC1-61001-23,Rubber Pad,NULL,NULL,Kit A,NULL,,RP,,ARF,PAD RCL,,,NULL,NULL,NULL,NULL,NULL,,,MCL,MCL,,NULL,NULL,NULL,NULL,NULL,NULL,NULL,NULL,NULL,NULL,NULL
319,DD-FC1-61001-22,Rubber Pad,NULL,NULL,Kit A,NULL,,RP,,ARF,22RP0055L,,,NULL,NULL,NULL,NULL,NULL,,,MCL,MCL,,NULL,NULL,NULL,NULL,NULL,NULL,NULL,NULL,NULL,NULL,NULL
320,DD-FC1-61001-200-7,Pipe,NULL,NULL,Kit A,NULL,,,,ARF,17DP0474S,,,NULL,NULL,NULL,NULL,NULL,,,MCL,MCL,,NULL,NULL,NULL,NULL,NULL,NULL,NULL,NULL,NULL,NULL,NULL
321,DD-FC1-61001-200-6,Pipe,NULL,NULL,Kit A,NULL,,,,ARF,18DP0141L,,,NULL,NULL,NULL,NULL,NULL,,,MCL,MCL,,NULL,NULL,NULL,NULL,NULL,NULL,NULL,NULL,NULL,NULL,NULL
322,DD-FC1-61001-200-5,Pipe,NULL,NULL,Kit A,NULL,,,,ARF,21DP0605S,,,NULL,NULL,NULL,NULL,NULL,,,MCL,MCL,,NULL,NULL,NULL,NULL,NULL,NULL,NULL,NULL,NULL,NULL,NULL
323,DD-FC1-61001-200-4,Pipe,NULL,NULL,Kit A,NULL,,,,ARF,18DP0140L,,,NULL,NULL,NULL,NULL,NULL,,,MCL,MCL,,NULL,NULL,NULL,NULL,NULL,NULL,NULL,NULL,NULL,NULL,NULL
324,DD-FC1-61001-200-3,Pipe,NULL,NULL,Kit A,NULL,,,,ARF,17DP0482S,,,NULL,NULL,NULL,NULL,NULL,,,MCL,MCL,,NULL,NULL,NULL,NULL,NULL,NULL,NULL,NULL,NULL,NULL,NULL
325,DD-FC1-61001-200-2,Pipe,NULL,NULL,Kit A,NULL,,,,ARF,18DP0139L,,,NULL,NULL,NULL,NULL,NULL,,,MCL,MCL,,NULL,NULL,NULL,NULL,NULL,NULL,NULL,NULL,NULL,NULL,NULL
326,DD-FC1-61001-200-1,Pipe,NULL,NULL,Kit A,NULL,,,,ARF,17DP0481S,,,NULL,NULL,NULL,NULL,NULL,,,MCL,MCL,,NULL,NULL,NULL,NULL,NULL,NULL,NULL,NULL,NULL,NULL,NULL
327,DD-FC1-61001-2,Rubber Pad,NULL,NULL,Kit A,NULL,,,,ARF,19RP0128L,,,NULL,NULL,NULL,NULL,NULL,,,MCL,MCL,,NULL,NULL,NULL,NULL,NULL,NULL,NULL,NULL,NULL,NULL,NULL
328,DD-FC1-61001-1814,Seal Ring,NULL,NULL,Kit A,NULL,,,,ARF,19RP0129L,,,NULL,NULL,NULL,NULL,NULL,,,MCL,MCL,,NULL,NULL,NULL,NULL,NULL,NULL,NULL,NULL,NULL,NULL,NULL
329,DD-FC1-61001-15,Seal Ring,NULL,NULL,Kit A,NULL,,,,ARF,20RP0317L,,,NULL,NULL,NULL,NULL,NULL,,,MCL,MCL,,NULL,NULL,NULL,NULL,NULL,NULL,NULL,NULL,NULL,NULL,NULL
330,DD-FC1-61001-14,Rubber Ring,NULL,NULL,Kit A,NULL,,,,ARF,19RP0130L,,,NULL,NULL,NULL,NULL,NULL,,,MCL,MCL,,NULL,NULL,NULL,NULL,NULL,NULL,NULL,NULL,NULL,NULL,NULL
331,DD-FC1-61001-11,Rubber Ring,NULL,NULL,Kit A,NULL,,,,ARF,19RP0131L,,,NULL,NULL,NULL,NULL,NULL,,,MCL,MCL,,NULL,NULL,NULL,NULL,NULL,NULL,NULL,NULL,NULL,NULL,NULL
332,DD-FC1-61001-0-35,Pipe,NULL,NULL,Kit A,NULL,,,,ARF,17DP0473S,,,NULL,NULL,NULL,NULL,NULL,,,MCL,MCL,,NULL,NULL,NULL,NULL,NULL,NULL,NULL,NULL,NULL,NULL,NULL
333,DD-FC1-61001-0-23,Pipe,NULL,NULL,Kit A,NULL,,,,ARF,18DP0724L,,,NULL,NULL,NULL,NULL,NULL,,,MCL,MCL,,NULL,NULL,NULL,NULL,NULL,NULL,NULL,NULL,NULL,NULL,NULL
334,DD-FC1-61001-0-22,Pipe,NULL,NULL,Kit A,NULL,,,,ARF,18DP0721L,,,NULL,NULL,NULL,NULL,NULL,,,MCL,MCL,,NULL,NULL,NULL,NULL,NULL,NULL,NULL,NULL,NULL,NULL,NULL
335,DD-FC1-61001-0-21,Pipe,NULL,NULL,Kit A,NULL,,,,ARF,18DP0709L,,,NULL,NULL,NULL,NULL,NULL,,,MCL,MCL,,NULL,NULL,NULL,NULL,NULL,NULL,NULL,NULL,NULL,NULL,NULL
336,DD-FC1-55210-2100/116,Pipe,NULL,NULL,Kit A,NULL,,,,ARF,18DP0138L,,,NULL,NULL,NULL,NULL,NULL,,,MCL,MCL,,NULL,NULL,NULL,NULL,NULL,NULL,NULL,NULL,NULL,NULL,NULL
337,DD-FC1-55210-2100/115,Pipe,NULL,NULL,Kit A,NULL,,,,ARF,18DP0137L,,,NULL,NULL,NULL,NULL,NULL,,,MCL,MCL,,NULL,NULL,NULL,NULL,NULL,NULL,NULL,NULL,NULL,NULL,NULL
338,DD-FC1-55210-2100/114,Pipe,NULL,NULL,Kit A,NULL,,,,ARF,18DP0136L,,,NULL,NULL,NULL,NULL,NULL,,,MCL,MCL,,NULL,NULL,NULL,NULL,NULL,NULL,NULL,NULL,NULL,NULL,NULL
339,DD-FC1-55210-2100/113,Pipe,NULL,NULL,Kit A,NULL,,,,ARF,18DP0135L,,,NULL,NULL,NULL,NULL,NULL,,,MCL,MCL,,NULL,NULL,NULL,NULL,NULL,NULL,NULL,NULL,NULL,NULL,NULL
340,DD-FC1-55210-2100/112,Pipe,NULL,NULL,Kit A,NULL,,,,ARF,18DP0134L,,,NULL,NULL,NULL,NULL,NULL,,,MCL,MCL,,NULL,NULL,NULL,NULL,NULL,NULL,NULL,NULL,NULL,NULL,NULL
341,DD-FC1-55210-2100/111,Pipe,NULL,NULL,Kit A,NULL,,,,ARF,18DP0133L,,,NULL,NULL,NULL,NULL,NULL,,,MCL,MCL,,NULL,NULL,NULL,NULL,NULL,NULL,NULL,NULL,NULL,NULL,NULL
342,DD-FC1-55197-1970/9,Pipe,NULL,NULL,Kit A,NULL,,,,ARF,RCL,,,NULL,NULL,NULL,NULL,NULL,,,MCL,MCL,,NULL,NULL,NULL,NULL,NULL,NULL,NULL,NULL,NULL,NULL,NULL
343,DD-FC1-55197-1970/8,Pipe,NULL,NULL,Kit A,NULL,,,,ARF,17DP0477S,,,NULL,NULL,NULL,NULL,NULL,,,MCL,MCL,,NULL,NULL,NULL,NULL,NULL,NULL,NULL,NULL,NULL,NULL,NULL
344,DD-FC1-55197-1970/7,Pipe,NULL,NULL,Kit A,NULL,,,,ARF,17DP0476S,,,NULL,NULL,NULL,NULL,NULL,,,MCL,MCL,,NULL,NULL,NULL,NULL,NULL,NULL,NULL,NULL,NULL,NULL,NULL
345,DD-FC1-55197-1970/6,Pipe,NULL,NULL,Kit A,NULL,,,,ARF,17DP0475S,,,NULL,NULL,NULL,NULL,NULL,,,MCL,MCL,,NULL,NULL,NULL,NULL,NULL,NULL,NULL,NULL,NULL,NULL,NULL
346,DD-FC1-55197-1970/10,Pipe,NULL,NULL,Kit A,NULL,,,,ARF,RCL,,,NULL,NULL,NULL,NULL,NULL,,,MCL,MCL,,NULL,NULL,NULL,NULL,NULL,NULL,NULL,NULL,NULL,NULL,NULL
347,DD-FC1-55177-900-1,Pad,NULL,NULL,Kit A,NULL,,,,ARF,21DP0298N,,,NULL,NULL,NULL,NULL,NULL,,,MCL,MCL,,NULL,NULL,NULL,NULL,NULL,NULL,NULL,NULL,NULL,NULL,NULL
348,DD-FC1-55177-1770/203,Pipe,NULL,NULL,Kit A,NULL,,,,ARF,16DP0091S,,,NULL,NULL,NULL,NULL,NULL,,,MCL,MCL,,NULL,NULL,NULL,NULL,NULL,NULL,NULL,NULL,NULL,NULL,NULL
349,DD-FC1-55177-1770/202,Pipe,NULL,NULL,Kit A,NULL,,,,ARF,16DP0090S,,,NULL,NULL,NULL,NULL,NULL,,,MCL,MCL,,NULL,NULL,NULL,NULL,NULL,NULL,NULL,NULL,NULL,NULL,NULL
350,DD-FC1-55177-1770/201,Pipe,NULL,NULL,Kit A,NULL,,,,ARF,16DP0089S,,,NULL,NULL,NULL,NULL,NULL,,,MCL,MCL,,NULL,NULL,NULL,NULL,NULL,NULL,NULL,NULL,NULL,NULL,NULL
351,DD-FC1-55177-1210-2,Felt Pad,NULL,NULL,Kit A,NULL,,,,ARF,21DP0299N,,,NULL,NULL,NULL,NULL,NULL,,,MCL,MCL,,NULL,NULL,NULL,NULL,NULL,NULL,NULL,NULL,NULL,NULL,NULL
352,DD-FC1-55177-1010-2,Felt Pad,NULL,NULL,Kit A,NULL,,,,ARF,21DP0300N,,,NULL,NULL,NULL,NULL,NULL,,,MCL,MCL,,NULL,NULL,NULL,NULL,NULL,NULL,NULL,NULL,NULL,NULL,NULL
353,DD-FC1-55167-8000-1,Felt Pad,NULL,NULL,Kit A,NULL,,,,ARF,21DP0301N,,,NULL,NULL,NULL,NULL,NULL,,,MCL,MCL,,NULL,NULL,NULL,NULL,NULL,NULL,NULL,NULL,NULL,NULL,NULL
354,DD-FC1-55167-720-2,Felt Pad,NULL,NULL,Kit A,NULL,,,,ARF,21DP0296N,,,NULL,NULL,NULL,NULL,NULL,,,MCL,MCL,,NULL,NULL,NULL,NULL,NULL,NULL,NULL,NULL,NULL,NULL,NULL
355,DD-FC1-55167-710-2,Felt Pad,NULL,NULL,Kit A,NULL,,,,ARF,21DP0294N,,,NULL,NULL,NULL,NULL,NULL,,,MCL,MCL,,NULL,NULL,NULL,NULL,NULL,NULL,NULL,NULL,NULL,NULL,NULL
356,DD-FC1-55167-500-1,Pad,NULL,NULL,Kit A,NULL,,,,ARF,21DP0297N,,,NULL,NULL,NULL,NULL,NULL,,,MCL,MCL,,NULL,NULL,NULL,NULL,NULL,NULL,NULL,NULL,NULL,NULL,NULL
357,DD-FC1-55167-1670/103,Pipe,NULL,NULL,Kit A,NULL,,,,ARF,16DP0088S,,,NULL,NULL,NULL,NULL,NULL,,,MCL,MCL,,NULL,NULL,NULL,NULL,NULL,NULL,NULL,NULL,NULL,NULL,NULL
358,DD-FC1-55167-1670/101,Pipe,NULL,NULL,Kit A,NULL,,,,ARF,16DP0087S,,,NULL,NULL,NULL,NULL,NULL,,,MCL,MCL,,NULL,NULL,NULL,NULL,NULL,NULL,NULL,NULL,NULL,NULL,NULL
359,DD-FC1-55156-1560/8,Pipe,NULL,NULL,Kit A,NULL,,,,ARF,17DP0491S,,,NULL,NULL,NULL,NULL,NULL,,,MCL,MCL,,NULL,NULL,NULL,NULL,NULL,NULL,NULL,NULL,NULL,NULL,NULL
360,DD-FC1-55156-1560/7,Pipe,NULL,NULL,Kit A,NULL,,,,ARF,17DP0490S,,,NULL,NULL,NULL,NULL,NULL,,,MCL,MCL,,NULL,NULL,NULL,NULL,NULL,NULL,NULL,NULL,NULL,NULL,NULL
361,DD-FC1-55156-1560/64,Pipe,NULL,NULL,Kit A,NULL,,,,ARF,17DP0372S,,,NULL,NULL,NULL,NULL,NULL,,,MCL,MCL,,NULL,NULL,NULL,NULL,NULL,NULL,NULL,NULL,NULL,NULL,NULL
362,DD-FC1-55156-1560/6,Pipe,NULL,NULL,Kit A,NULL,,,,ARF,17DP0489S,,,NULL,NULL,NULL,NULL,NULL,,,MCL,MCL,,NULL,NULL,NULL,NULL,NULL,NULL,NULL,NULL,NULL,NULL,NULL
363,DD-FC1-55156-1560/59,Pipe,NULL,NULL,Kit A,NULL,,,,ARF,17DP0370S,,,NULL,NULL,NULL,NULL,NULL,,,MCL,MCL,,NULL,NULL,NULL,NULL,NULL,NULL,NULL,NULL,NULL,NULL,NULL
364,DD-FC1-55156-1560/58,Pipe,NULL,NULL,Kit A,NULL,,,,ARF,17DP0498S,,,NULL,NULL,NULL,NULL,NULL,,,MCL,MCL,,NULL,NULL,NULL,NULL,NULL,NULL,NULL,NULL,NULL,NULL,NULL
365,DD-FC1-55156-1560/57,Pipe,NULL,NULL,Kit A,NULL,,,,ARF,17DP0497S,,,NULL,NULL,NULL,NULL,NULL,,,MCL,MCL,,NULL,NULL,NULL,NULL,NULL,NULL,NULL,NULL,NULL,NULL,NULL
366,DD-FC1-55156-1560/56,Pipe,NULL,NULL,Kit A,NULL,,,,ARF,17DP0496S,,,NULL,NULL,NULL,NULL,NULL,,,MCL,MCL,,NULL,NULL,NULL,NULL,NULL,NULL,NULL,NULL,NULL,NULL,NULL
367,DD-FC1-55156-1560/55,Pipe,NULL,NULL,Kit A,NULL,,,,ARF,17DP0472S,,,NULL,NULL,NULL,NULL,NULL,,,MCL,MCL,,NULL,NULL,NULL,NULL,NULL,NULL,NULL,NULL,NULL,NULL,NULL
368,DD-FC1-55156-1560/54,Pipe,NULL,NULL,Kit A,NULL,,,,ARF,17DP0495S,,,NULL,NULL,NULL,NULL,NULL,,,MCL,MCL,,NULL,NULL,NULL,NULL,NULL,NULL,NULL,NULL,NULL,NULL,NULL
369,DD-FC1-55156-1560/53,Pipe,NULL,NULL,Kit A,NULL,,,,ARF,RCL,,,NULL,NULL,NULL,NULL,NULL,,,MCL,MCL,,NULL,NULL,NULL,NULL,NULL,NULL,NULL,NULL,NULL,NULL,NULL
370,DD-FC1-55156-1560/52,Pipe,NULL,NULL,Kit A,NULL,,,,ARF,17DP0493S,,,NULL,NULL,NULL,NULL,NULL,,,MCL,MCL,,NULL,NULL,NULL,NULL,NULL,NULL,NULL,NULL,NULL,NULL,NULL
371,DD-FC1-55156-1560/51,Pipe,NULL,NULL,Kit A,NULL,,,,ARF,17DP0492S,,,NULL,NULL,NULL,NULL,NULL,,,MCL,MCL,,NULL,NULL,NULL,NULL,NULL,NULL,NULL,NULL,NULL,NULL,NULL
372,DD-FC1-55156-1560/5,Pipe,NULL,NULL,Kit A,NULL,,,,ARF,17DP0488S,,,NULL,NULL,NULL,NULL,NULL,,,MCL,MCL,,NULL,NULL,NULL,NULL,NULL,NULL,NULL,NULL,NULL,NULL,NULL
373,DD-FC1-55156-1560/4,Pipe,NULL,NULL,Kit A,NULL,,,,ARF,17DP0487S,,,NULL,NULL,NULL,NULL,NULL,,,MCL,MCL,,NULL,NULL,NULL,NULL,NULL,NULL,NULL,NULL,NULL,NULL,NULL
374,DD-FC1-55156-1560/3,Pipe,NULL,NULL,Kit A,NULL,,,,ARF,17DP0486S,,,NULL,NULL,NULL,NULL,NULL,,,MCL,MCL,,NULL,NULL,NULL,NULL,NULL,NULL,NULL,NULL,NULL,NULL,NULL
375,DD-FC1-55156-1560/245,Pipe,NULL,NULL,Kit A,NULL,,,,ARF,17DP0502S,,,NULL,NULL,NULL,NULL,NULL,,,MCL,MCL,,NULL,NULL,NULL,NULL,NULL,NULL,NULL,NULL,NULL,NULL,NULL
376,DD-FC1-55156-1560/244,Pipe,NULL,NULL,Kit A,NULL,,,,ARF,17DP0501S,,,NULL,NULL,NULL,NULL,NULL,,,MCL,MCL,,NULL,NULL,NULL,NULL,NULL,NULL,NULL,NULL,NULL,NULL,NULL
377,DD-FC1-55156-1560/242,Pipe,NULL,NULL,Kit A,NULL,,,,ARF,RCL,,,NULL,NULL,NULL,NULL,NULL,,,MCL,MCL,,NULL,NULL,NULL,NULL,NULL,NULL,NULL,NULL,NULL,NULL,NULL
378,DD-FC1-55156-1560/217,Pipe,NULL,NULL,Kit A,NULL,,,,ARF,17DP0500S,,,NULL,NULL,NULL,NULL,NULL,,,MCL,MCL,,NULL,NULL,NULL,NULL,NULL,NULL,NULL,NULL,NULL,NULL,NULL
379,DD-FC1-55156-1560/215,Pipe,NULL,NULL,Kit A,NULL,,,,ARF,17DP0499S,,,NULL,NULL,NULL,NULL,NULL,,,MCL,MCL,,NULL,NULL,NULL,NULL,NULL,NULL,NULL,NULL,NULL,NULL,NULL
380,DD-FC1-55156-1560/214,Pipe,NULL,NULL,Kit A,NULL,,,,ARF,RCL,,,NULL,NULL,NULL,NULL,NULL,,,MCL,MCL,,NULL,NULL,NULL,NULL,NULL,NULL,NULL,NULL,NULL,NULL,NULL
381,DD-FC1-55156-1560/2,Pipe,NULL,NULL,Kit A,NULL,,,,ARF,17DP0485S,,,NULL,NULL,NULL,NULL,NULL,,,MCL,MCL,,NULL,NULL,NULL,NULL,NULL,NULL,NULL,NULL,NULL,NULL,NULL
382,DD-FC1-55156-1560/115,Pipe,NULL,NULL,Kit A,NULL,,,,ARF,17DP0383S,,,NULL,NULL,NULL,NULL,NULL,,,MCL,MCL,,NULL,NULL,NULL,NULL,NULL,NULL,NULL,NULL,NULL,NULL,NULL
383,DD-FC1-55146-1460/63,Pipe,NULL,NULL,Kit A,NULL,,,,ARF,17DP0456S,,,NULL,NULL,NULL,NULL,NULL,,,MCL,MCL,,NULL,NULL,NULL,NULL,NULL,NULL,NULL,NULL,NULL,NULL,NULL
384,DD-FC1-55146-1460/62,Pipe,NULL,NULL,Kit A,NULL,,,,ARF,16DP0098S,,,NULL,NULL,NULL,NULL,NULL,,,MCL,MCL,,NULL,NULL,NULL,NULL,NULL,NULL,NULL,NULL,NULL,NULL,NULL
385,DD-FC1-55146-1460/61,Pipe,NULL,NULL,Kit A,NULL,,,,ARF,17DP0455S,,,NULL,NULL,NULL,NULL,NULL,,,MCL,MCL,,NULL,NULL,NULL,NULL,NULL,NULL,NULL,NULL,NULL,NULL,NULL
386,DD-FC1-55146-1460/53,Pipe,NULL,NULL,Kit A,NULL,,,,ARF,17DP0332S,,,NULL,NULL,NULL,NULL,NULL,,,MCL,MCL,,NULL,NULL,NULL,NULL,NULL,NULL,NULL,NULL,NULL,NULL,NULL
387,DD-FC1-55146-1460/52,Pipe,NULL,NULL,Kit A,NULL,,,,ARF,18DP0124L,,,NULL,NULL,NULL,NULL,NULL,,,MCL,MCL,,NULL,NULL,NULL,NULL,NULL,NULL,NULL,NULL,NULL,NULL,NULL
388,DD-FC1-55146-1460/284,Pipe,NULL,NULL,Kit A,NULL,,,,ARF,17DP0454S,,,NULL,NULL,NULL,NULL,NULL,,,MCL,MCL,,NULL,NULL,NULL,NULL,NULL,NULL,NULL,NULL,NULL,NULL,NULL
389,DD-FC1-55146-1460/283,Pipe,NULL,NULL,Kit A,NULL,,,,ARF,17DP0453S,,,NULL,NULL,NULL,NULL,NULL,,,MCL,MCL,,NULL,NULL,NULL,NULL,NULL,NULL,NULL,NULL,NULL,NULL,NULL
390,DD-FC1-55146-1460/282,Pipe,NULL,NULL,Kit A,NULL,,,,ARF,17DP0452S,,,NULL,NULL,NULL,NULL,NULL,,,MCL,MCL,,NULL,NULL,NULL,NULL,NULL,NULL,NULL,NULL,NULL,NULL,NULL
391,DD-FC1-55146-1460/281,Pipe,NULL,NULL,Kit A,NULL,,,,ARF,RCL,,,NULL,NULL,NULL,NULL,NULL,,,MCL,MCL,,NULL,NULL,NULL,NULL,NULL,NULL,NULL,NULL,NULL,NULL,NULL
392,DD-FC1-55146-1460/121,Pipe,NULL,NULL,Kit A,NULL,,,,ARF,17DP0343S,,,NULL,NULL,NULL,NULL,NULL,,,MCL,MCL,,NULL,NULL,NULL,NULL,NULL,NULL,NULL,NULL,NULL,NULL,NULL
393,DD-FC1-55135-1350/93,Pipe,NULL,NULL,Kit A,NULL,,,,ARF,18DP0437L,,,NULL,NULL,NULL,NULL,NULL,,,MCL,MCL,,NULL,NULL,NULL,NULL,NULL,NULL,NULL,NULL,NULL,NULL,NULL
394,DD-FC1-55135-1350/92,Pipe,NULL,NULL,Kit A,NULL,,,,ARF,18DP0436L,,,NULL,NULL,NULL,NULL,NULL,,,MCL,MCL,,NULL,NULL,NULL,NULL,NULL,NULL,NULL,NULL,NULL,NULL,NULL
395,DD-FC1-55135-1350/91,Pipe,NULL,NULL,Kit A,NULL,,,,ARF,18DP0435L,,,NULL,NULL,NULL,NULL,NULL,,,MCL,MCL,,NULL,NULL,NULL,NULL,NULL,NULL,NULL,NULL,NULL,NULL,NULL
396,DD-FC1-55135-1350/89,Pipe,NULL,NULL,Kit A,NULL,,,,ARF,18DP0434L,,,NULL,NULL,NULL,NULL,NULL,,,MCL,MCL,,NULL,NULL,NULL,NULL,NULL,NULL,NULL,NULL,NULL,NULL,NULL
397,DD-FC1-55135-1350/88,Pipe,NULL,NULL,Kit A,NULL,,,,ARF,18DP0433L,,,NULL,NULL,NULL,NULL,NULL,,,MCL,MCL,,NULL,NULL,NULL,NULL,NULL,NULL,NULL,NULL,NULL,NULL,NULL
398,DD-FC1-55135-1350/87,Pipe,NULL,NULL,Kit A,NULL,,,,ARF,18DP0432L,,,NULL,NULL,NULL,NULL,NULL,,,MCL,MCL,,NULL,NULL,NULL,NULL,NULL,NULL,NULL,NULL,NULL,NULL,NULL
399,DD-FC1-55135-1350/86,Pipe,NULL,NULL,Kit A,NULL,,,,ARF,18DP0431L,,,NULL,NULL,NULL,NULL,NULL,,,MCL,MCL,,NULL,NULL,NULL,NULL,NULL,NULL,NULL,NULL,NULL,NULL,NULL
400,DD-FC1-55135-1350/85,Pipe,NULL,NULL,Kit A,NULL,,,,ARF,18DP0430L,,,NULL,NULL,NULL,NULL,NULL,,,MCL,MCL,,NULL,NULL,NULL,NULL,NULL,NULL,NULL,NULL,NULL,NULL,NULL
401,DD-FC1-55135-1350/82,Pipe,NULL,NULL,Kit A,NULL,,,,ARF,18DP0429L,,,NULL,NULL,NULL,NULL,NULL,,,MCL,MCL,,NULL,NULL,NULL,NULL,NULL,NULL,NULL,NULL,NULL,NULL,NULL
402,DD-FC1-55135-1350/81,Pipe,NULL,NULL,Kit A,NULL,,,,ARF,18DP0428L,,,NULL,NULL,NULL,NULL,NULL,,,MCL,MCL,,NULL,NULL,NULL,NULL,NULL,NULL,NULL,NULL,NULL,NULL,NULL
403,DD-FC1-55135-1350/80,Pipe,NULL,NULL,Kit A,NULL,,,,ARF,18DP0438L,,,NULL,NULL,NULL,NULL,NULL,,,MCL,MCL,,NULL,NULL,NULL,NULL,NULL,NULL,NULL,NULL,NULL,NULL,NULL
404,DD-FC1-55135-1350/79,Pipe,NULL,NULL,Kit A,NULL,,,,ARF,17DP0220S,,,NULL,NULL,NULL,NULL,NULL,,,MCL,MCL,,NULL,NULL,NULL,NULL,NULL,NULL,NULL,NULL,NULL,NULL,NULL
405,DD-FC1-55135-1350/78,Pipe,NULL,NULL,Kit A,NULL,,,,ARF,18DP0427L,,,NULL,NULL,NULL,NULL,NULL,,,MCL,MCL,,NULL,NULL,NULL,NULL,NULL,NULL,NULL,NULL,NULL,NULL,NULL
406,DD-FC1-55135-1350/77,Pipe,NULL,NULL,Kit A,NULL,,,,ARF,18DP0426L,,,NULL,NULL,NULL,NULL,NULL,,,MCL,MCL,,NULL,NULL,NULL,NULL,NULL,NULL,NULL,NULL,NULL,NULL,NULL
407,DD-FC1-55135-1350/74,Pipe,NULL,NULL,Kit A,NULL,,,,ARF,18DP0424L,,,NULL,NULL,NULL,NULL,NULL,,,MCL,MCL,,NULL,NULL,NULL,NULL,NULL,NULL,NULL,NULL,NULL,NULL,NULL
408,DD-FC1-55135-1350/73,Pipe,NULL,NULL,Kit A,NULL,,,,ARF,18DP0423L,,,NULL,NULL,NULL,NULL,NULL,,,MCL,MCL,,NULL,NULL,NULL,NULL,NULL,NULL,NULL,NULL,NULL,NULL,NULL
409,DD-FC1-55135-1350/72,Pipe,NULL,NULL,Kit A,NULL,,,,ARF,18DP0422L,,,NULL,NULL,NULL,NULL,NULL,,,MCL,MCL,,NULL,NULL,NULL,NULL,NULL,NULL,NULL,NULL,NULL,NULL,NULL
410,DD-FC1-55135-1350/71,Pipe,NULL,NULL,Kit A,NULL,,,,ARF,18DP0421L,,,NULL,NULL,NULL,NULL,NULL,,,MCL,MCL,,NULL,NULL,NULL,NULL,NULL,NULL,NULL,NULL,NULL,NULL,NULL
411,DD-FC1-55135-1350/70,Pipe,NULL,NULL,Kit A,NULL,,,,ARF,18DP0420L,,,NULL,NULL,NULL,NULL,NULL,,,MCL,MCL,,NULL,NULL,NULL,NULL,NULL,NULL,NULL,NULL,NULL,NULL,NULL
412,DD-FC1-55135-1350/7,Pipe,NULL,NULL,Kit A,NULL,,,,ARF,18DP0419L,,,NULL,NULL,NULL,NULL,NULL,,,MCL,MCL,,NULL,NULL,NULL,NULL,NULL,NULL,NULL,NULL,NULL,NULL,NULL
413,DD-FC1-55135-1350/65,Pipe,NULL,NULL,Kit A,NULL,,,,ARF,18DP0251L,,,NULL,NULL,NULL,NULL,NULL,,,MCL,MCL,,NULL,NULL,NULL,NULL,NULL,NULL,NULL,NULL,NULL,NULL,NULL
414,DD-FC1-55135-1350/64,Pipe,NULL,NULL,Kit A,NULL,,,,ARF,18DP0250L,,,NULL,NULL,NULL,NULL,NULL,,,MCL,MCL,,NULL,NULL,NULL,NULL,NULL,NULL,NULL,NULL,NULL,NULL,NULL
415,DD-FC1-55135-1350/63,Pipe,NULL,NULL,Kit A,NULL,,,,ARF,18DP0249L,,,NULL,NULL,NULL,NULL,NULL,,,MCL,MCL,,NULL,NULL,NULL,NULL,NULL,NULL,NULL,NULL,NULL,NULL,NULL
416,DD-FC1-55135-1350/62,Pipe,NULL,NULL,Kit A,NULL,,,,ARF,17DP0137S,,,NULL,NULL,NULL,NULL,NULL,,,MCL,MCL,,NULL,NULL,NULL,NULL,NULL,NULL,NULL,NULL,NULL,NULL,NULL
417,DD-FC1-55135-1350/61,Pipe,NULL,NULL,Kit A,NULL,,,,ARF,18DP0248L,,,NULL,NULL,NULL,NULL,NULL,,,MCL,MCL,,NULL,NULL,NULL,NULL,NULL,NULL,NULL,NULL,NULL,NULL,NULL
418,DD-FC1-55135-1350/6,Pipe,NULL,NULL,Kit A,NULL,,,,ARF,18DP0247L,,,NULL,NULL,NULL,NULL,NULL,,,MCL,MCL,,NULL,NULL,NULL,NULL,NULL,NULL,NULL,NULL,NULL,NULL,NULL
419,DD-FC1-55135-1350/57,Pipe,NULL,NULL,Kit A,NULL,,,,ARF,19DP0265L,,,NULL,NULL,NULL,NULL,NULL,,,MCL,MCL,,NULL,NULL,NULL,NULL,NULL,NULL,NULL,NULL,NULL,NULL,NULL
420,DD-FC1-55135-1350/56,Pipe,NULL,NULL,Kit A,NULL,,,,ARF,18DP0246L,,,NULL,NULL,NULL,NULL,NULL,,,MCL,MCL,,NULL,NULL,NULL,NULL,NULL,NULL,NULL,NULL,NULL,NULL,NULL
421,DD-FC1-55135-1350/55,Pipe,NULL,NULL,Kit A,NULL,,,,ARF,18DP0245L,,,NULL,NULL,NULL,NULL,NULL,,,MCL,MCL,,NULL,NULL,NULL,NULL,NULL,NULL,NULL,NULL,NULL,NULL,NULL
422,DD-FC1-55135-1350/54,Pipe,NULL,NULL,Kit A,NULL,,,,ARF,18DP0244L,,,NULL,NULL,NULL,NULL,NULL,,,MCL,MCL,,NULL,NULL,NULL,NULL,NULL,NULL,NULL,NULL,NULL,NULL,NULL
423,DD-FC1-55135-1350/53,Pipe,NULL,NULL,Kit A,NULL,,,,ARF,18DP0243L,,,NULL,NULL,NULL,NULL,NULL,,,MCL,MCL,,NULL,NULL,NULL,NULL,NULL,NULL,NULL,NULL,NULL,NULL,NULL
424,DD-FC1-55135-1350/52,Pipe,NULL,NULL,Kit A,NULL,,,,ARF,18DP0242L,,,NULL,NULL,NULL,NULL,NULL,,,MCL,MCL,,NULL,NULL,NULL,NULL,NULL,NULL,NULL,NULL,NULL,NULL,NULL
425,DD-FC1-55135-1350/51,Pipe,NULL,NULL,Kit A,NULL,,,,ARF,18DP0417L,,,NULL,NULL,NULL,NULL,NULL,,,MCL,MCL,,NULL,NULL,NULL,NULL,NULL,NULL,NULL,NULL,NULL,NULL,NULL
426,DD-FC1-55135-1350/5,Pipe,NULL,NULL,Kit A,NULL,,,,ARF,18DP0416L,,,NULL,NULL,NULL,NULL,NULL,,,MCL,MCL,,NULL,NULL,NULL,NULL,NULL,NULL,NULL,NULL,NULL,NULL,NULL
427,DD-FC1-55135-1350/3,Pipe,NULL,NULL,Kit A,NULL,,,,ARF,18DP0415L,,,NULL,NULL,NULL,NULL,NULL,,,MCL,MCL,,NULL,NULL,NULL,NULL,NULL,NULL,NULL,NULL,NULL,NULL,NULL
428,DD-FC1-55135-1350/224,Pipe,NULL,NULL,Kit A,NULL,,,,ARF,18DP0414L,,,NULL,NULL,NULL,NULL,NULL,,,MCL,MCL,,NULL,NULL,NULL,NULL,NULL,NULL,NULL,NULL,NULL,NULL,NULL
429,DD-FC1-55135-1350/223,Pipe,NULL,NULL,Kit A,NULL,,,,ARF,18DP0413L,,,NULL,NULL,NULL,NULL,NULL,,,MCL,MCL,,NULL,NULL,NULL,NULL,NULL,NULL,NULL,NULL,NULL,NULL,NULL
430,DD-FC1-55135-1350/222,Pipe,NULL,NULL,Kit A,NULL,,,,ARF,18DP0412L,,,NULL,NULL,NULL,NULL,NULL,,,MCL,MCL,,NULL,NULL,NULL,NULL,NULL,NULL,NULL,NULL,NULL,NULL,NULL
431,DD-FC1-55135-1350/221,Pipe,NULL,NULL,Kit A,NULL,,,,ARF,18DP0411L,,,NULL,NULL,NULL,NULL,NULL,,,MCL,MCL,,NULL,NULL,NULL,NULL,NULL,NULL,NULL,NULL,NULL,NULL,NULL
432,DD-FC1-55135-1350/2,Pipe,NULL,NULL,Kit A,NULL,,,,ARF,18DP0231L,,,NULL,NULL,NULL,NULL,NULL,,,MCL,MCL,,NULL,NULL,NULL,NULL,NULL,NULL,NULL,NULL,NULL,NULL,NULL
433,DD-FC1-55135-1350/1,Pipe,NULL,NULL,Kit A,NULL,,,,ARF,18DP0230L,,,NULL,NULL,NULL,NULL,NULL,,,MCL,MCL,,NULL,NULL,NULL,NULL,NULL,NULL,NULL,NULL,NULL,NULL,NULL
434,DD-FC1-55112-2102,Spring,NULL,NULL,Kit A,NULL,,,,ARF,22SP0304N,,,NULL,NULL,NULL,NULL,NULL,,,MCL,MCL,,NULL,NULL,NULL,NULL,NULL,NULL,NULL,NULL,NULL,NULL,NULL
435,DD-FC1-55112-1120/61,Pipe,NULL,NULL,Kit A,NULL,,,,ARF,17DP0509S,,,NULL,NULL,NULL,NULL,NULL,,,MCL,MCL,,NULL,NULL,NULL,NULL,NULL,NULL,NULL,NULL,NULL,NULL,NULL
436,DD-FC1-55112-1120/60,Pipe,NULL,NULL,Kit A,NULL,,,,ARF,17DP0508S,,,NULL,NULL,NULL,NULL,NULL,,,MCL,MCL,,NULL,NULL,NULL,NULL,NULL,NULL,NULL,NULL,NULL,NULL,NULL
437,DD-FC1-55112-1120/58,Pipe,NULL,NULL,Kit A,NULL,,,,ARF,17DP0507S,,,NULL,NULL,NULL,NULL,NULL,,,MCL,MCL,,NULL,NULL,NULL,NULL,NULL,NULL,NULL,NULL,NULL,NULL,NULL
438,DD-FC1-55112-1120/53,Pipe,NULL,NULL,Kit A,NULL,,,,ARF,17DP0506S,,,NULL,NULL,NULL,NULL,NULL,,,MCL,MCL,,NULL,NULL,NULL,NULL,NULL,NULL,NULL,NULL,NULL,NULL,NULL
439,DD-FC1-55112-1120/52,Pipe,NULL,NULL,Kit A,NULL,,,,ARF,17DP0505S,,,NULL,NULL,NULL,NULL,NULL,,,MCL,MCL,,NULL,NULL,NULL,NULL,NULL,NULL,NULL,NULL,NULL,NULL,NULL
440,DD-FC1-55112-1120/51,Pipe,NULL,NULL,Kit A,NULL,,,,ARF,17DP0504S,,,NULL,NULL,NULL,NULL,NULL,,,MCL,MCL,,NULL,NULL,NULL,NULL,NULL,NULL,NULL,NULL,NULL,NULL,NULL
441,DD-FC1-55112-1120/1,Pipe,NULL,NULL,Kit A,NULL,,,,ARF,17DP0503S,,,NULL,NULL,NULL,NULL,NULL,,,MCL,MCL,,NULL,NULL,NULL,NULL,NULL,NULL,NULL,NULL,NULL,NULL,NULL
442,DD-FC1-51802-4204,Gasket,NULL,NULL,Kit A,NULL,,MS,,ARF,21PM0744L,,,NULL,NULL,NULL,NULL,NULL,,,MCL,MCL,,NULL,NULL,NULL,NULL,NULL,NULL,NULL,NULL,NULL,NULL,NULL
443,DD-FC1-51503-5210,Corrugated Hose,NULL,NULL,ADIC TASKED,NULL,,TMS,,ARF,0,,,NULL,NULL,NULL,NULL,NULL,,,Beyond Capability,BEYOND CAP,Under Trial Test,NULL,NULL,NULL,NULL,NULL,NULL,NULL,NULL,NULL,NULL,NULL
444,DD-FC1-51503-5202,Rubber Pad,NULL,NULL,Kit A,NULL,,TMS,,ARF,23RP0036L,,,NULL,NULL,NULL,NULL,NULL,,,MCL,MCL,,NULL,NULL,NULL,NULL,NULL,NULL,NULL,NULL,NULL,NULL,NULL
445,DD-FC1-51503-4210,Corrugated Hose,NULL,NULL,ADIC TASKED,NULL,,TMS,,ARF,0,,,NULL,NULL,NULL,NULL,NULL,,,Beyond Capability,BEYOND CAP,Under Trial Test,NULL,NULL,NULL,NULL,NULL,NULL,NULL,NULL,NULL,NULL,NULL
446,DD-FC1-51503-4205,Seal Ring,NULL,NULL,Kit A,NULL,,,,ARF,21SM0610L,,,NULL,NULL,NULL,NULL,NULL,,,MCL,MCL,,NULL,NULL,NULL,NULL,NULL,NULL,NULL,NULL,NULL,NULL,NULL
447,DD-FC1-51503-4203,Rubber Pad,NULL,NULL,Kit A,NULL,,RP,,ARF,23RP0038L,,,NULL,NULL,NULL,NULL,NULL,,,MCL,MCL,,NULL,NULL,NULL,NULL,NULL,NULL,NULL,NULL,NULL,NULL,NULL
448,DD-FC1-51401-2102,Gasket,NULL,NULL,Kit A,NULL,,,,ARF,21PM0658N,,,NULL,NULL,NULL,NULL,NULL,,,MCL,MCL,,NULL,NULL,NULL,NULL,NULL,NULL,NULL,NULL,NULL,NULL,NULL
449,DD-FC1-51301-1403,Lock Gasket,NULL,NULL,Kit A,NULL,,PMC,,ARF,22PM0398L,,,NULL,NULL,NULL,NULL,NULL,,,MCL,MCL,,NULL,NULL,NULL,NULL,NULL,NULL,NULL,NULL,NULL,NULL,NULL
450,DD-FC1-51101-6110,Corrugated Hose,NULL,NULL,ADIC TASKED,NULL,,TMS,,ARF,0,,,NULL,NULL,NULL,NULL,NULL,,,Beyond Capability,BEYOND CAP,Under Trial Test,NULL,NULL,NULL,NULL,NULL,NULL,NULL,NULL,NULL,NULL,NULL
451,DD-FC1-51101-6105,Seal Ring,NULL,NULL,Kit A,NULL,,,,ARF,21SM0609L,,,NULL,NULL,NULL,NULL,NULL,,,MCL,MCL,,NULL,NULL,NULL,NULL,NULL,NULL,NULL,NULL,NULL,NULL,NULL
452,DD-FC1-41035-112,Spring,NULL,NULL,Kit A,NULL,,,,ARF,21SP0597N,,,NULL,NULL,NULL,NULL,NULL,,,MCL,MCL,,NULL,NULL,NULL,NULL,NULL,NULL,NULL,NULL,NULL,NULL,NULL
453,DD-FC1-34103-0-16-Z,Glass,NULL,NULL,Kit A,NULL,,,,ARF,21CS0359N,,,NULL,NULL,NULL,NULL,NULL,,,MCL,MCL,,NULL,NULL,NULL,NULL,NULL,NULL,NULL,NULL,NULL,NULL,NULL
454,DD-FC1-34103-0-16-Y,Glass,NULL,NULL,Kit A,NULL,,,,ARF,21CS0358N,,,NULL,NULL,NULL,NULL,NULL,,,MCL,MCL,,NULL,NULL,NULL,NULL,NULL,NULL,NULL,NULL,NULL,NULL,NULL
455,DD-FC1-25002-27,Gasket ,NULL,NULL,Kit A,NULL,,,,ARF,21SM0185L,,,NULL,NULL,NULL,NULL,NULL,,,MCL,MCL,,NULL,NULL,NULL,NULL,NULL,NULL,NULL,NULL,NULL,NULL,NULL
456,DD-FC1-20302-94,R/P    Leatger Cup,NULL,NULL,Kit A,NULL,,,,ARF,19RP0140L,,,NULL,NULL,NULL,NULL,NULL,,,MCL,MCL,,NULL,NULL,NULL,NULL,NULL,NULL,NULL,NULL,NULL,NULL,NULL
457,DD-FC1-20302-80-2,Rubber Pad,NULL,NULL,Kit A,NULL,,,,ARF,PAD RCL,,,NULL,NULL,NULL,NULL,NULL,,,MCL,MCL,,NULL,NULL,NULL,NULL,NULL,NULL,NULL,NULL,NULL,NULL,NULL
458,DD-FC1-20302-110-2,Rubber Ring,NULL,NULL,Kit A,NULL,,RP,,ARF,MCL (PAD) DIE,WLOGTF150820220007 ,81-JF-17-250,NULL,NULL,NULL,NULL,NULL,,,MCL,MCL (PAD) DIE,,NULL,NULL,NULL,NULL,NULL,NULL,NULL,NULL,NULL,NULL,NULL
459,DD-FC1-20202-7,Rubber Sealing Ring,NULL,NULL,Kit A,NULL,,,,ARF,19RP0143L,,,NULL,NULL,NULL,NULL,NULL,,,MCL,MCL,,NULL,NULL,NULL,NULL,NULL,NULL,NULL,NULL,NULL,NULL,NULL
460,DD-FC1-20202-555,Rubber Ring,NULL,NULL,Kit A,NULL,,,,ARF,19RP0144L,,,NULL,NULL,NULL,NULL,NULL,,,MCL,MCL,,NULL,NULL,NULL,NULL,NULL,NULL,NULL,NULL,NULL,NULL,NULL
461,DD-FC1-20202-554,Seal Ring,NULL,NULL,Kit A,NULL,,,,ARF,19RP0145L,,,NULL,NULL,NULL,NULL,NULL,,,MCL,MCL,,NULL,NULL,NULL,NULL,NULL,NULL,NULL,NULL,NULL,NULL,NULL
462,DD-FC1-20202-553,Rubber Ring,NULL,NULL,Kit A,NULL,,,,ARF,19RP0146L,,,NULL,NULL,NULL,NULL,NULL,,,MCL,MCL,,NULL,NULL,NULL,NULL,NULL,NULL,NULL,NULL,NULL,NULL,NULL
463,DD-FC1-20202-520-2,Rubber Pad,NULL,NULL,Kit A,NULL,,TMS,,ARF,PAD RCL,WLOGTF150920220035 ,81-JF-17-185,NULL,NULL,NULL,NULL,NULL,,,MCL,MCL,,NULL,NULL,NULL,NULL,NULL,NULL,NULL,NULL,NULL,NULL,NULL
464,DD-FC1-20202-510-2,Rubber Pad,NULL,NULL,Kit A,NULL,,TMS,,ARF,PAD RCL,Drawing available,81-JF-17-195,NULL,NULL,NULL,NULL,NULL,,,MCL,MCL,,NULL,NULL,NULL,NULL,NULL,NULL,NULL,NULL,NULL,NULL,NULL
465,DD-FC1-20202-117,Rubber Pad,NULL,NULL,Kit A,NULL,,TMS,,ARF,22RP0428N,,,NULL,NULL,NULL,NULL,NULL,,,MCL,MCL,,NULL,NULL,NULL,NULL,NULL,NULL,NULL,NULL,NULL,NULL,NULL
466,DD-FC1-06041-50,Pipe,NULL,NULL,Kit A,NULL,,,,ARF,18DP0117L,,,NULL,NULL,NULL,NULL,NULL,,,MCL,MCL,,NULL,NULL,NULL,NULL,NULL,NULL,NULL,NULL,NULL,NULL,NULL
467,DD-FC1-06041-0-2,Pipe,NULL,NULL,Kit A,NULL,,,,ARF,17DP0460S,,,NULL,NULL,NULL,NULL,NULL,,,MCL,MCL,,NULL,NULL,NULL,NULL,NULL,NULL,NULL,NULL,NULL,NULL,NULL
468,DD-FC1-06041-0-1,Pipe,NULL,NULL,Kit A,NULL,,,,ARF,17DP0511S,,,NULL,NULL,NULL,NULL,NULL,,,MCL,MCL,,NULL,NULL,NULL,NULL,NULL,NULL,NULL,NULL,NULL,NULL,NULL
469,DD-FC1-06031-209,Seal Ring,NULL,NULL,Kit A,NULL,,,,ARF,18RP0627L,,,NULL,NULL,NULL,NULL,NULL,,,MCL,MCL,,NULL,NULL,NULL,NULL,NULL,NULL,NULL,NULL,NULL,NULL,NULL
470,DD-FC1-05256-8,Locking Plate,NULL,NULL,Kit A,NULL,,,,ARF,21PM0191L,,,NULL,NULL,NULL,NULL,NULL,,,MCL,MCL,,NULL,NULL,NULL,NULL,NULL,NULL,NULL,NULL,NULL,NULL,NULL
471,DD-FC1-05026-741,Glass,NULL,NULL,Kit A,NULL,,,,ARF,21CS0206L,,,NULL,NULL,NULL,NULL,NULL,,,MCL,MCL,,NULL,NULL,NULL,NULL,NULL,NULL,NULL,NULL,NULL,NULL,NULL
472,DD-FC1-05026-501,Glass,NULL,NULL,Kit A,NULL,,,,ARF,21CS0360L,,,NULL,NULL,NULL,NULL,NULL,,,MCL,MCL,,NULL,NULL,NULL,NULL,NULL,NULL,NULL,NULL,NULL,NULL,NULL
473,DD-FC1-05016-73-Z,Glass,NULL,NULL,Kit A,NULL,,,,ARF,21CS0208L,,,NULL,NULL,NULL,NULL,NULL,,,MCL,MCL,,NULL,NULL,NULL,NULL,NULL,NULL,NULL,NULL,NULL,NULL,NULL
474,DD-FC1-05016-73-Y,Glass,NULL,NULL,Kit A,NULL,,,,ARF,21CS0207L,,,NULL,NULL,NULL,NULL,NULL,,,MCL,MCL,,NULL,NULL,NULL,NULL,NULL,NULL,NULL,NULL,NULL,NULL,NULL
475,DD-FC1-04321-113,Seal Ring,NULL,NULL,Kit A,NULL,,,,ARF,21RP0089L,,,NULL,NULL,NULL,NULL,NULL,,,MCL,MCL,,NULL,NULL,NULL,NULL,NULL,NULL,NULL,NULL,NULL,NULL,NULL
476,CYT11-126,Rubber Ring,NULL,NULL,Kit A,NULL,,TMS,,ARF,22RP0467N,,,NULL,NULL,NULL,NULL,NULL,,,MCL,MCL,,NULL,NULL,NULL,NULL,NULL,NULL,NULL,NULL,NULL,NULL,NULL
477,CTQ23-108,Rubber Ring,NULL,NULL,Kit A,NULL,,,,ARF,09RP0564L,,,NULL,NULL,NULL,NULL,NULL,,,MCL,MCL,,NULL,NULL,NULL,NULL,NULL,NULL,NULL,NULL,NULL,NULL,NULL
478,8CP-OCT133062-80,Self Locking Nut,NULL,NULL,Kit A,NULL,,,,ARF,21MS0555L,,,NULL,NULL,NULL,NULL,NULL,,,MCL,MCL,,NULL,NULL,NULL,NULL,NULL,NULL,NULL,NULL,NULL,NULL,NULL
479,6HB4-84J3-60,Rubber Ring,NULL,NULL,Kit A,NULL,,TMS,,ARF,22RP0251L,,,NULL,NULL,NULL,NULL,NULL,,,MCL,MCL,,NULL,NULL,NULL,NULL,NULL,NULL,NULL,NULL,NULL,NULL,NULL
480,5X10GB1021-1CR18NI9TI,Lock Washer,NULL,NULL,Kit A,NULL,,,,ARF,21PM0513N,,,NULL,NULL,NULL,NULL,NULL,,,MCL,MCL,,NULL,NULL,NULL,NULL,NULL,NULL,NULL,NULL,NULL,NULL,NULL
481,3S43X3-J7,Seal Ring,NULL,NULL,Kit A,NULL,,,,ARF,21RP0249L,,,NULL,NULL,NULL,NULL,NULL,,,MCL,MCL,,NULL,NULL,NULL,NULL,NULL,NULL,NULL,NULL,NULL,NULL,NULL
482,3HB6521-75,Rubber Ring,NULL,NULL,Kit A,NULL,,,,ARF,14RP0073L,,,NULL,NULL,NULL,NULL,NULL,,,MCL,MCL,,NULL,NULL,NULL,NULL,NULL,NULL,NULL,NULL,NULL,NULL,NULL
483,3HB6521-65,Rubber Ring,NULL,NULL,Kit A,NULL,,,,ARF,14RP0072L,,,NULL,NULL,NULL,NULL,NULL,,,MCL,MCL,,NULL,NULL,NULL,NULL,NULL,NULL,NULL,NULL,NULL,NULL,NULL
484,3HB6521-60,Rubber Ring,NULL,NULL,Kit A,NULL,,,,ARF,20RP0119L,,,NULL,NULL,NULL,NULL,NULL,,,MCL,MCL,,NULL,NULL,NULL,NULL,NULL,NULL,NULL,NULL,NULL,NULL,NULL
485,3HB6521-55,Rubber Ring,NULL,NULL,Kit A,NULL,,,,ARF,14RP0071L,,,NULL,NULL,NULL,NULL,NULL,,,MCL,MCL,,NULL,NULL,NULL,NULL,NULL,NULL,NULL,NULL,NULL,NULL,NULL
486,3HB6521-52,Rubber Ring,NULL,NULL,Kit A,NULL,,,,ARF,14RP0070L,,,NULL,NULL,NULL,NULL,NULL,,,MCL,MCL,,NULL,NULL,NULL,NULL,NULL,NULL,NULL,NULL,NULL,NULL,NULL
487,3HB6521-50,Rubber Ring,NULL,NULL,Kit A,NULL,,,,ARF,14RP0069L,,,NULL,NULL,NULL,NULL,NULL,,,MCL,MCL,,NULL,NULL,NULL,NULL,NULL,NULL,NULL,NULL,NULL,NULL,NULL
488,3HB6521-48,Rubber Ring,NULL,NULL,Kit A,NULL,,,,ARF,14RP0068L,,,NULL,NULL,NULL,NULL,NULL,,,MCL,MCL,,NULL,NULL,NULL,NULL,NULL,NULL,NULL,NULL,NULL,NULL,NULL
489,3HB6521-42,Rubber Ring,NULL,NULL,Kit A,NULL,,,,ARF,14RP0067L,,,NULL,NULL,NULL,NULL,NULL,,,MCL,MCL,,NULL,NULL,NULL,NULL,NULL,NULL,NULL,NULL,NULL,NULL,NULL
490,3HB6521-40,Rubber Ring,NULL,NULL,Kit A,NULL,,,,ARF,20RP0118L,,,NULL,NULL,NULL,NULL,NULL,,,MCL,MCL,,NULL,NULL,NULL,NULL,NULL,NULL,NULL,NULL,NULL,NULL,NULL
491,2HB1-504-8,Rubber Ring,NULL,NULL,Kit A,NULL,,,,ARF,81RP0110L,,,NULL,NULL,NULL,NULL,NULL,,,MCL,MCL,,NULL,NULL,NULL,NULL,NULL,NULL,NULL,NULL,NULL,NULL,NULL
492,2HB1-504-6,Seal Ring,NULL,NULL,Kit A,NULL,,,,ARF,85RP0119L,,,NULL,NULL,NULL,NULL,NULL,,,MCL,MCL,,NULL,NULL,NULL,NULL,NULL,NULL,NULL,NULL,NULL,NULL,NULL
493,2HB1-504-4,Seal Ring,NULL,NULL,Kit A,NULL,,,,ARF,17RP0584L,,,NULL,NULL,NULL,NULL,NULL,,,MCL,MCL,,NULL,NULL,NULL,NULL,NULL,NULL,NULL,NULL,NULL,NULL,NULL
494,19XZJ10-6221-11,Seal Ring,NULL,NULL,Kit A,NULL,,RP,4170,ARF,MCL (EJECTION) DIE,WLOGTF290820220057 ,81-JF-17-78,NULL,NULL,NULL,NULL,NULL,AWT MAT (4171),,MCL,MCL (EJECTION) DIE,Check what Mat is awaited,NULL,NULL,NULL,NULL,NULL,NULL,NULL,NULL,NULL,NULL,NULL
495,19XZJ10-6221-10,Seal Ring,NULL,NULL,Kit A,NULL,,RP,4172,ARF,MCL (AWT 4172),WLOGTF120520220014 ,,NULL,NULL,NULL,NULL,NULL,AWT MAT (4172),,MCL,MCL (AWT 4172),,NULL,NULL,NULL,NULL,NULL,NULL,NULL,NULL,NULL,NULL,NULL
496,19X(Z)-DD-FC1-77011-502,L-Shape Rubber Pad,NULL,NULL,Kit A,NULL,,RP,,ARF,23RP0015N,,,NULL,NULL,NULL,NULL,NULL,,,MCL,MCL,,NULL,NULL,NULL,NULL,NULL,NULL,NULL,NULL,NULL,NULL,NULL
497,10-X1MPACOCT134527-80,Washer,NULL,NULL,Kit A,NULL,,,,ARF,20PM0251N,,,NULL,NULL,NULL,NULL,NULL,,,MCL,MCL,,NULL,NULL,NULL,NULL,NULL,NULL,NULL,NULL,NULL,NULL,NULL
498,10Q/611S124,Gasket,NULL,NULL,Kit A,NULL,,TMS,,ARF,AREA UNKNOWN,,,NULL,NULL,NULL,NULL,NULL,,,MCL,MCL (AREA UNKNOWN),,NULL,NULL,NULL,NULL,NULL,NULL,NULL,NULL,NULL,NULL,NULL
499,062.65.0339,Lock Washer,NULL,NULL,Kit A,NULL,,,,ARF,20PM0316N,,,NULL,NULL,NULL,NULL,NULL,,,MCL,MCL,,NULL,NULL,NULL,NULL,NULL,NULL,NULL,NULL,NULL,NULL,NULL
500,DD-FC1-68246-1,Label,NULL,NULL,Kit A,NULL,,,,ARF,0,,,NULL,NULL,NULL,NULL,NULL,,,MCL,MCL,,NULL,NULL,NULL,NULL,NULL,NULL,NULL,NULL,NULL,NULL,NULL
501,DD-FC1-62021-80/1,Comination Pipe Clip,NULL,NULL,Kit B,NULL,,MS,,ARF,22MS0453N,,,NULL,NULL,NULL,NULL,NULL,,,MCL,MCL,,NULL,NULL,NULL,NULL,NULL,NULL,NULL,NULL,NULL,NULL,NULL
502,DD-FC1-55135-50,Pipe Clip,NULL,NULL,Kit B,NULL,,MS,,ARF,22MS0459L,,,NULL,NULL,NULL,NULL,NULL,,,MCL,MCL,,NULL,NULL,NULL,NULL,NULL,NULL,NULL,NULL,NULL,NULL,NULL
503,Q/J10-0051-1,Bush,NULL,NULL,Kit B,NULL,,PMC,,ARF,23MS0369N,WLOGTF090920210025 ,,NULL,NULL,NULL,NULL,NULL,,,MCL,MCL,,NULL,NULL,NULL,NULL,NULL,NULL,NULL,NULL,NULL,NULL,NULL
504,Q/J10-0049-3,Bolt (Rec'D From Log),NULL,NULL,Kit B,NULL,,MS,,ARF,0,WLOGTF240820220056 ,,NULL,NULL,NULL,NULL,NULL,Mfg issue,,Part under TF,Part Under Trial Manufacturing,Spring is soft as per user response. Develop material from IIA material & put it on trial,NULL,NULL,NULL,NULL,NULL,NULL,NULL,NULL,NULL,NULL,NULL
505,Q/J10-0049-2,Bolt,NULL,NULL,Kit B,NULL,,MS,,ARF,0,WLOGTF060620220016 ,,NULL,NULL,NULL,NULL,NULL,Mfg issue,,Part under TF,Part Under Trial Manufacturing,Spring is soft as per user response. Develop material from IIA material & put it on trial. In Liew with 1Q/611S-89-2,NULL,NULL,NULL,NULL,NULL,NULL,NULL,NULL,NULL,NULL,NULL
506,Q/J10-0049-1,Bolt (Rec'D From Log),NULL,NULL,Kit B,NULL,,MS,,ARF,0,WLOGTF240820220055 ,,NULL,NULL,NULL,NULL,NULL,Mfg issue,,Part under TF,Part Under Trial Manufacturing,Spring is soft as per user response. Develop material from IIA material & put it on trial,NULL,NULL,NULL,NULL,NULL,NULL,NULL,NULL,NULL,NULL,NULL
507,Q/611S-97-4X9,Special Rivets,NULL,NULL,Kit B,NULL,,MS,,ARF,0,WLOGTF211020210008 ,,NULL,NULL,NULL,NULL,NULL,Under rework,,Part under TF,Part Under Trial Manufacturing,Check status. What rework is being done. Similar part on MCL. Check if same can be marke don MCL or not,NULL,NULL,NULL,NULL,NULL,NULL,NULL,NULL,NULL,NULL,NULL
508,Q/611S-97-4X14,Special Rivets (Log),NULL,NULL,Kit B,NULL,,MS,,ARF,23MS0073N,,,NULL,NULL,NULL,NULL,NULL,,,MCL,MCL,,NULL,NULL,NULL,NULL,NULL,NULL,NULL,NULL,NULL,NULL,NULL
509,Q/611S-97-4X12,Special Rivets (Log),NULL,NULL,Kit B,NULL,,MS,,ARF,22MS0473N,,,NULL,NULL,NULL,NULL,NULL,,,MCL,MCL,,NULL,NULL,NULL,NULL,NULL,NULL,NULL,NULL,NULL,NULL,NULL
510,Q/611S-97-4X11,Special Rivets (Log),NULL,NULL,Kit B,NULL,,MS,,ARF,0,WLOGTF010220220018 ,,NULL,NULL,NULL,NULL,NULL,Under rework,,Part under TF,Part Under Trial Manufacturing,Check status. What rework is being done. Similar part on MCL. Check if same can be marke don MCL or not,NULL,NULL,NULL,NULL,NULL,NULL,NULL,NULL,NULL,NULL,NULL
511,Q/611S-97-4X10,Special Rivets,NULL,NULL,Kit B,NULL,,MS,,ARF,0,WLOGTF110320210391 ,,NULL,NULL,NULL,NULL,NULL,Under rework,,Part under TF,Part Under Trial Manufacturing,Under Trial Test to Part Under Trial Manufacturing to  (12 march). Check status. What rework is being done. Similar part on MCL. Check if same can be marke don MCL or not,NULL,NULL,NULL,NULL,NULL,NULL,NULL,NULL,NULL,NULL,NULL
512,Q/611S-57-1,Quick Operating Lock,NULL,NULL,ADIC TASKED,NULL,,MS,,ARF,0,WLOGTF311020220004 ,,NULL,NULL,NULL,NULL,NULL,,,Beyond Capability,BEYOND CAP,spring issue,NULL,NULL,NULL,NULL,NULL,NULL,NULL,NULL,NULL,NULL,NULL
513,Q/611S-52-1,Quick Operating Lock,NULL,NULL,ADIC TASKED,NULL,,,,ARF,0,,,NULL,NULL,NULL,NULL,NULL,,,Beyond Capability,BEYOND CAP,Sketch Drawing Complete,NULL,NULL,NULL,NULL,NULL,NULL,NULL,NULL,NULL,NULL,NULL
514,Q/611S423FDF8ab,Clamp (Rec'D From Log),NULL,NULL,Kit B,NULL,,SM,,ARF,AREA UNKNOWN,WLOGTF010920220009 ,,NULL,NULL,NULL,NULL,NULL,,,MCL,MCL (AREA UNKNOWN),MCL,NULL,NULL,NULL,NULL,NULL,NULL,NULL,NULL,NULL,NULL,NULL
515,Q/611S423FDF6ab,Clamp (Rec'D From Log),NULL,NULL,Kit B,NULL,,SM,,ARF,AREA UNKNOWN,WLOGTF171220210004 ,,NULL,NULL,NULL,NULL,NULL,,,MCL,MCL (AREA UNKNOWN),MCL,NULL,NULL,NULL,NULL,NULL,NULL,NULL,NULL,NULL,NULL,NULL
516,Q/611S423FDF12ab,Clamp (Rec'D From Log),NULL,NULL,Kit B,NULL,,SM,,ARF,TF,,,NULL,NULL,NULL,NULL,NULL,,,MCL,Area Unknown (MCL),,NULL,NULL,NULL,NULL,NULL,NULL,NULL,NULL,NULL,NULL,NULL
517,Q/611S422LBJ12aB,Clamp (Rec'D From Log),NULL,NULL,Kit B,NULL,,,,ARF,21SM0614N,,,NULL,NULL,NULL,NULL,NULL,,,MCL,MCL,,NULL,NULL,NULL,NULL,NULL,NULL,NULL,NULL,NULL,NULL,NULL
518,Q/611S422LBJ10ab,Clamp (Rec'D From Log),NULL,NULL,Kit B,NULL,,TMS,,ARF,0,Bending Die,65-JF17-12,NULL,NULL,NULL,NULL,NULL,Area unknown,,Part under TF,Part Under Trial Manufacturing,Cancel Form-48 of die. Put it on MCL. Form-017 are missing. Fianlize disposal,NULL,NULL,NULL,NULL,NULL,NULL,NULL,NULL,NULL,NULL,NULL
519,Q/611S422LBF30B,Clamp (Rec'D From Log),NULL,NULL,Kit B,NULL,,,,ARF,21SM0611N,,,NULL,NULL,NULL,NULL,NULL,,,MCL,MCL,,NULL,NULL,NULL,NULL,NULL,NULL,NULL,NULL,NULL,NULL,NULL
520,Q/611S422LBF18B,Clamp,NULL,NULL,Kit B,NULL,,SM,,ARF,TF,,,NULL,NULL,NULL,NULL,NULL,,,MCL,Area Unknown (MCL),,NULL,NULL,NULL,NULL,NULL,NULL,NULL,NULL,NULL,NULL,NULL
521,Q/611S422LBF12A,Clamp (Rec'D From Log),NULL,NULL,Kit B,NULL,,SM,,ARF,22SM0202N,,,NULL,NULL,NULL,NULL,NULL,,,MCL,MCL,,NULL,NULL,NULL,NULL,NULL,NULL,NULL,NULL,NULL,NULL,NULL
522,Q/611S422LB8B,Clamp With Pad (Log),NULL,NULL,Kit B,NULL,,,,ARF,21SM0612N,,,NULL,NULL,NULL,NULL,NULL,,,MCL,MCL,,NULL,NULL,NULL,NULL,NULL,NULL,NULL,NULL,NULL,NULL,NULL
523,Q/611S422LB8,Clamp With Pad,NULL,NULL,Kit B,NULL,,,,ARF,21SM0612N,,,NULL,NULL,NULL,NULL,NULL,,,MCL,MCL,,NULL,NULL,NULL,NULL,NULL,NULL,NULL,NULL,NULL,NULL,NULL
524,Q/611S422LB10B,Clamp With Pad (Rec'D Log),NULL,NULL,Kit B,NULL,,,,ARF,21SM0550L,,,NULL,NULL,NULL,NULL,NULL,,,MCL,MCL,,NULL,NULL,NULL,NULL,NULL,NULL,NULL,NULL,NULL,NULL,NULL
525,Q/611S422FDJ24B,Clamp,NULL,NULL,Kit B,NULL,,SM,,ARF,22SM0427N,,,NULL,NULL,NULL,NULL,NULL,,,MCL,MCL,,NULL,NULL,NULL,NULL,NULL,NULL,NULL,NULL,NULL,NULL,NULL
526,Q/611S422FDJ18B,Clamp,NULL,NULL,Kit B,NULL,,SM,,ARF,AREA UNKNOWN,,,NULL,NULL,NULL,NULL,NULL,,,MCL,MCL (AREA UNKNOWN),,NULL,NULL,NULL,NULL,NULL,NULL,NULL,NULL,NULL,NULL,NULL
527,Q/611S422FDJ12aB,Pipe Clip,NULL,NULL,Kit B,NULL,,TMS,,ARF,0,Bending Die,65-JF17-13,NULL,NULL,NULL,NULL,NULL,Area unknown,,Part under TF,Part Under Trial Manufacturing,Cancel Form-48 of die. Put it on MCL. Form-017 are missing.  Can be marke don Trial in Aug state,NULL,NULL,NULL,NULL,NULL,NULL,NULL,NULL,NULL,NULL,NULL
528,Q/611598MJ6X1,Nut,NULL,NULL,Kit B,NULL,,MS,CR18NI12M02TI-L10MM,ARF,0,WLOGTF160620220028 ,,NULL,NULL,NULL,NULL,NULL,Awt Mat,,Part under TF,Part Under Trial Manufacturing,mat not on demand. Alternate working to be done,NULL,NULL,NULL,NULL,NULL,NULL,NULL,NULL,NULL,NULL,NULL
529,Q/3A3-38A-HF5X16-8.5,Screw,NULL,NULL,Kit B,NULL,,,,ARF,14MS0252L,,,NULL,NULL,NULL,NULL,NULL,,,MCL,MCL,,NULL,NULL,NULL,NULL,NULL,NULL,NULL,NULL,NULL,NULL,NULL
530,Q/3A3-2LA-82,Clamping Plate,NULL,NULL,Kit B,NULL,,,,ARF,09MS0007L,,,NULL,NULL,NULL,NULL,NULL,,,MCL,MCL,,NULL,NULL,NULL,NULL,NULL,NULL,NULL,NULL,NULL,NULL,NULL
531,Q/3A3-2LA-80,Pipe Clip,NULL,NULL,Kit B,NULL,,,,ARF,18MS0404L,,,NULL,NULL,NULL,NULL,NULL,,,MCL,MCL,,NULL,NULL,NULL,NULL,NULL,NULL,NULL,NULL,NULL,NULL,NULL
532,Q/3A3-2LA-8,Clamping Plate,NULL,NULL,Kit B,NULL,,,,ARF,09MS0044L,,,NULL,NULL,NULL,NULL,NULL,,,MCL,MCL,,NULL,NULL,NULL,NULL,NULL,NULL,NULL,NULL,NULL,NULL,NULL
533,Q/3A3-2LA-72,Pipe Clip,NULL,NULL,Kit B,NULL,,,,ARF,18MS0403L,,,NULL,NULL,NULL,NULL,NULL,,,MCL,MCL,,NULL,NULL,NULL,NULL,NULL,NULL,NULL,NULL,NULL,NULL,NULL
534,Q/3A3-2LA-61,Clamp,NULL,NULL,Kit B,NULL,,,,ARF,18MS0393L,,,NULL,NULL,NULL,NULL,NULL,,,MCL,MCL,,NULL,NULL,NULL,NULL,NULL,NULL,NULL,NULL,NULL,NULL,NULL
535,Q/3A3-2LA-6,Combined Pipe Clamp,NULL,NULL,Kit B,NULL,,,,ARF,09MS0042L,,,NULL,NULL,NULL,NULL,NULL,,,MCL,MCL,,NULL,NULL,NULL,NULL,NULL,NULL,NULL,NULL,NULL,NULL,NULL
536,Q/3A3-2LA-48,Clamping Plate,NULL,NULL,Kit B,NULL,,,,ARF,09MS0074L,,,NULL,NULL,NULL,NULL,NULL,,,MCL,MCL,,NULL,NULL,NULL,NULL,NULL,NULL,NULL,NULL,NULL,NULL,NULL
537,Q/3A3-2LA-37,Combined Pipe Clamp ,NULL,NULL,Kit B,NULL,,,,ARF,09MS0077L,,,NULL,NULL,NULL,NULL,NULL,,,MCL,MCL,,NULL,NULL,NULL,NULL,NULL,NULL,NULL,NULL,NULL,NULL,NULL
538,Q/3A3-2LA-36,Combined Pipe Clamp,NULL,NULL,Kit B,NULL,,,,ARF,09MS0009L,,,NULL,NULL,NULL,NULL,NULL,,,MCL,MCL,,NULL,NULL,NULL,NULL,NULL,NULL,NULL,NULL,NULL,NULL,NULL
539,Q/3A3-2LA-35,Pipe Clamp,NULL,NULL,Kit B,NULL,,MS,,ARF,22MS0155L,,,NULL,NULL,NULL,NULL,NULL,,,MCL,MCL,,NULL,NULL,NULL,NULL,NULL,NULL,NULL,NULL,NULL,NULL,NULL
540,Q/3A3-2LA-25,Combined Pipe Clamp,NULL,NULL,Kit B,NULL,,,,ARF,09MS0081L,,,NULL,NULL,NULL,NULL,NULL,,,MCL,MCL,,NULL,NULL,NULL,NULL,NULL,NULL,NULL,NULL,NULL,NULL,NULL
541,Q/3A3-2LA-22,Combined Pipe Clamp,NULL,NULL,Kit B,NULL,,,,ARF,07MS0510N,,,NULL,NULL,NULL,NULL,NULL,,,MCL,MCL,,NULL,NULL,NULL,NULL,NULL,NULL,NULL,NULL,NULL,NULL,NULL
542,Q/3A3-2LA-2,Combined Pipe Clamp,NULL,NULL,Kit B,NULL,,,,ARF,09MS0058L,,,NULL,NULL,NULL,NULL,NULL,,,MCL,MCL,,NULL,NULL,NULL,NULL,NULL,NULL,NULL,NULL,NULL,NULL,NULL
543,Q/3A3-2LA-174,Pipe Clip,NULL,NULL,Kit B,NULL,,,,ARF,18MS0402L,,,NULL,NULL,NULL,NULL,NULL,,,MCL,MCL,,NULL,NULL,NULL,NULL,NULL,NULL,NULL,NULL,NULL,NULL,NULL
544,Q/3A3-2LA-14,Pipe Clip,NULL,NULL,Kit B,NULL,,,,ARF,09MS0034L,,,NULL,NULL,NULL,NULL,NULL,,,MCL,MCL,,NULL,NULL,NULL,NULL,NULL,NULL,NULL,NULL,NULL,NULL,NULL
545,Q/3A3-2LA-10,Combined Pipe Clamp,NULL,NULL,Kit B,NULL,,,,ARF,09MS0032L,,,NULL,NULL,NULL,NULL,NULL,,,MCL,MCL,,NULL,NULL,NULL,NULL,NULL,NULL,NULL,NULL,NULL,NULL,NULL
546,Q/3A3-2LA-1,Combined Pipe Clamp,NULL,NULL,Kit B,NULL,,,,ARF,09MS0031L,,,NULL,NULL,NULL,NULL,NULL,,,MCL,MCL,,NULL,NULL,NULL,NULL,NULL,NULL,NULL,NULL,NULL,NULL,NULL
547,Q/3A3-29LA-8,Clamp Ring,NULL,NULL,Kit B,NULL,,,,ARF,00SM0082L,,,NULL,NULL,NULL,NULL,NULL,,,MCL,MCL,,NULL,NULL,NULL,NULL,NULL,NULL,NULL,NULL,NULL,NULL,NULL
548,Q/3A3-29LA-38,Clamp ,NULL,NULL,Kit B,NULL,,SM,,ARF,22SM0362L,,,NULL,NULL,NULL,NULL,NULL,,,MCL,MCL,,NULL,NULL,NULL,NULL,NULL,NULL,NULL,NULL,NULL,NULL,NULL
549,Q/3A3-29LA-20,Clamp,NULL,NULL,Kit B,NULL,,,,ARF,00SM0080L,,,NULL,NULL,NULL,NULL,NULL,,,MCL,MCL,,NULL,NULL,NULL,NULL,NULL,NULL,NULL,NULL,NULL,NULL,NULL
550,Q/3A3-29LA-18,Clamp Ring,NULL,NULL,Kit B,NULL,,,,ARF,00SM0079L,,,NULL,NULL,NULL,NULL,NULL,,,MCL,MCL,,NULL,NULL,NULL,NULL,NULL,NULL,NULL,NULL,NULL,NULL,NULL
551,Q/3A1-54-M6,Self Locking Nut,NULL,NULL,Kit B,NULL,,,,ARF,21MS0411L,,,NULL,NULL,NULL,NULL,NULL,,,MCL,MCL,,NULL,NULL,NULL,NULL,NULL,NULL,NULL,NULL,NULL,NULL,NULL
552,Q/3A1-54-6,Nut,NULL,NULL,Kit B,NULL,,MS,,ARF,21MS0411L,,,NULL,NULL,NULL,NULL,NULL,,,MCL,MCL,,NULL,NULL,NULL,NULL,NULL,NULL,NULL,NULL,NULL,NULL,NULL
553,Q/3A1-38HF-6X18-8.5,Screw,NULL,NULL,Kit B,NULL,,,,ARF,14MS0256L,,,NULL,NULL,NULL,NULL,NULL,,,MCL,MCL,,NULL,NULL,NULL,NULL,NULL,NULL,NULL,NULL,NULL,NULL,NULL
554,Q/3A1-38HF-6X14-8.5,Screw,NULL,NULL,Kit B,NULL,,,,ARF,14MS0273L,,,NULL,NULL,NULL,NULL,NULL,,,MCL,MCL,,NULL,NULL,NULL,NULL,NULL,NULL,NULL,NULL,NULL,NULL,NULL
555,Q/3A1-38HF-5X18-8.5,Screw,NULL,NULL,Kit B,NULL,,,,ARF,18MS0639L,,,NULL,NULL,NULL,NULL,NULL,,,MCL,MCL,,NULL,NULL,NULL,NULL,NULL,NULL,NULL,NULL,NULL,NULL,NULL
556,Q/3A1-38HF-5X11-8.5,Bolt,NULL,NULL,Kit B,NULL,,,,ARF,18MS0637L,,,NULL,NULL,NULL,NULL,NULL,,,MCL,MCL,,NULL,NULL,NULL,NULL,NULL,NULL,NULL,NULL,NULL,NULL,NULL
557,Q/3A1-38HF-5X10X8.5,Bolt,NULL,NULL,Kit B,NULL,,,,ARF,20MS0292L,,,NULL,NULL,NULL,NULL,NULL,,,MCL,MCL,,NULL,NULL,NULL,NULL,NULL,NULL,NULL,NULL,NULL,NULL,NULL
558,Q/3A1-38HF-5X10-8.5,Screw,NULL,NULL,Kit B,NULL,,,,ARF,20MS0292L,,,NULL,NULL,NULL,NULL,NULL,,,MCL,MCL,,NULL,NULL,NULL,NULL,NULL,NULL,NULL,NULL,NULL,NULL,NULL
559,Q/3A1-38HF-5X10-6.5,Screw,NULL,NULL,Kit B,NULL,,,,ARF,14MS0261L,,,NULL,NULL,NULL,NULL,NULL,,,MCL,MCL,,NULL,NULL,NULL,NULL,NULL,NULL,NULL,NULL,NULL,NULL,NULL
560,Q/3A1-38HF5x10-6.5,Screw,NULL,NULL,Kit B,NULL,,,,ARF,14MS0261L,,,NULL,NULL,NULL,NULL,NULL,,,MCL,MCL,,NULL,NULL,NULL,NULL,NULL,NULL,NULL,NULL,NULL,NULL,NULL
561,Q/3A1-38A-HF-5X18-8.5,Bolt,NULL,NULL,Kit B,NULL,,,,ARF,18MS0386L,,,NULL,NULL,NULL,NULL,NULL,,,MCL,MCL,,NULL,NULL,NULL,NULL,NULL,NULL,NULL,NULL,NULL,NULL,NULL
562,Q/3A1-38A-HF-5X16-8.5,Bolt,NULL,NULL,Kit B,NULL,,,,ARF,14MS0252L,,,NULL,NULL,NULL,NULL,NULL,,,MCL,MCL,,NULL,NULL,NULL,NULL,NULL,NULL,NULL,NULL,NULL,NULL,NULL
563,Q/3A1-38A-HF-5X16-10.5,Bolt,NULL,NULL,Kit B,NULL,,,,ARF,14MS0265L,,,NULL,NULL,NULL,NULL,NULL,,,MCL,MCL,,NULL,NULL,NULL,NULL,NULL,NULL,NULL,NULL,NULL,NULL,NULL
564,Q/3A1-38A-HF5X14-8.5,Bolt,NULL,NULL,Kit B,NULL,,,,ARF,18MS0385L,,,NULL,NULL,NULL,NULL,NULL,,,MCL,MCL,,NULL,NULL,NULL,NULL,NULL,NULL,NULL,NULL,NULL,NULL,NULL
565,Q/3A1-38A-HF-5X12-8.5,Bolt,NULL,NULL,Kit B,NULL,,,,ARF,18MS0389L,,,NULL,NULL,NULL,NULL,NULL,,,MCL,MCL,,NULL,NULL,NULL,NULL,NULL,NULL,NULL,NULL,NULL,NULL,NULL
566,Q/3A1-38AHF-5X12-6.5,Bolt,NULL,NULL,Kit B,NULL,,,,ARF,14MS0250L,,,NULL,NULL,NULL,NULL,NULL,,,MCL,MCL,,NULL,NULL,NULL,NULL,NULL,NULL,NULL,NULL,NULL,NULL,NULL
567,Q/3A1-33HF-6X12X8.5,Screw,NULL,NULL,Kit B,NULL,,,,ARF,18MS0381L,,,NULL,NULL,NULL,NULL,NULL,,,MCL,MCL,,NULL,NULL,NULL,NULL,NULL,NULL,NULL,NULL,NULL,NULL,NULL
568,Q/3A1-33HF5X14-8.5,Bolt,NULL,NULL,Kit B,NULL,,,,ARF,17MS0631L,,,NULL,NULL,NULL,NULL,NULL,,,MCL,MCL,,NULL,NULL,NULL,NULL,NULL,NULL,NULL,NULL,NULL,NULL,NULL
569,Q/3A1-33HF-5X12-8.5,Bolt,NULL,NULL,Kit B,NULL,,,,ARF,18MS0381L,,,NULL,NULL,NULL,NULL,NULL,,,MCL,MCL,,NULL,NULL,NULL,NULL,NULL,NULL,NULL,NULL,NULL,NULL,NULL
570,Q/3A1-33HF-5X11-6.5,Bolt,NULL,NULL,Kit B,NULL,,,,ARF,18MS0632L,,,NULL,NULL,NULL,NULL,NULL,,,MCL,MCL,,NULL,NULL,NULL,NULL,NULL,NULL,NULL,NULL,NULL,NULL,NULL
571,Q/3A1-33HF-4X16-9,Ldg Gear Pnl Screw,NULL,NULL,Kit B,NULL,,,,ARF,15MS0216L,,,NULL,NULL,NULL,NULL,NULL,,,MCL,MCL,,NULL,NULL,NULL,NULL,NULL,NULL,NULL,NULL,NULL,NULL,NULL
572,Q/3A1-31HF-6X26-7.5,Bolt,NULL,NULL,Kit B,NULL,,,,ARF,07MS0261N,,,NULL,NULL,NULL,NULL,NULL,,,MCL,MCL,,NULL,NULL,NULL,NULL,NULL,NULL,NULL,NULL,NULL,NULL,NULL
573,Q/3A1-31HF-6X14X10,Screw,NULL,NULL,Kit B,NULL,,,,ARF,18MS0636L,,,NULL,NULL,NULL,NULL,NULL,,,MCL,MCL,,NULL,NULL,NULL,NULL,NULL,NULL,NULL,NULL,NULL,NULL,NULL
574,Q/3A1-31HF-5X20X3-10.5,Screw,NULL,NULL,Kit B,NULL,,,,ARF,18MS0350L,,,NULL,NULL,NULL,NULL,NULL,,,MCL,MCL,,NULL,NULL,NULL,NULL,NULL,NULL,NULL,NULL,NULL,NULL,NULL
575,M5GB54-30CrMnSiA,Nut,NULL,NULL,Kit B,NULL,,,,ARF,00MS0005L,,,NULL,NULL,NULL,NULL,NULL,,,MCL,MCL,,NULL,NULL,NULL,NULL,NULL,NULL,NULL,NULL,NULL,NULL,NULL
576,HB6-89-1-4,Bolt,NULL,NULL,Kit B,NULL,,,,ARF,21MS0650N,,,NULL,NULL,NULL,NULL,NULL,,,MCL,MCL,,NULL,NULL,NULL,NULL,NULL,NULL,NULL,NULL,NULL,NULL,NULL
577,HB6746-4X9,Special Rivets (Log),NULL,NULL,Kit B,NULL,,MS,,ARF,22MS0422N,,,NULL,NULL,NULL,NULL,NULL,,,MCL,MCL,,NULL,NULL,NULL,NULL,NULL,NULL,NULL,NULL,NULL,NULL,NULL
578,HB6746-4X8,Special Rivets (Log),NULL,NULL,Kit B,NULL,,MS,,ARF,0,WLOGTF010220220014 ,,NULL,NULL,NULL,NULL,NULL,Under rework,,Part under TF,Part Under Trial Manufacturing," Check staus of current part. -4x13 part under trial. If cleared, then maybe mark both on MCL.",NULL,NULL,NULL,NULL,NULL,NULL,NULL,NULL,NULL,NULL,NULL
579,HB6746-4X16,Special Rivets (Log),NULL,NULL,Kit B,NULL,,MS,,ARF,0,WLOGTF291120210017 ,,NULL,NULL,NULL,NULL,NULL,Under rework,,Part under TF,Part Under Trial Manufacturing," Check staus of current part. -4x13 part under trial. If cleared, then maybe mark both on MCL.",NULL,NULL,NULL,NULL,NULL,NULL,NULL,NULL,NULL,NULL,NULL
580,HB67464X15,Coronary Rivet (Log),NULL,NULL,Kit B,NULL,,MS,,ARF,23MS0254N,,,NULL,NULL,NULL,NULL,NULL,,,MCL,MCL,,NULL,NULL,NULL,NULL,NULL,NULL,NULL,NULL,NULL,NULL,NULL
581,HB6746-4X14,Special Rivets (Log),NULL,NULL,Kit B,NULL,,MS,,ARF,0,WLOGTF010220220017 ,,NULL,NULL,NULL,NULL,NULL,Under rework,,Part under TF,Part Under Trial Manufacturing,Part Under Trial Test TO Part under trial mfg 07-03-24,NULL,NULL,NULL,NULL,NULL,NULL,NULL,NULL,NULL,NULL,NULL
582,HB6746-4X13,Special Rivets (Log),NULL,NULL,Kit B,NULL,,MS,,ARF,0,WLOGTF290920210013 ,,NULL,NULL,NULL,NULL,NULL,,,Under Trial Test,Under Trial Test,,NULL,NULL,NULL,NULL,NULL,NULL,NULL,NULL,NULL,NULL,NULL
583,HB6746-4X12,Special Rivets (Log),NULL,NULL,Kit B,NULL,,MS,,ARF,0,WLOGTF010220220016 ,,NULL,NULL,NULL,NULL,NULL,Under rework,,Part under TF,Part Under Trial Manufacturing," Check staus of current part. -4x13 part under trial. If cleared, then maybe mark both on MCL.",NULL,NULL,NULL,NULL,NULL,NULL,NULL,NULL,NULL,NULL,NULL
584,HB6746-4X11,Special Rivets (Log),NULL,NULL,Kit B,NULL,,MS,,ARF,22MS0423N,,,NULL,NULL,NULL,NULL,NULL,,,MCL,MCL,,NULL,NULL,NULL,NULL,NULL,NULL,NULL,NULL,NULL,NULL,NULL
585,HB6746-4X10,Special Rivets (Log),NULL,NULL,Kit B,NULL,,MS,,ARF,0,WLOGTF010220220015 ,,NULL,NULL,NULL,NULL,NULL,Under rework,,Part under TF,Part Under Trial Manufacturing,"Part Under Trial Test TO Part under trial mfg 07-03-24. Check staus of current part. -4x13 part under trial. If cleared, then maybe mark both on MCL.",NULL,NULL,NULL,NULL,NULL,NULL,NULL,NULL,NULL,NULL,NULL
586,HB6423MJ22X1.5,Nut,NULL,NULL,Kit B,NULL,,MS,,ARF,0,WLOGTF080520190039 ,,NULL,NULL,NULL,NULL,NULL,AWT TOOL,,Part under TF,Part Under Trial Manufacturing,"13.7 kg availabe in Log. Tell mfg agency to demand material & mfg the part for trial. Tool is waited. However, similar part on MCL. Check if Form-022 can be acquired or not",NULL,NULL,NULL,NULL,NULL,NULL,NULL,NULL,NULL,NULL,NULL
587,HB6423MJ20X1.5,Nut,NULL,NULL,Kit B,NULL,,,,ARF,0,,,NULL,NULL,NULL,NULL,NULL,,,MCL,MCL (OLD),,NULL,NULL,NULL,NULL,NULL,NULL,NULL,NULL,NULL,NULL,NULL
588,HB6420MJ24X2,Nut,NULL,NULL,Kit B,NULL,,MS,,ARF,0,WLOGTF130720210016 ,,NULL,NULL,NULL,NULL,NULL,AWT TOOL,,Part under TF,Part Under Trial Manufacturing,"Possibility for similar part on MCL. However, hand tap tool is require for threading of this part. Awt hand tap; Thread guage acquired. Chek if form-022 can be intiated or not",NULL,NULL,NULL,NULL,NULL,NULL,NULL,NULL,NULL,NULL,NULL
589,HB6420MJ20X1.5,Nut,NULL,NULL,Kit B,NULL,,,,ARF,21MS0278L,,,NULL,NULL,NULL,NULL,NULL,,,MCL,MCL,,NULL,NULL,NULL,NULL,NULL,NULL,NULL,NULL,NULL,NULL,NULL
590,HB6420MJ18X1.5,Nut,NULL,NULL,Kit B,NULL,,MS,,ARF,23MS0367N,WLOGTF080520190038 ,,NULL,NULL,NULL,NULL,NULL,,,MCL,MCL,"MCL in Nov, 23",NULL,NULL,NULL,NULL,NULL,NULL,NULL,NULL,NULL,NULL,NULL
591,HB6420MJ14X1.5,Nut,NULL,NULL,Kit B,NULL,,MS,,ARF,24MS0063N,WLOGTF030620210115 ,,NULL,NULL,NULL,NULL,NULL,,,MCL,MCL (NEW),UNDER TRIAL TEST TO MCL 03-06-24,NULL,NULL,NULL,NULL,NULL,NULL,NULL,NULL,NULL,NULL,NULL
592,HB6318-4X12,Rivet,NULL,NULL,Kit B,NULL,,,,ARF,10MS0034L,,,NULL,NULL,NULL,NULL,NULL,,,MCL,MCL,,NULL,NULL,NULL,NULL,NULL,NULL,NULL,NULL,NULL,NULL,NULL
593,HB6318-3.5X12,Rivet,NULL,NULL,Kit B,NULL,,,,ARF,0,,,NULL,NULL,NULL,NULL,NULL,,,MCL,MCL (OLD),,NULL,NULL,NULL,NULL,NULL,NULL,NULL,NULL,NULL,NULL,NULL
594,HB6316.4X14,120? Cs Al Alloy Rivet,NULL,NULL,Kit B,NULL,,,,ARF,02MS0236L,,,NULL,NULL,NULL,NULL,NULL,,,MCL,MCL,,NULL,NULL,NULL,NULL,NULL,NULL,NULL,NULL,NULL,NULL,NULL
595,HB6316.4X12,120? Cs Al Alloy Rivet,NULL,NULL,Kit B,NULL,,,,ARF,01MS0204L,,,NULL,NULL,NULL,NULL,NULL,,,MCL,MCL,,NULL,NULL,NULL,NULL,NULL,NULL,NULL,NULL,NULL,NULL,NULL
596,HB6316.4X10,120? Cs Al Alloy Rivet,NULL,NULL,Kit B,NULL,,,,ARF,00MS1512L,,,NULL,NULL,NULL,NULL,NULL,,,MCL,MCL,,NULL,NULL,NULL,NULL,NULL,NULL,NULL,NULL,NULL,NULL,NULL
597,HB6316.3X8,120? Cs Al Alloy Rivet,NULL,NULL,Kit B,NULL,,,,ARF,02MS0180L,,,NULL,NULL,NULL,NULL,NULL,,,MCL,MCL,,NULL,NULL,NULL,NULL,NULL,NULL,NULL,NULL,NULL,NULL,NULL
598,HB6316.3X10,120? Cs Al Alloy Rivet,NULL,NULL,Kit B,NULL,,,,ARF,02MS0180L,,,NULL,NULL,NULL,NULL,NULL,,,MCL,MCL,,NULL,NULL,NULL,NULL,NULL,NULL,NULL,NULL,NULL,NULL,NULL
599,HB6316.2.5X8,120? Cs Al Alloy Rivet,NULL,NULL,Kit B,NULL,,,,ARF,01MS0617L,,,NULL,NULL,NULL,NULL,NULL,,,MCL,MCL,,NULL,NULL,NULL,NULL,NULL,NULL,NULL,NULL,NULL,NULL,NULL
600,HB6316.2.5X12,120? Cs Al Alloy Rivet,NULL,NULL,Kit B,NULL,,,,ARF,02MS0032L,,,NULL,NULL,NULL,NULL,NULL,,,MCL,MCL,,NULL,NULL,NULL,NULL,NULL,NULL,NULL,NULL,NULL,NULL,NULL
601,HB6306-2.5X12,Rivet (Log),NULL,NULL,Kit B,NULL,,MS,,ARF,22MS0445N,,,NULL,NULL,NULL,NULL,NULL,,,MCL,MCL,,NULL,NULL,NULL,NULL,NULL,NULL,NULL,NULL,NULL,NULL,NULL
602,HB6276M6-D,Nut,NULL,NULL,Kit B,NULL,,,,ARF,21MS0053L,,,NULL,NULL,NULL,NULL,NULL,,,MCL,MCL,,NULL,NULL,NULL,NULL,NULL,NULL,NULL,NULL,NULL,NULL,NULL
603,HB6276M6-C,Nut,NULL,NULL,Kit B,NULL,,,,ARF,19MS0067L,,,NULL,NULL,NULL,NULL,NULL,,,MCL,MCL,,NULL,NULL,NULL,NULL,NULL,NULL,NULL,NULL,NULL,NULL,NULL
604,HB6276M5-C,Nut,NULL,NULL,Kit B,NULL,,MS,,ARF,22MS0472L,,,NULL,NULL,NULL,NULL,NULL,,,MCL,MCL,,NULL,NULL,NULL,NULL,NULL,NULL,NULL,NULL,NULL,NULL,NULL
605,HB6276M4,Nut,NULL,NULL,Kit B,NULL,,,,ARF,09MS0536L,,,NULL,NULL,NULL,NULL,NULL,,,MCL,MCL,,NULL,NULL,NULL,NULL,NULL,NULL,NULL,NULL,NULL,NULL,NULL
606,HB6275M8-D,Nut,NULL,NULL,Kit B,NULL,,,,ARF,09MS0545L,,,NULL,NULL,NULL,NULL,NULL,,,MCL,MCL,,NULL,NULL,NULL,NULL,NULL,NULL,NULL,NULL,NULL,NULL,NULL
607,HB6275M6,Nut,NULL,NULL,Kit B,NULL,,,,ARF,00MS1503L,,,NULL,NULL,NULL,NULL,NULL,,,MCL,MCL,,NULL,NULL,NULL,NULL,NULL,NULL,NULL,NULL,NULL,NULL,NULL
608,HB6275M5,Nut,NULL,NULL,Kit B,NULL,,,,ARF,85MS0142L,,,NULL,NULL,NULL,NULL,NULL,,,MCL,MCL,,NULL,NULL,NULL,NULL,NULL,NULL,NULL,NULL,NULL,NULL,NULL
609,HB6266M8,Nut,NULL,NULL,Kit B,NULL,,,,ARF,20MS0185L,,,NULL,NULL,NULL,NULL,NULL,,,MCL,MCL,,NULL,NULL,NULL,NULL,NULL,NULL,NULL,NULL,NULL,NULL,NULL
610,HB6266M14X1.5,Nut (Rec'D From Log),NULL,NULL,Kit B,NULL,,MS,,ARF,AREA UNKNOWN,,,NULL,NULL,NULL,NULL,NULL,,,MCL,MCL (AREA UNKNOWN),,NULL,NULL,NULL,NULL,NULL,NULL,NULL,NULL,NULL,NULL,NULL
611,HB6266M12X1.5,Nut (Rec'D From Log),NULL,NULL,Kit B,NULL,,MS,,ARF,AREA UNKNOWN,,,NULL,NULL,NULL,NULL,NULL,,,MCL,MCL (AREA UNKNOWN),,NULL,NULL,NULL,NULL,NULL,NULL,NULL,NULL,NULL,NULL,NULL
612,HB6258M8,Nut,NULL,NULL,Kit B,NULL,,,,ARF,21MS0364L,,,NULL,NULL,NULL,NULL,NULL,,,MCL,MCL,,NULL,NULL,NULL,NULL,NULL,NULL,NULL,NULL,NULL,NULL,NULL
613,HB6258M6,Nut,NULL,NULL,Kit B,NULL,,,,ARF,19MS0034L,,,NULL,NULL,NULL,NULL,NULL,,,MCL,MCL,,NULL,NULL,NULL,NULL,NULL,NULL,NULL,NULL,NULL,NULL,NULL
614,HB6258M5,Nut,NULL,NULL,Kit B,NULL,,MS,,ARF,22MS0051L,,,NULL,NULL,NULL,NULL,NULL,,,MCL,MCL,,NULL,NULL,NULL,NULL,NULL,NULL,NULL,NULL,NULL,NULL,NULL
615,HB6258M4,Nut,NULL,NULL,Kit B,NULL,,,,ARF,21MS0654L,,,NULL,NULL,NULL,NULL,NULL,,,MCL,MCL,,NULL,NULL,NULL,NULL,NULL,NULL,NULL,NULL,NULL,NULL,NULL
616,HB6256M8-D,Nut,NULL,NULL,Kit B,NULL,,,,ARF,19MS0074L,,,NULL,NULL,NULL,NULL,NULL,,,MCL,MCL,,NULL,NULL,NULL,NULL,NULL,NULL,NULL,NULL,NULL,NULL,NULL
617,HB6256M6-C,Nut,NULL,NULL,Kit B,NULL,,,,ARF,19MS0075L,,,NULL,NULL,NULL,NULL,NULL,,,MCL,MCL,,NULL,NULL,NULL,NULL,NULL,NULL,NULL,NULL,NULL,NULL,NULL
618,HB6256M6/HBO-9-D,Nut,NULL,NULL,Kit B,NULL,,,,ARF,19MS0090L,,,NULL,NULL,NULL,NULL,NULL,,,MCL,MCL,,NULL,NULL,NULL,NULL,NULL,NULL,NULL,NULL,NULL,NULL,NULL
619,HB6256M6,Nut,NULL,NULL,Kit B,NULL,,,,ARF,19MS0090L,,,NULL,NULL,NULL,NULL,NULL,,,MCL,MCL,,NULL,NULL,NULL,NULL,NULL,NULL,NULL,NULL,NULL,NULL,NULL
620,HB6256M5-D,Nut,NULL,NULL,Kit B,NULL,,,,ARF,19MS0114L,,,NULL,NULL,NULL,NULL,NULL,,,MCL,MCL,,NULL,NULL,NULL,NULL,NULL,NULL,NULL,NULL,NULL,NULL,NULL
621,HB6256M5,Nut,NULL,NULL,Kit B,NULL,,,,ARF,19MS0071,,,NULL,NULL,NULL,NULL,NULL,,,MCL,MCL,,NULL,NULL,NULL,NULL,NULL,NULL,NULL,NULL,NULL,NULL,NULL
622,HB6256M4,Nut,NULL,NULL,Kit B,NULL,,,,ARF,18MS0392L,,,NULL,NULL,NULL,NULL,NULL,,,MCL,MCL,,NULL,NULL,NULL,NULL,NULL,NULL,NULL,NULL,NULL,NULL,NULL
623,HB6256M10,Nut,NULL,NULL,Kit B,NULL,,,,ARF,14MS0247L,,,NULL,NULL,NULL,NULL,NULL,,,MCL,MCL,,NULL,NULL,NULL,NULL,NULL,NULL,NULL,NULL,NULL,NULL,NULL
624,HB6255M8-D,Nut,NULL,NULL,Kit B,NULL,,,,ARF,19MS0072L,,,NULL,NULL,NULL,NULL,NULL,,,MCL,MCL,,NULL,NULL,NULL,NULL,NULL,NULL,NULL,NULL,NULL,NULL,NULL
625,HB6255M8,Nut,NULL,NULL,Kit B,NULL,,,,ARF,19MS0072L,,,NULL,NULL,NULL,NULL,NULL,,,MCL,MCL,,NULL,NULL,NULL,NULL,NULL,NULL,NULL,NULL,NULL,NULL,NULL
626,HB6255M6-D,Nut,NULL,NULL,Kit B,NULL,,MS,,ARF,22MS0481L,,,NULL,NULL,NULL,NULL,NULL,,,MCL,MCL,,NULL,NULL,NULL,NULL,NULL,NULL,NULL,NULL,NULL,NULL,NULL
627,HB6255M6,Nut,NULL,NULL,Kit B,NULL,,,,ARF,00MS1503L,,,NULL,NULL,NULL,NULL,NULL,,,MCL,MCL,,NULL,NULL,NULL,NULL,NULL,NULL,NULL,NULL,NULL,NULL,NULL
628,HB6255M5,Nut,NULL,NULL,Kit B,NULL,,,,ARF,85MS0142L,,,NULL,NULL,NULL,NULL,NULL,,,MCL,MCL,,NULL,NULL,NULL,NULL,NULL,NULL,NULL,NULL,NULL,NULL,NULL
629,HB6255M4,Nut,NULL,NULL,Kit B,NULL,,,,ARF,86MS0009L,,,NULL,NULL,NULL,NULL,NULL,,,MCL,MCL,,NULL,NULL,NULL,NULL,NULL,NULL,NULL,NULL,NULL,NULL,NULL
630,HB6255M3,Nut,NULL,NULL,Kit B,NULL,,,,ARF,00MS1481L,,,NULL,NULL,NULL,NULL,NULL,,,MCL,MCL,,NULL,NULL,NULL,NULL,NULL,NULL,NULL,NULL,NULL,NULL,NULL
631,HB6240MJ24X2,Nut,NULL,NULL,Kit B,NULL,,MS,,ARF,0,WLOGTF030720190009 ,,NULL,NULL,NULL,NULL,NULL,AWT TOOL,,Part under TF,Part Under Trial Manufacturing,similar part on MCL. Check if same can be marked on MCL as well. Awt hand tap; Thread guage acquired. Chek if form-022 can be intiated or not,NULL,NULL,NULL,NULL,NULL,NULL,NULL,NULL,NULL,NULL,NULL
632,HB6240MJ20X1.5,Nut,NULL,NULL,Kit B,NULL,,,,ARF,21MS0579L,,,NULL,NULL,NULL,NULL,NULL,,,MCL,MCL,,NULL,NULL,NULL,NULL,NULL,NULL,NULL,NULL,NULL,NULL,NULL
633,HB6240-5X12,Washer,NULL,NULL,Kit B,NULL,,,,ARF,19SM0108L,,,NULL,NULL,NULL,NULL,NULL,,,MCL,MCL,,NULL,NULL,NULL,NULL,NULL,NULL,NULL,NULL,NULL,NULL,NULL
634,HB6240-5X10,Stop Washer,NULL,NULL,Kit B,NULL,,PMC,,ARF,AREA UNKNOWN,,,NULL,NULL,NULL,NULL,NULL,,,MCL,MCL (AREA UNKNOWN),,NULL,NULL,NULL,NULL,NULL,NULL,NULL,NULL,NULL,NULL,NULL
635,HB6226M8,Nut,NULL,NULL,Kit B,NULL,,MS,,ARF,22MS0199N,,,NULL,NULL,NULL,NULL,NULL,,,MCL,MCL,,NULL,NULL,NULL,NULL,NULL,NULL,NULL,NULL,NULL,NULL,NULL
636,HB6224M10,Nut,NULL,NULL,Kit B,NULL,,MS,,ARF,22MS0438N,,,NULL,NULL,NULL,NULL,NULL,,,MCL,MCL,,NULL,NULL,NULL,NULL,NULL,NULL,NULL,NULL,NULL,NULL,NULL
637,HB6074-16CdDM,Tightening Nut,NULL,NULL,Kit B,NULL,,,,ARF,21MS0200N,,,NULL,NULL,NULL,NULL,NULL,,,MCL,MCL,,NULL,NULL,NULL,NULL,NULL,NULL,NULL,NULL,NULL,NULL,NULL
638,HB4-7FA6X10,Connector,NULL,NULL,Kit B,NULL,,PMC,,ARF,AREA UNKNOWN,,,NULL,NULL,NULL,NULL,NULL,,,MCL,MCL (AREA UNKNOWN),,NULL,NULL,NULL,NULL,NULL,NULL,NULL,NULL,NULL,NULL,NULL
639,HB4-7FA-4X6,Connector,NULL,NULL,Kit B,NULL,,,,ARF,17MS0201L,,,NULL,NULL,NULL,NULL,NULL,,,MCL,MCL,,NULL,NULL,NULL,NULL,NULL,NULL,NULL,NULL,NULL,NULL,NULL
640,HB4-7-4X6,Straight Pipe Joint,NULL,NULL,Kit B,NULL,,,,ARF,04MS0432L,,,NULL,NULL,NULL,NULL,NULL,,,MCL,MCL,,NULL,NULL,NULL,NULL,NULL,NULL,NULL,NULL,NULL,NULL,NULL
641,HB4-71-1,Pressure G. Nipple ,NULL,NULL,Kit B,NULL,,,,ARF,85MS0108L,,,NULL,NULL,NULL,NULL,NULL,,,MCL,MCL,,NULL,NULL,NULL,NULL,NULL,NULL,NULL,NULL,NULL,NULL,NULL
642,HB4-67G4,Plug,NULL,NULL,Kit B,NULL,,,,ARF,18MS0298L,,,NULL,NULL,NULL,NULL,NULL,,,MCL,MCL,,NULL,NULL,NULL,NULL,NULL,NULL,NULL,NULL,NULL,NULL,NULL
643,HB4-5G4CdD,A-Shape Straight Pipe Joint,NULL,NULL,Kit B,NULL,,MS,,ARF,17MS0106L,,,NULL,NULL,NULL,NULL,NULL,,,MCL,MCL,,NULL,NULL,NULL,NULL,NULL,NULL,NULL,NULL,NULL,NULL,NULL
644,HB4-5G4,Connector,NULL,NULL,Kit B,NULL,,MS,,ARF,23MS0026L,,,NULL,NULL,NULL,NULL,NULL,,,MCL,MCL,,NULL,NULL,NULL,NULL,NULL,NULL,NULL,NULL,NULL,NULL,NULL
645,HB4-5G22CdD,Connector,NULL,NULL,Kit B,NULL,,,,ARF,17MS0103L,,,NULL,NULL,NULL,NULL,NULL,,,MCL,MCL,,NULL,NULL,NULL,NULL,NULL,NULL,NULL,NULL,NULL,NULL,NULL
646,HB4-5-4,Straight Pipe Connector,NULL,NULL,Kit B,NULL,,,,ARF,02MS0290L,,,NULL,NULL,NULL,NULL,NULL,,,MCL,MCL,,NULL,NULL,NULL,NULL,NULL,NULL,NULL,NULL,NULL,NULL,NULL
647,HB4-4G8CdD,Connector,NULL,NULL,Kit B,NULL,,,,ARF,17MS0224L,,,NULL,NULL,NULL,NULL,NULL,,,MCL,MCL,,NULL,NULL,NULL,NULL,NULL,NULL,NULL,NULL,NULL,NULL,NULL
648,HB4-4G6CdD,Connector,NULL,NULL,Kit B,NULL,,,,ARF,17MS0205L,,,NULL,NULL,NULL,NULL,NULL,,,MCL,MCL,,NULL,NULL,NULL,NULL,NULL,NULL,NULL,NULL,NULL,NULL,NULL
649,HB4-4G6,Joint,NULL,NULL,Kit B,NULL,,,,ARF,19MS0073L,,,NULL,NULL,NULL,NULL,NULL,,,MCL,MCL,,NULL,NULL,NULL,NULL,NULL,NULL,NULL,NULL,NULL,NULL,NULL
650,HB4-4G4CdD,Connector,NULL,NULL,Kit B,NULL,,,,ARF,17MS0206L,,,NULL,NULL,NULL,NULL,NULL,,,MCL,MCL,,NULL,NULL,NULL,NULL,NULL,NULL,NULL,NULL,NULL,NULL,NULL
651,HB4-4G4,Provisional Straight Pipe Nipple,NULL,NULL,Kit B,NULL,,,,ARF,87MS0391N,,,NULL,NULL,NULL,NULL,NULL,,,MCL,MCL,,NULL,NULL,NULL,NULL,NULL,NULL,NULL,NULL,NULL,NULL,NULL
652,HB4-4G10CdD,Connecter,NULL,NULL,Kit B,NULL,,,,ARF,17MS0207L,,,NULL,NULL,NULL,NULL,NULL,,,MCL,MCL,,NULL,NULL,NULL,NULL,NULL,NULL,NULL,NULL,NULL,NULL,NULL
653,HB4-4FA8,Connector,NULL,NULL,Kit B,NULL,,,,ARF,17MS0208L,,,NULL,NULL,NULL,NULL,NULL,,,MCL,MCL,,NULL,NULL,NULL,NULL,NULL,NULL,NULL,NULL,NULL,NULL,NULL
654,HB4-4FA6,Connector,NULL,NULL,Kit B,NULL,,,,ARF,17MS0209L,,,NULL,NULL,NULL,NULL,NULL,,,MCL,MCL,,NULL,NULL,NULL,NULL,NULL,NULL,NULL,NULL,NULL,NULL,NULL
655,HB4-4FA4,Connector,NULL,NULL,Kit B,NULL,,,,ARF,17MS0210L,,,NULL,NULL,NULL,NULL,NULL,,,MCL,MCL,,NULL,NULL,NULL,NULL,NULL,NULL,NULL,NULL,NULL,NULL,NULL
656,HB4-4FA22,Connector,NULL,NULL,Kit B,NULL,,,,ARF,17MS0211L,,,NULL,NULL,NULL,NULL,NULL,,,MCL,MCL,,NULL,NULL,NULL,NULL,NULL,NULL,NULL,NULL,NULL,NULL,NULL
657,HB4-4FA13,Connector,NULL,NULL,Kit B,NULL,,,,ARF,17MS0212L,,,NULL,NULL,NULL,NULL,NULL,,,MCL,MCL,,NULL,NULL,NULL,NULL,NULL,NULL,NULL,NULL,NULL,NULL,NULL
658,HB4-4FA12,Straight Joint,NULL,NULL,Kit B,NULL,,,,ARF,01MS0090L,,,NULL,NULL,NULL,NULL,NULL,,,MCL,MCL,,NULL,NULL,NULL,NULL,NULL,NULL,NULL,NULL,NULL,NULL,NULL
659,HB4-4-8,Pipe Union,NULL,NULL,Kit B,NULL,,,,ARF,85MS0125L,,,NULL,NULL,NULL,NULL,NULL,,,MCL,MCL,,NULL,NULL,NULL,NULL,NULL,NULL,NULL,NULL,NULL,NULL,NULL
660,HB4-46M27X1.5,Lock Nut,NULL,NULL,Kit B,NULL,,,,ARF,22MS0233L,,,NULL,NULL,NULL,NULL,NULL,,,MCL,MCL,,NULL,NULL,NULL,NULL,NULL,NULL,NULL,NULL,NULL,NULL,NULL
661,HB4-46M18X1.5,Nut,NULL,NULL,Kit B,NULL,,,,ARF,88MS0035L,,,NULL,NULL,NULL,NULL,NULL,,,MCL,MCL,,NULL,NULL,NULL,NULL,NULL,NULL,NULL,NULL,NULL,NULL,NULL
662,HB4-46M12X1,Nut,NULL,NULL,Kit B,NULL,,,,ARF,88MS0031L,,,NULL,NULL,NULL,NULL,NULL,,,MCL,MCL,,NULL,NULL,NULL,NULL,NULL,NULL,NULL,NULL,NULL,NULL,NULL
663,HB4-46G-M33X2CdD,Lock Nut,NULL,NULL,Kit B,NULL,,MS,,ARF,22MS0484L,,,NULL,NULL,NULL,NULL,NULL,,,MCL,MCL,,NULL,NULL,NULL,NULL,NULL,NULL,NULL,NULL,NULL,NULL,NULL
664,HB4-46G-M33X2,Lock Nut,NULL,NULL,Kit B,NULL,,MS,,ARF,22MS0483L,,,NULL,NULL,NULL,NULL,NULL,,,MCL,MCL,,NULL,NULL,NULL,NULL,NULL,NULL,NULL,NULL,NULL,NULL,NULL
665,HB4-46G-M27X1.5CdD,Lock Nut,NULL,NULL,Kit B,NULL,,MS,,ARF,AREA UNKNOWN,,,NULL,NULL,NULL,NULL,NULL,,,MCL,MCL (AREA UNKNOWN),,NULL,NULL,NULL,NULL,NULL,NULL,NULL,NULL,NULL,NULL,NULL
666,HB4-46G-M22X1.5,Lock Nut,NULL,NULL,Kit B,NULL,,MS,,ARF,22MS0486N,,,NULL,NULL,NULL,NULL,NULL,,,MCL,MCL,,NULL,NULL,NULL,NULL,NULL,NULL,NULL,NULL,NULL,NULL,NULL
667,HB4-46G-M18X1.5,Nut,NULL,NULL,Kit B,NULL,,,,ARF,18MS0157L,,,NULL,NULL,NULL,NULL,NULL,,,MCL,MCL,,NULL,NULL,NULL,NULL,NULL,NULL,NULL,NULL,NULL,NULL,NULL
668,HB4-46G-M12X1CdD,Lock Nut,NULL,NULL,Kit B,NULL,,,,ARF,17MS0645L,,,NULL,NULL,NULL,NULL,NULL,,,MCL,MCL,,NULL,NULL,NULL,NULL,NULL,NULL,NULL,NULL,NULL,NULL,NULL
669,HB4-46G-M12X1,Nut,NULL,NULL,Kit B,NULL,,,,ARF,95MS0059L,,,NULL,NULL,NULL,NULL,NULL,,,MCL,MCL,,NULL,NULL,NULL,NULL,NULL,NULL,NULL,NULL,NULL,NULL,NULL
670,HB4-4-6,Union,NULL,NULL,Kit B,NULL,,,,ARF,88PM0030L,,,NULL,NULL,NULL,NULL,NULL,,,MCL,MCL,,NULL,NULL,NULL,NULL,NULL,NULL,NULL,NULL,NULL,NULL,NULL
671,HB4-45G-4,Nut,NULL,NULL,Kit B,NULL,,,,ARF,90MS0124L,,,NULL,NULL,NULL,NULL,NULL,,,MCL,MCL,,NULL,NULL,NULL,NULL,NULL,NULL,NULL,NULL,NULL,NULL,NULL
672,HB4-44HF-4,Pipe Nipple,NULL,NULL,Kit B,NULL,,,,ARF,90MS0200N,,,NULL,NULL,NULL,NULL,NULL,,,MCL,MCL,,NULL,NULL,NULL,NULL,NULL,NULL,NULL,NULL,NULL,NULL,NULL
673,HB4-4-4,Connection,NULL,NULL,Kit B,NULL,,,,ARF,87MS0116L,,,NULL,NULL,NULL,NULL,NULL,,,MCL,MCL,,NULL,NULL,NULL,NULL,NULL,NULL,NULL,NULL,NULL,NULL,NULL
674,HB4-4-20,Nipple,NULL,NULL,Kit B,NULL,,,,ARF,17MS0225L,,,NULL,NULL,NULL,NULL,NULL,,,MCL,MCL,,NULL,NULL,NULL,NULL,NULL,NULL,NULL,NULL,NULL,NULL,NULL
675,HB4-4-18,Connector,NULL,NULL,Kit B,NULL,,,,ARF,17MS0213L,,,NULL,NULL,NULL,NULL,NULL,,,MCL,MCL,,NULL,NULL,NULL,NULL,NULL,NULL,NULL,NULL,NULL,NULL,NULL
676,HB4-4-16,Fitting,NULL,NULL,Kit B,NULL,,,,ARF,17MS0226L,,,NULL,NULL,NULL,NULL,NULL,,,MCL,MCL,,NULL,NULL,NULL,NULL,NULL,NULL,NULL,NULL,NULL,NULL,NULL
677,HB4-4-14,Joint,NULL,NULL,Kit B,NULL,,,,ARF,09MS0521L,,,NULL,NULL,NULL,NULL,NULL,,,MCL,MCL,,NULL,NULL,NULL,NULL,NULL,NULL,NULL,NULL,NULL,NULL,NULL
678,HB4-4-12,Joint,NULL,NULL,Kit B,NULL,,,,ARF,01MS0090L,,,NULL,NULL,NULL,NULL,NULL,,,MCL,MCL,,NULL,NULL,NULL,NULL,NULL,NULL,NULL,NULL,NULL,NULL,NULL
679,HB4-4-10,Str Pipe Connector,NULL,NULL,Kit B,NULL,,,,ARF,83MS0061L,,,NULL,NULL,NULL,NULL,NULL,,,MCL,MCL,,NULL,NULL,NULL,NULL,NULL,NULL,NULL,NULL,NULL,NULL,NULL
680,HB4-26-6,4 Way Pipe Joint,NULL,NULL,Kit B,NULL,,,,ARF,04MS0443L,,,NULL,NULL,NULL,NULL,NULL,,,MCL,MCL,,NULL,NULL,NULL,NULL,NULL,NULL,NULL,NULL,NULL,NULL,NULL
681,HB4-26-4,Cross Joint,NULL,NULL,Kit B,NULL,,,,ARF,04MS0442L,,,NULL,NULL,NULL,NULL,NULL,,,MCL,MCL,,NULL,NULL,NULL,NULL,NULL,NULL,NULL,NULL,NULL,NULL,NULL
682,HB4-19G10CdD,Connector,NULL,NULL,Kit B,NULL,,,,ARF,17MS0706L,,,NULL,NULL,NULL,NULL,NULL,,,MCL,MCL,,NULL,NULL,NULL,NULL,NULL,NULL,NULL,NULL,NULL,NULL,NULL
683,HB4-19-14,Connector,NULL,NULL,Kit B,NULL,,MS,,ARF,0,WLOGTF200320180032 ,,NULL,NULL,NULL,NULL,NULL,,,Under Trial Test,Under Trial Test,,NULL,NULL,NULL,NULL,NULL,NULL,NULL,NULL,NULL,NULL,NULL
684,HB4-18G4X6CdD,D-Shape Three Way Joint,NULL,NULL,Kit B,NULL,,,,ARF,17MS0214L,,,NULL,NULL,NULL,NULL,NULL,,,MCL,MCL,,NULL,NULL,NULL,NULL,NULL,NULL,NULL,NULL,NULL,NULL,NULL
685,HB4-18FA8X10,Joint,NULL,NULL,Kit B,NULL,,MS,,ARF,23MS0430L,WLOGTF151120220008 ,,NULL,NULL,NULL,NULL,NULL,,,MCL,MCL(NOV),,NULL,NULL,NULL,NULL,NULL,NULL,NULL,NULL,NULL,NULL,NULL
686,HB4-18FA6X8,Connector,NULL,NULL,Kit B,NULL,,MS,,ARF,23MS0027L,,,NULL,NULL,NULL,NULL,NULL,,,MCL,MCL,,NULL,NULL,NULL,NULL,NULL,NULL,NULL,NULL,NULL,NULL,NULL
687,HB4-18FA6X10,Joint,NULL,NULL,Kit B,NULL,,MS,,ARF,23MS0429L,WLOGTF151120220009 ,,NULL,NULL,NULL,NULL,NULL,,,MCL,MCL(NOV),,NULL,NULL,NULL,NULL,NULL,NULL,NULL,NULL,NULL,NULL,NULL
688,HB4-18FA-4X6,Connector,NULL,NULL,Kit B,NULL,,,,ARF,11MS0163L,,,NULL,NULL,NULL,NULL,NULL,,,MCL,MCL,,NULL,NULL,NULL,NULL,NULL,NULL,NULL,NULL,NULL,NULL,NULL
689,HB4-17G4CdD,Connector,NULL,NULL,Kit B,NULL,,,,ARF,00MS0140L,,,NULL,NULL,NULL,NULL,NULL,,,MCL,MCL,,NULL,NULL,NULL,NULL,NULL,NULL,NULL,NULL,NULL,NULL,NULL
690,HB4-17G4,3 Way Connector,NULL,NULL,Kit B,NULL,,,,ARF,00MS0007L,,,NULL,NULL,NULL,NULL,NULL,,,MCL,MCL,,NULL,NULL,NULL,NULL,NULL,NULL,NULL,NULL,NULL,NULL,NULL
691,HB4-17FA4,Provisional Three Way Connector,NULL,NULL,Kit B,NULL,,,,ARF,17MS0227L,,,NULL,NULL,NULL,NULL,NULL,,,MCL,MCL,,NULL,NULL,NULL,NULL,NULL,NULL,NULL,NULL,NULL,NULL,NULL
692,HB4-17FA10,Connector,NULL,NULL,Kit B,NULL,,,,ARF,17MS0109L,,,NULL,NULL,NULL,NULL,NULL,,,MCL,MCL,,NULL,NULL,NULL,NULL,NULL,NULL,NULL,NULL,NULL,NULL,NULL
693,HB4-17-6,Tee Joint,NULL,NULL,Kit B,NULL,,,,ARF,89MS0400L,,,NULL,NULL,NULL,NULL,NULL,,,MCL,MCL,,NULL,NULL,NULL,NULL,NULL,NULL,NULL,NULL,NULL,NULL,NULL
694,HB4-17-4,Tee Joint,NULL,NULL,Kit B,NULL,,,,ARF,89MS0032L,,,NULL,NULL,NULL,NULL,NULL,,,MCL,MCL,,NULL,NULL,NULL,NULL,NULL,NULL,NULL,NULL,NULL,NULL,NULL
695,HB4-14G4,Coupling,NULL,NULL,Kit B,NULL,,,,ARF,09MS0667L,,,NULL,NULL,NULL,NULL,NULL,,,MCL,MCL,,NULL,NULL,NULL,NULL,NULL,NULL,NULL,NULL,NULL,NULL,NULL
696,HB4-14-4,Connector,NULL,NULL,Kit B,NULL,,,,ARF,83MS0041L,,,NULL,NULL,NULL,NULL,NULL,,,MCL,MCL,,NULL,NULL,NULL,NULL,NULL,NULL,NULL,NULL,NULL,NULL,NULL
697,HB4-13G6CdD,Connector,NULL,NULL,Kit B,NULL,,,,ARF,17MS0215L,,,NULL,NULL,NULL,NULL,NULL,,,MCL,MCL,,NULL,NULL,NULL,NULL,NULL,NULL,NULL,NULL,NULL,NULL,NULL
698,HB4-13G6,Connector,NULL,NULL,Kit B,NULL,,,,ARF,17MS0216L,,,NULL,NULL,NULL,NULL,NULL,,,MCL,MCL,,NULL,NULL,NULL,NULL,NULL,NULL,NULL,NULL,NULL,NULL,NULL
699,HB4-13G4CdD,Conector,NULL,NULL,Kit B,NULL,,,,ARF,04MS0436L,,,NULL,NULL,NULL,NULL,NULL,,,MCL,MCL,,NULL,NULL,NULL,NULL,NULL,NULL,NULL,NULL,NULL,NULL,NULL
700,HB4-13FA8,Connector,NULL,NULL,Kit B,NULL,,,,ARF,17MS0217L,,,NULL,NULL,NULL,NULL,NULL,,,MCL,MCL,,NULL,NULL,NULL,NULL,NULL,NULL,NULL,NULL,NULL,NULL,NULL
701,HB4-13FA22,Connector,NULL,NULL,Kit B,NULL,,MS,,ARF,23MS0428L,WLOGTF241020220003 ,,NULL,NULL,NULL,NULL,NULL,,,MCL,MCL(NOV),,NULL,NULL,NULL,NULL,NULL,NULL,NULL,NULL,NULL,NULL,NULL
702,HB4-13FA13,Connector,NULL,NULL,Kit B,NULL,,MS,,ARF,23MS0427L,WLOGTF150420220002 ,,NULL,NULL,NULL,NULL,NULL,,,MCL,MCL(NOV),,NULL,NULL,NULL,NULL,NULL,NULL,NULL,NULL,NULL,NULL,NULL
703,HB4-13-4,Connector,NULL,NULL,Kit B,NULL,,MS,,ARF,22MS0471L,,,NULL,NULL,NULL,NULL,NULL,,,MCL,MCL,,NULL,NULL,NULL,NULL,NULL,NULL,NULL,NULL,NULL,NULL,NULL
704,HB4-10G4(MOD),Elbow Connector,NULL,NULL,Kit B,NULL,,MS,,ARF,0,,,NULL,NULL,NULL,NULL,NULL,,,MCL,MCL- HB4-10G-4(MOD),,NULL,NULL,NULL,NULL,NULL,NULL,NULL,NULL,NULL,NULL,NULL
705,HB4-10G10CdD,Connector,NULL,NULL,Kit B,NULL,,,,ARF,18MS0560L,,,NULL,NULL,NULL,NULL,NULL,,,MCL,MCL,,NULL,NULL,NULL,NULL,NULL,NULL,NULL,NULL,NULL,NULL,NULL
706,HB4-10-10,Nipple,NULL,NULL,Kit B,NULL,,,,ARF,17MS0228L,,,NULL,NULL,NULL,NULL,NULL,,,MCL,MCL,,NULL,NULL,NULL,NULL,NULL,NULL,NULL,NULL,NULL,NULL,NULL
707,HB3-8LB5X10X5,Bush,NULL,NULL,Kit B,NULL,,,,ARF,18MS0633L,,,NULL,NULL,NULL,NULL,NULL,,,MCL,MCL,,NULL,NULL,NULL,NULL,NULL,NULL,NULL,NULL,NULL,NULL,NULL
708,HB3-8LB-5X10X12,Washer,NULL,NULL,Kit B,NULL,,,,ARF,08MS0842L,,,NULL,NULL,NULL,NULL,NULL,,,MCL,MCL,,NULL,NULL,NULL,NULL,NULL,NULL,NULL,NULL,NULL,NULL,NULL
709,HB3-8LB-5X10X10,Washer,NULL,NULL,Kit B,NULL,,,,ARF,08MS0830L,,,NULL,NULL,NULL,NULL,NULL,,,MCL,MCL,,NULL,NULL,NULL,NULL,NULL,NULL,NULL,NULL,NULL,NULL,NULL
710,HB3-8LB4X8X4,Washer,NULL,NULL,Kit B,NULL,,,,ARF,18MS0407L,,,NULL,NULL,NULL,NULL,NULL,,,MCL,MCL,,NULL,NULL,NULL,NULL,NULL,NULL,NULL,NULL,NULL,NULL,NULL
711,HB3-53-1.2X10X120-II-180,Spring,NULL,NULL,Kit B,NULL,,,,ARF,00SP1628L,,,NULL,NULL,NULL,NULL,NULL,,,MCL,MCL,,NULL,NULL,NULL,NULL,NULL,NULL,NULL,NULL,NULL,NULL,NULL
712,HB3-30-14,Steel Clamp,NULL,NULL,Kit B,NULL,,,,ARF,21SM0391L,,,NULL,NULL,NULL,NULL,NULL,,,MCL,MCL,,NULL,NULL,NULL,NULL,NULL,NULL,NULL,NULL,NULL,NULL,NULL
713,HB3-26LB14B,Clamp,NULL,NULL,Kit B,NULL,,,,ARF,21SM0547L,,,NULL,NULL,NULL,NULL,NULL,,,MCL,MCL,,NULL,NULL,NULL,NULL,NULL,NULL,NULL,NULL,NULL,NULL,NULL
714,HB3-25LB80B,Clamp,NULL,NULL,Kit B,NULL,,,,ARF,21SM0549L,,,NULL,NULL,NULL,NULL,NULL,,,MCL,MCL,,NULL,NULL,NULL,NULL,NULL,NULL,NULL,NULL,NULL,NULL,NULL
715,HB3-25LB-6B,Clamp,NULL,NULL,Kit B,NULL,,,,ARF,03SM0158L,,,NULL,NULL,NULL,NULL,NULL,,,MCL,MCL,,NULL,NULL,NULL,NULL,NULL,NULL,NULL,NULL,NULL,NULL,NULL
716,HB3-25LB-60B,Clamp,NULL,NULL,Kit B,NULL,,,,ARF,21SM0193L,,,NULL,NULL,NULL,NULL,NULL,,,MCL,MCL,,NULL,NULL,NULL,NULL,NULL,NULL,NULL,NULL,NULL,NULL,NULL
717,HB3-25LB-60,Clamp,NULL,NULL,Kit B,NULL,,,,ARF,21SM0193L,,,NULL,NULL,NULL,NULL,NULL,,,MCL,MCL,,NULL,NULL,NULL,NULL,NULL,NULL,NULL,NULL,NULL,NULL,NULL
718,HB3-25LB-55B,Clamp,NULL,NULL,Kit B,NULL,,,,ARF,21SM0537L,,,NULL,NULL,NULL,NULL,NULL,,,MCL,MCL,,NULL,NULL,NULL,NULL,NULL,NULL,NULL,NULL,NULL,NULL,NULL
719,HB3-25LB-50B,Clamp,NULL,NULL,Kit B,NULL,,,,ARF,21SM0540L,,,NULL,NULL,NULL,NULL,NULL,,,MCL,MCL,,NULL,NULL,NULL,NULL,NULL,NULL,NULL,NULL,NULL,NULL,NULL
720,HB3-25LB-50,Clamp,NULL,NULL,Kit B,NULL,,,,ARF,21SM0540L,,,NULL,NULL,NULL,NULL,NULL,,,MCL,MCL,,NULL,NULL,NULL,NULL,NULL,NULL,NULL,NULL,NULL,NULL,NULL
721,HB3-25LB-48B,Clamp,NULL,NULL,Kit B,NULL,,,,ARF,21SM0548L,,,NULL,NULL,NULL,NULL,NULL,,,MCL,MCL,,NULL,NULL,NULL,NULL,NULL,NULL,NULL,NULL,NULL,NULL,NULL
722,HB3-25LB42B,Clamp,NULL,NULL,Kit B,NULL,,,,ARF,21SM0534L,,,NULL,NULL,NULL,NULL,NULL,,,MCL,MCL,,NULL,NULL,NULL,NULL,NULL,NULL,NULL,NULL,NULL,NULL,NULL
723,HB3-25LB-40B,Clamp,NULL,NULL,Kit B,NULL,,,,ARF,21SM0539L,,,NULL,NULL,NULL,NULL,NULL,,,MCL,MCL,,NULL,NULL,NULL,NULL,NULL,NULL,NULL,NULL,NULL,NULL,NULL
724,HB3-25LB-36B,Clamp,NULL,NULL,Kit B,NULL,,,,ARF,09SM0640S,,,NULL,NULL,NULL,NULL,NULL,,,MCL,MCL,,NULL,NULL,NULL,NULL,NULL,NULL,NULL,NULL,NULL,NULL,NULL
725,HB3-25LB-32B,Clamp,NULL,NULL,Kit B,NULL,,,,ARF,21SM0538L,,,NULL,NULL,NULL,NULL,NULL,,,MCL,MCL,,NULL,NULL,NULL,NULL,NULL,NULL,NULL,NULL,NULL,NULL,NULL
726,HB3-25LB-30B,Clamp,NULL,NULL,Kit B,NULL,,,,ARF,09SM0635S,,,NULL,NULL,NULL,NULL,NULL,,,MCL,MCL,,NULL,NULL,NULL,NULL,NULL,NULL,NULL,NULL,NULL,NULL,NULL
727,HB3-25LB-26B,Clamp,NULL,NULL,Kit B,NULL,,,,ARF,09SM0636S,,,NULL,NULL,NULL,NULL,NULL,,,MCL,MCL,,NULL,NULL,NULL,NULL,NULL,NULL,NULL,NULL,NULL,NULL,NULL
728,HB3-25GD38,Hoop,NULL,NULL,Kit B,NULL,,,,ARF,21SM0546L,,,NULL,NULL,NULL,NULL,NULL,,,MCL,MCL,,NULL,NULL,NULL,NULL,NULL,NULL,NULL,NULL,NULL,NULL,NULL
729,HB3-23-48,Clamp,NULL,NULL,Kit B,NULL,,TMS,,ARF,0,Bending Die FS,65-F7-26,NULL,NULL,NULL,NULL,NULL,,,Die under TF,Die under Trial MFG,,NULL,NULL,NULL,NULL,NULL,NULL,NULL,NULL,NULL,NULL,NULL
730,HB3-23-13,Clamp,NULL,NULL,Kit B,NULL,,,,ARF,89SM0654L,,,NULL,NULL,NULL,NULL,NULL,,,MCL,MCL,,NULL,NULL,NULL,NULL,NULL,NULL,NULL,NULL,NULL,NULL,NULL
731,HB3-20-8,Clamp,NULL,NULL,Kit B,NULL,,,,ARF,03SM0161L,,,NULL,NULL,NULL,NULL,NULL,,,MCL,MCL,,NULL,NULL,NULL,NULL,NULL,NULL,NULL,NULL,NULL,NULL,NULL
732,HB3-20-7,Clamp Ring,NULL,NULL,Kit B,NULL,,,,ARF,03SM0161L,,,NULL,NULL,NULL,NULL,NULL,,,MCL,MCL,,NULL,NULL,NULL,NULL,NULL,NULL,NULL,NULL,NULL,NULL,NULL
733,HB3-20-6,Clamping Strip,NULL,NULL,Kit B,NULL,,,,ARF,85SM0216L,,,NULL,NULL,NULL,NULL,NULL,,,MCL,MCL,,NULL,NULL,NULL,NULL,NULL,NULL,NULL,NULL,NULL,NULL,NULL
734,HB3-20-5,Clamping Strip,NULL,NULL,Kit B,NULL,,,,ARF,82SM0463L,,,NULL,NULL,NULL,NULL,NULL,,,MCL,MCL,,NULL,NULL,NULL,NULL,NULL,NULL,NULL,NULL,NULL,NULL,NULL
735,HB3-20-4,Clamp Ring,NULL,NULL,Kit B,NULL,,,,ARF,00SM0062L,,,NULL,NULL,NULL,NULL,NULL,,,MCL,MCL,,NULL,NULL,NULL,NULL,NULL,NULL,NULL,NULL,NULL,NULL,NULL
736,HB3-20-2,Clamp,NULL,NULL,Kit B,NULL,,,,ARF,00SM0062L,,,NULL,NULL,NULL,NULL,NULL,,,MCL,MCL,,NULL,NULL,NULL,NULL,NULL,NULL,NULL,NULL,NULL,NULL,NULL
737,HB3-20-13,Gasket,NULL,NULL,Kit B,NULL,,,,ARF,00SM1027L,,,NULL,NULL,NULL,NULL,NULL,,,MCL,MCL,,NULL,NULL,NULL,NULL,NULL,NULL,NULL,NULL,NULL,NULL,NULL
738,HB3-20-12,Clamp,NULL,NULL,Kit B,NULL,,,,ARF,00SM1026L,,,NULL,NULL,NULL,NULL,NULL,,,MCL,MCL,,NULL,NULL,NULL,NULL,NULL,NULL,NULL,NULL,NULL,NULL,NULL
739,HB3-20-11,Clip,NULL,NULL,Kit B,NULL,,,,ARF,84SM0351L,,,NULL,NULL,NULL,NULL,NULL,,,MCL,MCL,,NULL,NULL,NULL,NULL,NULL,NULL,NULL,NULL,NULL,NULL,NULL
740,HB3-20-10,Clamp,NULL,NULL,Kit B,NULL,,,,ARF,84SM0351L,,,NULL,NULL,NULL,NULL,NULL,,,MCL,MCL,,NULL,NULL,NULL,NULL,NULL,NULL,NULL,NULL,NULL,NULL,NULL
741,HB3-20-1,Clamp,NULL,NULL,Kit B,NULL,,,,ARF,18SM0090L,,,NULL,NULL,NULL,NULL,NULL,,,MCL,MCL,,NULL,NULL,NULL,NULL,NULL,NULL,NULL,NULL,NULL,NULL,NULL
742,HB3-16GD8,Clamp,NULL,NULL,Kit B,NULL,,,,ARF,08SM0770L,,,NULL,NULL,NULL,NULL,NULL,,,MCL,MCL,,NULL,NULL,NULL,NULL,NULL,NULL,NULL,NULL,NULL,NULL,NULL
743,HB3-16GD6,Clamp,NULL,NULL,Kit B,NULL,,,,ARF,08SM0769L,,,NULL,NULL,NULL,NULL,NULL,,,MCL,MCL,,NULL,NULL,NULL,NULL,NULL,NULL,NULL,NULL,NULL,NULL,NULL
744,HB3-12HF-6X8X4,Sleeve,NULL,NULL,Kit B,NULL,,MS,,ARF,23MS0033L,,,NULL,NULL,NULL,NULL,NULL,,,MCL,MCL,,NULL,NULL,NULL,NULL,NULL,NULL,NULL,NULL,NULL,NULL,NULL
745,HB3-11GD6X8X5,Bushing,NULL,NULL,Kit B,NULL,,,,ARF,14MS0246L,,,NULL,NULL,NULL,NULL,NULL,,,MCL,MCL,,NULL,NULL,NULL,NULL,NULL,NULL,NULL,NULL,NULL,NULL,NULL
746,HB3-11GD6X10X8,Bushing,NULL,NULL,Kit B,NULL,,,,ARF,14MS0245L,,,NULL,NULL,NULL,NULL,NULL,,,MCL,MCL,,NULL,NULL,NULL,NULL,NULL,NULL,NULL,NULL,NULL,NULL,NULL
747,HB1-801LA-M5,Nut,NULL,NULL,Kit B,NULL,,,,ARF,21MS0412L,,,NULL,NULL,NULL,NULL,NULL,,,MCL,MCL,,NULL,NULL,NULL,NULL,NULL,NULL,NULL,NULL,NULL,NULL,NULL
748,HB1-801LA-M4,Nut,NULL,NULL,Kit B,NULL,,,,ARF,21MS0412L,,,NULL,NULL,NULL,NULL,NULL,,,MCL,MCL,,NULL,NULL,NULL,NULL,NULL,NULL,NULL,NULL,NULL,NULL,NULL
749,HB1-706-8F9X41,Quick Realese Stop Pin,NULL,NULL,Kit B,NULL,,,,ARF,22MS0313L,,,NULL,NULL,NULL,NULL,NULL,,,MCL,MCL,,NULL,NULL,NULL,NULL,NULL,NULL,NULL,NULL,NULL,NULL,NULL
750,HB1-703-4X26X22,Pin,NULL,NULL,Kit B,NULL,,,,ARF,18MS0638L,,,NULL,NULL,NULL,NULL,NULL,,,MCL,MCL,,NULL,NULL,NULL,NULL,NULL,NULL,NULL,NULL,NULL,NULL,NULL
751,HB1-703-4X22X18,Flat Head Pin,NULL,NULL,Kit B,NULL,,,,ARF,20MS0218L,,,NULL,NULL,NULL,NULL,NULL,,,MCL,MCL,,NULL,NULL,NULL,NULL,NULL,NULL,NULL,NULL,NULL,NULL,NULL
752,HB1-703-4X14X12,Axle,NULL,NULL,Kit B,NULL,,,,ARF,17MS0668L,,,NULL,NULL,NULL,NULL,NULL,,,MCL,MCL,,NULL,NULL,NULL,NULL,NULL,NULL,NULL,NULL,NULL,NULL,NULL
753,HB1-703-4X12X10,Flat Head Shaft,NULL,NULL,Kit B,NULL,,,,ARF,97MS0033N,,,NULL,NULL,NULL,NULL,NULL,,,MCL,MCL,,NULL,NULL,NULL,NULL,NULL,NULL,NULL,NULL,NULL,NULL,NULL
754,HB1-521LB8X20X2.5,Washer,NULL,NULL,Kit B,NULL,,,,ARF,18MS0161L,,,NULL,NULL,NULL,NULL,NULL,,,MCL,MCL,,NULL,NULL,NULL,NULL,NULL,NULL,NULL,NULL,NULL,NULL,NULL
755,HB1-521LB8X16X2,Washer,NULL,NULL,Kit B,NULL,,,,ARF,01SM0595L,,,NULL,NULL,NULL,NULL,NULL,,,MCL,MCL,,NULL,NULL,NULL,NULL,NULL,NULL,NULL,NULL,NULL,NULL,NULL
756,HB1-521LB8X16X1,Washer,NULL,NULL,Kit B,NULL,,,,ARF,14SM0124L,,,NULL,NULL,NULL,NULL,NULL,,,MCL,MCL,,NULL,NULL,NULL,NULL,NULL,NULL,NULL,NULL,NULL,NULL,NULL
757,HB1-521LB8X14X1.5,Washer,NULL,NULL,Kit B,NULL,,,,ARF,99SM0290N,,,NULL,NULL,NULL,NULL,NULL,,,MCL,MCL,,NULL,NULL,NULL,NULL,NULL,NULL,NULL,NULL,NULL,NULL,NULL
758,HB1-521LB8X12X1,Washer,NULL,NULL,Kit B,NULL,,,,ARF,14SM0121L,,,NULL,NULL,NULL,NULL,NULL,,,MCL,MCL,,NULL,NULL,NULL,NULL,NULL,NULL,NULL,NULL,NULL,NULL,NULL
759,HB1-521LB7X12X1,Washer,NULL,NULL,Kit B,NULL,,,,ARF,13SM0062L,,,NULL,NULL,NULL,NULL,NULL,,,MCL,MCL,,NULL,NULL,NULL,NULL,NULL,NULL,NULL,NULL,NULL,NULL,NULL
760,HB1-521LB6X16X1,Washer,NULL,NULL,Kit B,NULL,,,,ARF,20SM0266L,,,NULL,NULL,NULL,NULL,NULL,,,MCL,MCL,,NULL,NULL,NULL,NULL,NULL,NULL,NULL,NULL,NULL,NULL,NULL
761,HB1-521LB6X14X2,Washer,NULL,NULL,Kit B,NULL,,,,ARF,03SM0359L,,,NULL,NULL,NULL,NULL,NULL,,,MCL,MCL,,NULL,NULL,NULL,NULL,NULL,NULL,NULL,NULL,NULL,NULL,NULL
762,HB1-521LB6X12X2MJ,Washer,NULL,NULL,Kit B,NULL,,,,ARF,14SM0120L,,,NULL,NULL,NULL,NULL,NULL,,,MCL,MCL,,NULL,NULL,NULL,NULL,NULL,NULL,NULL,NULL,NULL,NULL,NULL
763,HB1-521LB6X12X1,Washer,NULL,NULL,Kit B,NULL,,,,ARF,00SM1613N,,,NULL,NULL,NULL,NULL,NULL,,,MCL,MCL,,NULL,NULL,NULL,NULL,NULL,NULL,NULL,NULL,NULL,NULL,NULL
764,HB1-521LB6X12X0.8,Washer,NULL,NULL,Kit B,NULL,,,,ARF,00SM0989L,,,NULL,NULL,NULL,NULL,NULL,,,MCL,MCL,,NULL,NULL,NULL,NULL,NULL,NULL,NULL,NULL,NULL,NULL,NULL
765,HB1-521LB6X12X0.5,Washer,NULL,NULL,Kit B,NULL,,,,ARF,89SM0469L,,,NULL,NULL,NULL,NULL,NULL,,,MCL,MCL,,NULL,NULL,NULL,NULL,NULL,NULL,NULL,NULL,NULL,NULL,NULL
766,HB1-521LB6X10X1,Washer,NULL,NULL,Kit B,NULL,,,,ARF,00SM0988L,,,NULL,NULL,NULL,NULL,NULL,,,MCL,MCL,,NULL,NULL,NULL,NULL,NULL,NULL,NULL,NULL,NULL,NULL,NULL
767,HB1-521LB5X12X1.5,Washer,NULL,NULL,Kit B,NULL,,,,ARF,03SM0356L,,,NULL,NULL,NULL,NULL,NULL,,,MCL,MCL,,NULL,NULL,NULL,NULL,NULL,NULL,NULL,NULL,NULL,NULL,NULL
768,HB1-521LB5X10X1,Washer,NULL,NULL,Kit B,NULL,,,,ARF,99SM0288N,,,NULL,NULL,NULL,NULL,NULL,,,MCL,MCL,,NULL,NULL,NULL,NULL,NULL,NULL,NULL,NULL,NULL,NULL,NULL
769,HB1-521LB5X10X0.8,Washer,NULL,NULL,Kit B,NULL,,,,ARF,00SM1608L,,,NULL,NULL,NULL,NULL,NULL,,,MCL,MCL,,NULL,NULL,NULL,NULL,NULL,NULL,NULL,NULL,NULL,NULL,NULL
770,HB1-521LB4X8X1,Washer,NULL,NULL,Kit B,NULL,,,,ARF,99SM0287N,,,NULL,NULL,NULL,NULL,NULL,,,MCL,MCL,,NULL,NULL,NULL,NULL,NULL,NULL,NULL,NULL,NULL,NULL,NULL
771,HB1-521LB4X8X0.8,Washer,NULL,NULL,Kit B,NULL,,,,ARF,00SM1606L,,,NULL,NULL,NULL,NULL,NULL,,,MCL,MCL,,NULL,NULL,NULL,NULL,NULL,NULL,NULL,NULL,NULL,NULL,NULL
772,HB1-521LB4X8X0.5,Washer,NULL,NULL,Kit B,NULL,,,,ARF,00SM1465L,,,NULL,NULL,NULL,NULL,NULL,,,MCL,MCL,,NULL,NULL,NULL,NULL,NULL,NULL,NULL,NULL,NULL,NULL,NULL
773,HB1-521LB4X7X0.8,Washer,NULL,NULL,Kit B,NULL,,,,ARF,14SM0119L,,,NULL,NULL,NULL,NULL,NULL,,,MCL,MCL,,NULL,NULL,NULL,NULL,NULL,NULL,NULL,NULL,NULL,NULL,NULL
774,HB1-521LB4X10X1,Washer,NULL,NULL,Kit B,NULL,,,,ARF,00SM1603L,,,NULL,NULL,NULL,NULL,NULL,,,MCL,MCL,,NULL,NULL,NULL,NULL,NULL,NULL,NULL,NULL,NULL,NULL,NULL
775,HB1-521LB3X8X1,Washer,NULL,NULL,Kit B,NULL,,,,ARF,00SM1602L,,,NULL,NULL,NULL,NULL,NULL,,,MCL,MCL,,NULL,NULL,NULL,NULL,NULL,NULL,NULL,NULL,NULL,NULL,NULL
776,HB1-521LB3X6X0.5,Washer,NULL,NULL,Kit B,NULL,,,,ARF,14SM0117L,,,NULL,NULL,NULL,NULL,NULL,,,MCL,MCL,,NULL,NULL,NULL,NULL,NULL,NULL,NULL,NULL,NULL,NULL,NULL
777,HB1-521LB24X38X3,Washer,NULL,NULL,Kit B,NULL,,,,ARF,18MS0154L,,,NULL,NULL,NULL,NULL,NULL,,,MCL,MCL,,NULL,NULL,NULL,NULL,NULL,NULL,NULL,NULL,NULL,NULL,NULL
778,HB1-521LB20X32X3,Washer,NULL,NULL,Kit B,NULL,,,,ARF,14SM0116L,,,NULL,NULL,NULL,NULL,NULL,,,MCL,MCL,,NULL,NULL,NULL,NULL,NULL,NULL,NULL,NULL,NULL,NULL,NULL
779,HB1-521LB-20X30X1,Gasket,NULL,NULL,Kit B,NULL,,,,ARF,16SM0200L,,,NULL,NULL,NULL,NULL,NULL,,,MCL,MCL,,NULL,NULL,NULL,NULL,NULL,NULL,NULL,NULL,NULL,NULL,NULL
780,HB1-521LB18X32X2,Washer,NULL,NULL,Kit B,NULL,,,,ARF,14SM0115L,,,NULL,NULL,NULL,NULL,NULL,,,MCL,MCL,,NULL,NULL,NULL,NULL,NULL,NULL,NULL,NULL,NULL,NULL,NULL
781,HB1-521LB16X25X1,Washer,NULL,NULL,Kit B,NULL,,,,ARF,91SM0125N,,,NULL,NULL,NULL,NULL,NULL,,,MCL,MCL,,NULL,NULL,NULL,NULL,NULL,NULL,NULL,NULL,NULL,NULL,NULL
782,HB1-521LB16X22X2,Washer,NULL,NULL,Kit B,NULL,,,,ARF,01MS0275L,,,NULL,NULL,NULL,NULL,NULL,,,MCL,MCL,,NULL,NULL,NULL,NULL,NULL,NULL,NULL,NULL,NULL,NULL,NULL
783,HB1-521LB14X20X1,Washer,NULL,NULL,Kit B,NULL,,,,ARF,16SM0199L,,,NULL,NULL,NULL,NULL,NULL,,,MCL,MCL,,NULL,NULL,NULL,NULL,NULL,NULL,NULL,NULL,NULL,NULL,NULL
784,HB1-521LB14X16X1,Washer,NULL,NULL,Kit B,NULL,,PMC,,ARF,23PM0155L,,,NULL,NULL,NULL,NULL,NULL,,,MCL,MCL,,NULL,NULL,NULL,NULL,NULL,NULL,NULL,NULL,NULL,NULL,NULL
785,HB1-521LB12X20X2,Washer,NULL,NULL,Kit B,NULL,,,,ARF,14SM0112L,,,NULL,NULL,NULL,NULL,NULL,,,MCL,MCL,,NULL,NULL,NULL,NULL,NULL,NULL,NULL,NULL,NULL,NULL,NULL
786,HB1-521LB12X18X1.5,Washer,NULL,NULL,Kit B,NULL,,,,ARF,18SM0003L,,,NULL,NULL,NULL,NULL,NULL,,,MCL,MCL,,NULL,NULL,NULL,NULL,NULL,NULL,NULL,NULL,NULL,NULL,NULL
787,HB1-521LB12X16X1,Washer,NULL,NULL,Kit B,NULL,,,,ARF,16SM0198L,,,NULL,NULL,NULL,NULL,NULL,,,MCL,MCL,,NULL,NULL,NULL,NULL,NULL,NULL,NULL,NULL,NULL,NULL,NULL
788,HB1-521LB12X14X1,Washer,NULL,NULL,Kit B,NULL,,,,ARF,20SM0210L,,,NULL,NULL,NULL,NULL,NULL,,,MCL,MCL,,NULL,NULL,NULL,NULL,NULL,NULL,NULL,NULL,NULL,NULL,NULL
789,HB1-521LB10X18X2,Washer,NULL,NULL,Kit B,NULL,,,,ARF,14SM0110L,,,NULL,NULL,NULL,NULL,NULL,,,MCL,MCL,,NULL,NULL,NULL,NULL,NULL,NULL,NULL,NULL,NULL,NULL,NULL
790,HB1-521LB10X16X1,Washer,NULL,NULL,Kit B,NULL,,,,ARF,14SM0019L,,,NULL,NULL,NULL,NULL,NULL,,,MCL,MCL,,NULL,NULL,NULL,NULL,NULL,NULL,NULL,NULL,NULL,NULL,NULL
791,HB1-521GD8X16X1,Washer,NULL,NULL,Kit B,NULL,,,,ARF,00SM0085L,,,NULL,NULL,NULL,NULL,NULL,,,MCL,MCL,,NULL,NULL,NULL,NULL,NULL,NULL,NULL,NULL,NULL,NULL,NULL
792,HB1-521GD6X16X2,Washer,NULL,NULL,Kit B,NULL,,,,ARF,88SM0132N,,,NULL,NULL,NULL,NULL,NULL,,,MCL,MCL,,NULL,NULL,NULL,NULL,NULL,NULL,NULL,NULL,NULL,NULL,NULL
793,HB1-521GD6X14X2,Washer,NULL,NULL,Kit B,NULL,,,,ARF,89SM0625N,,,NULL,NULL,NULL,NULL,NULL,,,MCL,MCL,,NULL,NULL,NULL,NULL,NULL,NULL,NULL,NULL,NULL,NULL,NULL
794,HB1-521GD6X12X1.5,Washer,NULL,NULL,Kit B,NULL,,,,ARF,84SM0355L,,,NULL,NULL,NULL,NULL,NULL,,,MCL,MCL,,NULL,NULL,NULL,NULL,NULL,NULL,NULL,NULL,NULL,NULL,NULL
795,HB1-521GD6X12X1,Washer,NULL,NULL,Kit B,NULL,,,,ARF,99SM0277N,,,NULL,NULL,NULL,NULL,NULL,,,MCL,MCL,,NULL,NULL,NULL,NULL,NULL,NULL,NULL,NULL,NULL,NULL,NULL
796,HB1-521GD6X12X0.8,Washer,NULL,NULL,Kit B,NULL,,,,ARF,00SM0979L,,,NULL,NULL,NULL,NULL,NULL,,,MCL,MCL,,NULL,NULL,NULL,NULL,NULL,NULL,NULL,NULL,NULL,NULL,NULL
797,HB1-521GD6X10X1,Washer,NULL,NULL,Kit B,NULL,,,,ARF,00SM1594L,,,NULL,NULL,NULL,NULL,NULL,,,MCL,MCL,,NULL,NULL,NULL,NULL,NULL,NULL,NULL,NULL,NULL,NULL,NULL
798,HB1-521GD6X10X0.8,Washer,NULL,NULL,Kit B,NULL,,,,ARF,11SM0277L,,,NULL,NULL,NULL,NULL,NULL,,,MCL,MCL,,NULL,NULL,NULL,NULL,NULL,NULL,NULL,NULL,NULL,NULL,NULL
799,HB1-521GD5X8X0.8,Washer,NULL,NULL,Kit B,NULL,,,,ARF,00SM1592L,,,NULL,NULL,NULL,NULL,NULL,,,MCL,MCL,,NULL,NULL,NULL,NULL,NULL,NULL,NULL,NULL,NULL,NULL,NULL
800,HB1-521GD5X14X2,Washer,NULL,NULL,Kit B,NULL,,,,ARF,02MS0338L,,,NULL,NULL,NULL,NULL,NULL,,,MCL,MCL,,NULL,NULL,NULL,NULL,NULL,NULL,NULL,NULL,NULL,NULL,NULL
801,HB1-521GD5X14X1.5,Gasket,NULL,NULL,Kit B,NULL,,,,ARF,17SM0083L,,,NULL,NULL,NULL,NULL,NULL,,,MCL,MCL,,NULL,NULL,NULL,NULL,NULL,NULL,NULL,NULL,NULL,NULL,NULL
802,HB1-521GD5X14X1,Washer,NULL,NULL,Kit B,NULL,,,,ARF,17SM0083L,,,NULL,NULL,NULL,NULL,NULL,,,MCL,MCL,,NULL,NULL,NULL,NULL,NULL,NULL,NULL,NULL,NULL,NULL,NULL
803,HB1-521GD5X14X0.5,Gasket,NULL,NULL,Kit B,NULL,,,,ARF,01SM0605L,,,NULL,NULL,NULL,NULL,NULL,,,MCL,MCL,,NULL,NULL,NULL,NULL,NULL,NULL,NULL,NULL,NULL,NULL,NULL
804,HB1-521GD5X12X1,Washer,NULL,NULL,Kit B,NULL,,,,ARF,00SM1468L,,,NULL,NULL,NULL,NULL,NULL,,,MCL,MCL,,NULL,NULL,NULL,NULL,NULL,NULL,NULL,NULL,NULL,NULL,NULL
805,HB1-521GD5X10X1,Washer,NULL,NULL,Kit B,NULL,,,,ARF,99SM0271L,,,NULL,NULL,NULL,NULL,NULL,,,MCL,MCL,,NULL,NULL,NULL,NULL,NULL,NULL,NULL,NULL,NULL,NULL,NULL
806,HB1-521GD5X10X0.8,Washer,NULL,NULL,Kit B,NULL,,,,ARF,00SM0977L,,,NULL,NULL,NULL,NULL,NULL,,,MCL,MCL,,NULL,NULL,NULL,NULL,NULL,NULL,NULL,NULL,NULL,NULL,NULL
807,HB1-521GD4X8X1.5,Washer,NULL,NULL,Kit B,NULL,,,,ARF,19SM0427L,,,NULL,NULL,NULL,NULL,NULL,,,MCL,MCL,,NULL,NULL,NULL,NULL,NULL,NULL,NULL,NULL,NULL,NULL,NULL
808,HB1-521GD4X8X1,Washer,NULL,NULL,Kit B,NULL,,,,ARF,99SM0269N,,,NULL,NULL,NULL,NULL,NULL,,,MCL,MCL,,NULL,NULL,NULL,NULL,NULL,NULL,NULL,NULL,NULL,NULL,NULL
809,HB1-521GD4X8X0.8,Washer,NULL,NULL,Kit B,NULL,,,,ARF,99SM0267N,,,NULL,NULL,NULL,NULL,NULL,,,MCL,MCL,,NULL,NULL,NULL,NULL,NULL,NULL,NULL,NULL,NULL,NULL,NULL
810,HB1-521GD4X7X0.8,Washer,NULL,NULL,Kit B,NULL,,,,ARF,10SM0041L,,,NULL,NULL,NULL,NULL,NULL,,,MCL,MCL,,NULL,NULL,NULL,NULL,NULL,NULL,NULL,NULL,NULL,NULL,NULL
811,HB1-521GD4X10X1,Washer,NULL,NULL,Kit B,NULL,,,,ARF,89SM0486L,,,NULL,NULL,NULL,NULL,NULL,,,MCL,MCL,,NULL,NULL,NULL,NULL,NULL,NULL,NULL,NULL,NULL,NULL,NULL
812,HB1-521GD3X8X1,Washer,NULL,NULL,Kit B,NULL,,,,ARF,00SM0088L,,,NULL,NULL,NULL,NULL,NULL,,,MCL,MCL,,NULL,NULL,NULL,NULL,NULL,NULL,NULL,NULL,NULL,NULL,NULL
813,HB1-521GD3X6X0.8,Washer,NULL,NULL,Kit B,NULL,,,,ARF,87SM0187L,,,NULL,NULL,NULL,NULL,NULL,,,MCL,MCL,,NULL,NULL,NULL,NULL,NULL,NULL,NULL,NULL,NULL,NULL,NULL
814,HB1-521GD16X32X3.5,Washer,NULL,NULL,Kit B,NULL,,,,ARF,17MS0604L,,,NULL,NULL,NULL,NULL,NULL,,,MCL,MCL,,NULL,NULL,NULL,NULL,NULL,NULL,NULL,NULL,NULL,NULL,NULL
815,HB1-521GD16X32X3,Washer,NULL,NULL,Kit B,NULL,,,,ARF,17MS0628L,,,NULL,NULL,NULL,NULL,NULL,,,MCL,MCL,,NULL,NULL,NULL,NULL,NULL,NULL,NULL,NULL,NULL,NULL,NULL
816,HB1-521GD16X30X2.5,Washer,NULL,NULL,Kit B,NULL,,,,ARF,17MS0082L,,,NULL,NULL,NULL,NULL,NULL,,,MCL,MCL,,NULL,NULL,NULL,NULL,NULL,NULL,NULL,NULL,NULL,NULL,NULL
817,HB1-521GD14X22X2.5,Washer,NULL,NULL,Kit B,NULL,,,,ARF,16SM0195L,,,NULL,NULL,NULL,NULL,NULL,,,MCL,MCL,,NULL,NULL,NULL,NULL,NULL,NULL,NULL,NULL,NULL,NULL,NULL
818,HB1-521GD12X25X2.5,Washer,NULL,NULL,Kit B,NULL,,,,ARF,16SM0194L,,,NULL,NULL,NULL,NULL,NULL,,,MCL,MCL,,NULL,NULL,NULL,NULL,NULL,NULL,NULL,NULL,NULL,NULL,NULL
819,HB1-521FA8X14X1,Washer,NULL,NULL,Kit B,NULL,,,,ARF,16SM0192L,,,NULL,NULL,NULL,NULL,NULL,,,MCL,MCL,,NULL,NULL,NULL,NULL,NULL,NULL,NULL,NULL,NULL,NULL,NULL
820,HB1-521FA7X12X1,Gasket,NULL,NULL,Kit B,NULL,,,,ARF,00SM0980L,,,NULL,NULL,NULL,NULL,NULL,,,MCL,MCL,,NULL,NULL,NULL,NULL,NULL,NULL,NULL,NULL,NULL,NULL,NULL
821,HB1-521FA6X18X3,Washer,NULL,NULL,Kit B,NULL,,,,ARF,18MS0405L,,,NULL,NULL,NULL,NULL,NULL,,,MCL,MCL,,NULL,NULL,NULL,NULL,NULL,NULL,NULL,NULL,NULL,NULL,NULL
822,HB1-521FA6X18X2,Washer,NULL,NULL,Kit B,NULL,,,,ARF,17SM0081L,,,NULL,NULL,NULL,NULL,NULL,,,MCL,MCL,,NULL,NULL,NULL,NULL,NULL,NULL,NULL,NULL,NULL,NULL,NULL
823,HB1-521FA6X18X1.5,Washer,NULL,NULL,Kit B,NULL,,,,ARF,16SM0191L,,,NULL,NULL,NULL,NULL,NULL,,,MCL,MCL,,NULL,NULL,NULL,NULL,NULL,NULL,NULL,NULL,NULL,NULL,NULL
824,HB1-521FA6X18X1,Washer,NULL,NULL,Kit B,NULL,,,,ARF,16SM0190L,,,NULL,NULL,NULL,NULL,NULL,,,MCL,MCL,,NULL,NULL,NULL,NULL,NULL,NULL,NULL,NULL,NULL,NULL,NULL
825,HB1-521FA6X18X0.8,Washer,NULL,NULL,Kit B,NULL,,,,ARF,16SM0189L,,,NULL,NULL,NULL,NULL,NULL,,,MCL,MCL,,NULL,NULL,NULL,NULL,NULL,NULL,NULL,NULL,NULL,NULL,NULL
826,HB1-521FA6X18X0.5,Washer,NULL,NULL,Kit B,NULL,,,,ARF,16SM0188L,,,NULL,NULL,NULL,NULL,NULL,,,MCL,MCL,,NULL,NULL,NULL,NULL,NULL,NULL,NULL,NULL,NULL,NULL,NULL
827,HB1-521FA6X18X0.3,Gasket,NULL,NULL,Kit B,NULL,,,,ARF,21SM0470L,,,NULL,NULL,NULL,NULL,NULL,,,MCL,MCL,,NULL,NULL,NULL,NULL,NULL,NULL,NULL,NULL,NULL,NULL,NULL
828,HB1-521FA6X18X0.2,Gasket,NULL,NULL,Kit B,NULL,,,,ARF,21SM0469L,,,NULL,NULL,NULL,NULL,NULL,,,MCL,MCL,,NULL,NULL,NULL,NULL,NULL,NULL,NULL,NULL,NULL,NULL,NULL
829,HB1-521FA5X10X1,Washer,NULL,NULL,Kit B,NULL,,,,ARF,02SM0121L,,,NULL,NULL,NULL,NULL,NULL,,,MCL,MCL,,NULL,NULL,NULL,NULL,NULL,NULL,NULL,NULL,NULL,NULL,NULL
830,HB1-521FA4X8X1,Washer,NULL,NULL,Kit B,NULL,,,,ARF,01SM0603L,,,NULL,NULL,NULL,NULL,NULL,,,MCL,MCL,,NULL,NULL,NULL,NULL,NULL,NULL,NULL,NULL,NULL,NULL,NULL
831,HB1-521FA4X8X0.5,Washer,NULL,NULL,Kit B,NULL,,,,ARF,16SM0186L,,,NULL,NULL,NULL,NULL,NULL,,,MCL,MCL,,NULL,NULL,NULL,NULL,NULL,NULL,NULL,NULL,NULL,NULL,NULL
832,HB1-521FA3X6X0.5,Washer,NULL,NULL,Kit B,NULL,,,,ARF,16SM0185L,,,NULL,NULL,NULL,NULL,NULL,,,MCL,MCL,,NULL,NULL,NULL,NULL,NULL,NULL,NULL,NULL,NULL,NULL,NULL
833,"HB1-521FA28X45XS    (S=0.1,0.2,0.5,1)",Adjust Washer (Log),NULL,NULL,Kit B,NULL,,PMC,,ARF,MCL,,,NULL,NULL,NULL,NULL,NULL,,,MCL,MCL,,NULL,NULL,NULL,NULL,NULL,NULL,NULL,NULL,NULL,NULL,NULL
834,"HB1-521FA20X45XS    (S=0.1,0.2,0.5,1)",Adjust Washer (Log),NULL,NULL,Kit B,NULL,,PMC,1CR18NI9TI-0.1MM,ARF,0,WLOGTF291120210013 ,,NULL,NULL,NULL,NULL,NULL,Awt Mat,,Part under TF,Part Under Trial Manufacturing,Set required for various lengths. Ask PMC for mfg of availabe thickness seals,NULL,NULL,NULL,NULL,NULL,NULL,NULL,NULL,NULL,NULL,NULL
835,HB1-521FA20X35X3,Washer,NULL,NULL,Kit B,NULL,,,,ARF,17MS0238L,,,NULL,NULL,NULL,NULL,NULL,,,MCL,MCL,,NULL,NULL,NULL,NULL,NULL,NULL,NULL,NULL,NULL,NULL,NULL
836,HB1-521FA18X30X2.5,Washer,NULL,NULL,Kit B,NULL,,,,ARF,18MS0391L,,,NULL,NULL,NULL,NULL,NULL,,,MCL,MCL,,NULL,NULL,NULL,NULL,NULL,NULL,NULL,NULL,NULL,NULL,NULL
837,HB1-521FA14X25X2,Washer,NULL,NULL,Kit B,NULL,,,,ARF,19MS0338L,,,NULL,NULL,NULL,NULL,NULL,,,MCL,MCL,,NULL,NULL,NULL,NULL,NULL,NULL,NULL,NULL,NULL,NULL,NULL
838,HB1-521-8X14X1.5,Washer,NULL,NULL,Kit B,NULL,,,,ARF,21SM0164L,,,NULL,NULL,NULL,NULL,NULL,,,MCL,MCL,,NULL,NULL,NULL,NULL,NULL,NULL,NULL,NULL,NULL,NULL,NULL
839,HB1-521-8X14X1,Washer,NULL,NULL,Kit B,NULL,,,,ARF,18SM0525L,,,NULL,NULL,NULL,NULL,NULL,,,MCL,MCL,,NULL,NULL,NULL,NULL,NULL,NULL,NULL,NULL,NULL,NULL,NULL
840,HB1-521-8X14X0.8,Joint Ring,NULL,NULL,Kit B,NULL,,,,ARF,20SM0209L,,,NULL,NULL,NULL,NULL,NULL,,,MCL,MCL,,NULL,NULL,NULL,NULL,NULL,NULL,NULL,NULL,NULL,NULL,NULL
841,HB1-521-8X14X0.5,Joint Ring,NULL,NULL,Kit B,NULL,,,,ARF,21SM0190L,,,NULL,NULL,NULL,NULL,NULL,,,MCL,MCL,,NULL,NULL,NULL,NULL,NULL,NULL,NULL,NULL,NULL,NULL,NULL
842,HB1-521-6X12X1,Washer,NULL,NULL,Kit B,NULL,,,,ARF,10SM0251L,,,NULL,NULL,NULL,NULL,NULL,,,MCL,MCL,,NULL,NULL,NULL,NULL,NULL,NULL,NULL,NULL,NULL,NULL,NULL
843,HB1-521-5X8X0.8,Wheel Rim,NULL,NULL,Kit B,NULL,,,,ARF,18SM0522L,,,NULL,NULL,NULL,NULL,NULL,,,MCL,MCL,,NULL,NULL,NULL,NULL,NULL,NULL,NULL,NULL,NULL,NULL,NULL
844,HB1-521-5X10X1,Washer,NULL,NULL,Kit B,NULL,,,,ARF,05SM0121L,,,NULL,NULL,NULL,NULL,NULL,,,MCL,MCL,,NULL,NULL,NULL,NULL,NULL,NULL,NULL,NULL,NULL,NULL,NULL
845,HB1-521-5X10X0.5,Washer,NULL,NULL,Kit B,NULL,,,,ARF,05SM0120L,,,NULL,NULL,NULL,NULL,NULL,,,MCL,MCL,,NULL,NULL,NULL,NULL,NULL,NULL,NULL,NULL,NULL,NULL,NULL
846,HB1-521-4X8X1,Washer,NULL,NULL,Kit B,NULL,,,,ARF,08SM0748L,,,NULL,NULL,NULL,NULL,NULL,,,MCL,MCL,,NULL,NULL,NULL,NULL,NULL,NULL,NULL,NULL,NULL,NULL,NULL
847,HB1-521-16X28X1,Washer,NULL,NULL,Kit B,NULL,,,,ARF,01SM0606L,,,NULL,NULL,NULL,NULL,NULL,,,MCL,MCL,,NULL,NULL,NULL,NULL,NULL,NULL,NULL,NULL,NULL,NULL,NULL
848,HB1-521-14X22X2,Gasket,NULL,NULL,Kit B,NULL,,,,ARF,89SM0259L,,,NULL,NULL,NULL,NULL,NULL,,,MCL,MCL,,NULL,NULL,NULL,NULL,NULL,NULL,NULL,NULL,NULL,NULL,NULL
849,HB1-521-12X20X2,Joint Ring,NULL,NULL,Kit B,NULL,,,,ARF,18MS0644L,,,NULL,NULL,NULL,NULL,NULL,,,MCL,MCL,,NULL,NULL,NULL,NULL,NULL,NULL,NULL,NULL,NULL,NULL,NULL
850,HB1-521-10X22X2.5,Washer,NULL,NULL,Kit B,NULL,,,,ARF,17SM0078L,,,NULL,NULL,NULL,NULL,NULL,,,MCL,MCL,,NULL,NULL,NULL,NULL,NULL,NULL,NULL,NULL,NULL,NULL,NULL
851,HB1-521-10X20X1,Washer,NULL,NULL,Kit B,NULL,,,,ARF,21SM0114L,,,NULL,NULL,NULL,NULL,NULL,,,MCL,MCL,,NULL,NULL,NULL,NULL,NULL,NULL,NULL,NULL,NULL,NULL,NULL
852,HB1-521-10X20X0.5,Washer,NULL,NULL,Kit B,NULL,,,,ARF,17SM0076L,,,NULL,NULL,NULL,NULL,NULL,,,MCL,MCL,,NULL,NULL,NULL,NULL,NULL,NULL,NULL,NULL,NULL,NULL,NULL
853,HB1-521-10X18X2,Washer,NULL,NULL,Kit B,NULL,,,,ARF,19SM0460L,,,NULL,NULL,NULL,NULL,NULL,,,MCL,MCL,,NULL,NULL,NULL,NULL,NULL,NULL,NULL,NULL,NULL,NULL,NULL
854,HB1-503LB1X4X20,Washer,NULL,NULL,Kit B,NULL,,,,ARF,21MS0585L,,,NULL,NULL,NULL,NULL,NULL,,,MCL,MCL,,NULL,NULL,NULL,NULL,NULL,NULL,NULL,NULL,NULL,NULL,NULL
855,HB1-502G5X25,Washer (Log),NULL,NULL,Kit B,NULL,,MS,,ARF,23MS0284L,,,NULL,NULL,NULL,NULL,NULL,,,MCL,MCL,,NULL,NULL,NULL,NULL,NULL,NULL,NULL,NULL,NULL,NULL,NULL
856,HB1-404M8,Nut,NULL,NULL,Kit B,NULL,,,,ARF,90MS0084L,,,NULL,NULL,NULL,NULL,NULL,,,MCL,MCL,,NULL,NULL,NULL,NULL,NULL,NULL,NULL,NULL,NULL,NULL,NULL
857,HB1-404M6,Nut,NULL,NULL,Kit B,NULL,,,,ARF,90MS0111L,,,NULL,NULL,NULL,NULL,NULL,,,MCL,MCL,,NULL,NULL,NULL,NULL,NULL,NULL,NULL,NULL,NULL,NULL,NULL
858,HB1-404M5,Nut,NULL,NULL,Kit B,NULL,,,,ARF,89MS0117L,,,NULL,NULL,NULL,NULL,NULL,,,MCL,MCL,,NULL,NULL,NULL,NULL,NULL,NULL,NULL,NULL,NULL,NULL,NULL
859,HB1-404M4,Nut,NULL,NULL,Kit B,NULL,,,,ARF,18MS0643L,,,NULL,NULL,NULL,NULL,NULL,,,MCL,MCL,,NULL,NULL,NULL,NULL,NULL,NULL,NULL,NULL,NULL,NULL,NULL
860,HB1-404-M12X1.5,Nut,NULL,NULL,Kit B,NULL,,,,ARF,01MS0120L,,,NULL,NULL,NULL,NULL,NULL,,,MCL,MCL,,NULL,NULL,NULL,NULL,NULL,NULL,NULL,NULL,NULL,NULL,NULL
861,HB1-404G-M8,Nut,NULL,NULL,Kit B,NULL,,,,ARF,87MS0112L,,,NULL,NULL,NULL,NULL,NULL,,,MCL,MCL,,NULL,NULL,NULL,NULL,NULL,NULL,NULL,NULL,NULL,NULL,NULL
862,HB1-404G-M6,Nut,NULL,NULL,Kit B,NULL,,,,ARF,87MS0014L,,,NULL,NULL,NULL,NULL,NULL,,,MCL,MCL,,NULL,NULL,NULL,NULL,NULL,NULL,NULL,NULL,NULL,NULL,NULL
863,HB1-404G-M5,Nut,NULL,NULL,Kit B,NULL,,,,ARF,87MS0111L,,,NULL,NULL,NULL,NULL,NULL,,,MCL,MCL,,NULL,NULL,NULL,NULL,NULL,NULL,NULL,NULL,NULL,NULL,NULL
864,HB1-404G-M16X1.5,Nut,NULL,NULL,Kit B,NULL,,,,ARF,01MS0325L,,,NULL,NULL,NULL,NULL,NULL,,,MCL,MCL,,NULL,NULL,NULL,NULL,NULL,NULL,NULL,NULL,NULL,NULL,NULL
865,HB1-404G-M14X1.5,Nut,NULL,NULL,Kit B,NULL,,,,ARF,01MS0084L,,,NULL,NULL,NULL,NULL,NULL,,,MCL,MCL,,NULL,NULL,NULL,NULL,NULL,NULL,NULL,NULL,NULL,NULL,NULL
866,HB1-404G-M12X1.5,Nut,NULL,NULL,Kit B,NULL,,,,ARF,01MS0120L,,,NULL,NULL,NULL,NULL,NULL,,,MCL,MCL,,NULL,NULL,NULL,NULL,NULL,NULL,NULL,NULL,NULL,NULL,NULL
867,HB1-404F-M18X1.5,Nut,NULL,NULL,Kit B,NULL,,,,ARF,14MS0241L,,,NULL,NULL,NULL,NULL,NULL,,,MCL,MCL,,NULL,NULL,NULL,NULL,NULL,NULL,NULL,NULL,NULL,NULL,NULL
868,HB1-404F-M14X1.5,Nut,NULL,NULL,Kit B,NULL,,,,ARF,14MS0240L,,,NULL,NULL,NULL,NULL,NULL,,,MCL,MCL,,NULL,NULL,NULL,NULL,NULL,NULL,NULL,NULL,NULL,NULL,NULL
869,HB1-404FA-M6,Nut,NULL,NULL,Kit B,NULL,,,,ARF,14MS0239L,,,NULL,NULL,NULL,NULL,NULL,,,MCL,MCL,,NULL,NULL,NULL,NULL,NULL,NULL,NULL,NULL,NULL,NULL,NULL
870,HB1-403M10,Nut,NULL,NULL,Kit B,NULL,,,,ARF,01MS0333L,,,NULL,NULL,NULL,NULL,NULL,,,MCL,MCL,,NULL,NULL,NULL,NULL,NULL,NULL,NULL,NULL,NULL,NULL,NULL
871,HB1-403-10,Nut,NULL,NULL,Kit B,NULL,,,,ARF,01MS0333L,,,NULL,NULL,NULL,NULL,NULL,,,MCL,MCL,,NULL,NULL,NULL,NULL,NULL,NULL,NULL,NULL,NULL,NULL,NULL
872,HB1-402M8,Nut,NULL,NULL,Kit B,NULL,,,,ARF,18MS0374L,,,NULL,NULL,NULL,NULL,NULL,,,MCL,MCL,,NULL,NULL,NULL,NULL,NULL,NULL,NULL,NULL,NULL,NULL,NULL
873,HB1-402M18X1.5,Nut,NULL,NULL,Kit B,NULL,,,,ARF,18MS0156L,,,NULL,NULL,NULL,NULL,NULL,,,MCL,MCL,,NULL,NULL,NULL,NULL,NULL,NULL,NULL,NULL,NULL,NULL,NULL
874,HB1-402G-M6,Nut With Grooves,NULL,NULL,Kit B,NULL,,,,ARF,87MS0013L,,,NULL,NULL,NULL,NULL,NULL,,,MCL,MCL,,NULL,NULL,NULL,NULL,NULL,NULL,NULL,NULL,NULL,NULL,NULL
875,HB1-402G-M5,Nut,NULL,NULL,Kit B,NULL,,,,ARF,09MS0282L,,,NULL,NULL,NULL,NULL,NULL,,,MCL,MCL,,NULL,NULL,NULL,NULL,NULL,NULL,NULL,NULL,NULL,NULL,NULL
876,HB1-402FA-M8,Nut,NULL,NULL,Kit B,NULL,,,,ARF,17MS0221L,,,NULL,NULL,NULL,NULL,NULL,,,MCL,MCL,,NULL,NULL,NULL,NULL,NULL,NULL,NULL,NULL,NULL,NULL,NULL
877,HB1337M6,Self Lock Nut (Log),NULL,NULL,Kit B,NULL,,MS,,ARF,22MS0396N,,,NULL,NULL,NULL,NULL,NULL,,,MCL,MCL,,NULL,NULL,NULL,NULL,NULL,NULL,NULL,NULL,NULL,NULL,NULL
878,HB1-221-M4X10,Screw,NULL,NULL,Kit B,NULL,,,,ARF,02MS0369L,,,NULL,NULL,NULL,NULL,NULL,,,MCL,MCL,,NULL,NULL,NULL,NULL,NULL,NULL,NULL,NULL,NULL,NULL,NULL
879,HB1-221G-M5X14,Half Round Head Screw,NULL,NULL,Kit B,NULL,,,,ARF,01MS0335L,,,NULL,NULL,NULL,NULL,NULL,,,MCL,MCL,,NULL,NULL,NULL,NULL,NULL,NULL,NULL,NULL,NULL,NULL,NULL
880,HB1-221G-M5X10,Screw,NULL,NULL,Kit B,NULL,,,,ARF,00MS1675L,,,NULL,NULL,NULL,NULL,NULL,,,MCL,MCL,,NULL,NULL,NULL,NULL,NULL,NULL,NULL,NULL,NULL,NULL,NULL
881,HB1-211M5X10,Screw,NULL,NULL,Kit B,NULL,,,,ARF,91MS0001L,,,NULL,NULL,NULL,NULL,NULL,,,MCL,MCL,,NULL,NULL,NULL,NULL,NULL,NULL,NULL,NULL,NULL,NULL,NULL
882,HB1-211A-M5X12,Screw,NULL,NULL,Kit B,NULL,,,,ARF,08MS0697L,,,NULL,NULL,NULL,NULL,NULL,,,MCL,MCL,,NULL,NULL,NULL,NULL,NULL,NULL,NULL,NULL,NULL,NULL,NULL
883,HB1-207G-M4X14,Screw,NULL,NULL,Kit B,NULL,,,,ARF,89MS0017L,,,NULL,NULL,NULL,NULL,NULL,,,MCL,MCL,,NULL,NULL,NULL,NULL,NULL,NULL,NULL,NULL,NULL,NULL,NULL
884,HB1-205G-M5X20,Screw,NULL,NULL,Kit B,NULL,,,,ARF,01MS0666L,,,NULL,NULL,NULL,NULL,NULL,,,MCL,MCL,,NULL,NULL,NULL,NULL,NULL,NULL,NULL,NULL,NULL,NULL,NULL
885,HB1-205G-M4X16,Screw,NULL,NULL,Kit B,NULL,,,,ARF,85MS0127L,,,NULL,NULL,NULL,NULL,NULL,,,MCL,MCL,,NULL,NULL,NULL,NULL,NULL,NULL,NULL,NULL,NULL,NULL,NULL
886,HB1-205G-M3X10,Screw,NULL,NULL,Kit B,NULL,,,,ARF,95MS0067L,,,NULL,NULL,NULL,NULL,NULL,,,MCL,MCL,,NULL,NULL,NULL,NULL,NULL,NULL,NULL,NULL,NULL,NULL,NULL
887,HB1-204-M4X12,Screw,NULL,NULL,Kit B,NULL,,,,ARF,04MS0415L,,,NULL,NULL,NULL,NULL,NULL,,,MCL,MCL,,NULL,NULL,NULL,NULL,NULL,NULL,NULL,NULL,NULL,NULL,NULL
888,HB1-202G-5X14,Screw,NULL,NULL,Kit B,NULL,,,,ARF,03MS0199L,,,NULL,NULL,NULL,NULL,NULL,,,MCL,MCL,,NULL,NULL,NULL,NULL,NULL,NULL,NULL,NULL,NULL,NULL,NULL
889,HB1-132-5X22,Bolt,NULL,NULL,Kit B,NULL,,,,ARF,17MS0229L,,,NULL,NULL,NULL,NULL,NULL,,,MCL,MCL,,NULL,NULL,NULL,NULL,NULL,NULL,NULL,NULL,NULL,NULL,NULL
890,HB1-129-4X16,Bolt,NULL,NULL,Kit B,NULL,,,,ARF,19MS0198L,,,NULL,NULL,NULL,NULL,NULL,,,MCL,MCL,,NULL,NULL,NULL,NULL,NULL,NULL,NULL,NULL,NULL,NULL,NULL
891,HB1-128-4X12,Bolt,NULL,NULL,Kit B,NULL,,,,ARF,91MS0135N,,,NULL,NULL,NULL,NULL,NULL,,,MCL,MCL,,NULL,NULL,NULL,NULL,NULL,NULL,NULL,NULL,NULL,NULL,NULL
892,HB1-125-6X28X2.5,Conic Bolt,NULL,NULL,Kit B,NULL,,,,ARF,01MS0350L,,,NULL,NULL,NULL,NULL,NULL,,,MCL,MCL,,NULL,NULL,NULL,NULL,NULL,NULL,NULL,NULL,NULL,NULL,NULL
893,HB1-103-18X60X5,Bolt,NULL,NULL,Kit B,NULL,,,,ARF,17MS0237L,,,NULL,NULL,NULL,NULL,NULL,,,MCL,MCL,,NULL,NULL,NULL,NULL,NULL,NULL,NULL,NULL,NULL,NULL,NULL
894,HB1-102-5X18,Bolt,NULL,NULL,Kit B,NULL,,,,ARF,83MS0413L,,,NULL,NULL,NULL,NULL,NULL,,,MCL,MCL,,NULL,NULL,NULL,NULL,NULL,NULL,NULL,NULL,NULL,NULL,NULL
895,GJB3821/5/42,Clamp (Rec'D From Log),NULL,NULL,Kit B,NULL,,SM,,ARF,23SM0143N,,,NULL,NULL,NULL,NULL,NULL,,,MCL,MCL,,NULL,NULL,NULL,NULL,NULL,NULL,NULL,NULL,NULL,NULL,NULL
896,GJB3821/3/42,Clamp (Rec'D From Log),NULL,NULL,Kit B,NULL,,SM,,ARF,0,WLOGTF311020220007 ,,NULL,NULL,NULL,NULL,NULL,Awt Mat,,Part under TF,Part Under Trial Manufacturing,Part also on LR. Cehck to be marked on LR. AWT Mat GH4169-1MM. LR capability marked on system.,NULL,NULL,NULL,NULL,NULL,NULL,NULL,NULL,NULL,NULL,NULL
897,GJB122.8.3M8X24,Screw (Rec'D From Log),NULL,NULL,Kit B,NULL,,MS,,ARF,0,,,NULL,NULL,NULL,NULL,NULL,,,MCL,Area Unknown (MCL),,NULL,NULL,NULL,NULL,NULL,NULL,NULL,NULL,NULL,NULL,NULL
898,GJB122.7.1M4X12,Screw (Rec'D From Log),NULL,NULL,Kit B,NULL,,,,ARF,21MS0668N,,,NULL,NULL,NULL,NULL,NULL,,,MCL,MCL,,NULL,NULL,NULL,NULL,NULL,NULL,NULL,NULL,NULL,NULL,NULL
899,GJB122.6.4M5X24,100 Degree Countersunk Screw,NULL,NULL,Kit B,NULL,,,,ARF,14MS0236L,,,NULL,NULL,NULL,NULL,NULL,,,MCL,MCL,,NULL,NULL,NULL,NULL,NULL,NULL,NULL,NULL,NULL,NULL,NULL
900,GJB122.6.4M5X18,Screw,NULL,NULL,Kit B,NULL,,,,ARF,19MS0088L,,,NULL,NULL,NULL,NULL,NULL,,,MCL,MCL,,NULL,NULL,NULL,NULL,NULL,NULL,NULL,NULL,NULL,NULL,NULL
901,GJB122.6.3M5X18,Screw,NULL,NULL,Kit B,NULL,,,,ARF,17MS0671L,,,NULL,NULL,NULL,NULL,NULL,,,MCL,MCL,,NULL,NULL,NULL,NULL,NULL,NULL,NULL,NULL,NULL,NULL,NULL
902,GJB122.6.3M5X16,Screw,NULL,NULL,Kit B,NULL,,,,ARF,18MS0363L,,,NULL,NULL,NULL,NULL,NULL,,,MCL,MCL,,NULL,NULL,NULL,NULL,NULL,NULL,NULL,NULL,NULL,NULL,NULL
903,GJB122.6.3M4X18,Screw,NULL,NULL,Kit B,NULL,,,,ARF,17MS0643L,,,NULL,NULL,NULL,NULL,NULL,,,MCL,MCL,,NULL,NULL,NULL,NULL,NULL,NULL,NULL,NULL,NULL,NULL,NULL
904,GJB122.6.3M4X14,Fqmc Base Screw,NULL,NULL,Kit B,NULL,,,,ARF,17MS0677L,,,NULL,NULL,NULL,NULL,NULL,,,MCL,MCL,,NULL,NULL,NULL,NULL,NULL,NULL,NULL,NULL,NULL,NULL,NULL
905,GJB122.6.1M5X14,Screw,NULL,NULL,Kit B,NULL,,,,ARF,19MS0191L,,,NULL,NULL,NULL,NULL,NULL,,,MCL,MCL,,NULL,NULL,NULL,NULL,NULL,NULL,NULL,NULL,NULL,NULL,NULL
906,GJB122.6.1M4X14,Screw,NULL,NULL,Kit B,NULL,,,,ARF,19MS0036L,,,NULL,NULL,NULL,NULL,NULL,,,MCL,MCL,,NULL,NULL,NULL,NULL,NULL,NULL,NULL,NULL,NULL,NULL,NULL
907,GJB122.6.1M4X12,Screw,NULL,NULL,Kit B,NULL,,,,ARF,19MS0196L,,,NULL,NULL,NULL,NULL,NULL,,,MCL,MCL,,NULL,NULL,NULL,NULL,NULL,NULL,NULL,NULL,NULL,NULL,NULL
908,GJB122.6.1M3X28,Screw,NULL,NULL,Kit B,NULL,,,,ARF,18MS0364L,,,NULL,NULL,NULL,NULL,NULL,,,MCL,MCL,,NULL,NULL,NULL,NULL,NULL,NULL,NULL,NULL,NULL,NULL,NULL
909,GJB122.6.1M3X26,Screw,NULL,NULL,Kit B,NULL,,,,ARF,18MS0364L,,,NULL,NULL,NULL,NULL,NULL,,,MCL,MCL,,NULL,NULL,NULL,NULL,NULL,NULL,NULL,NULL,NULL,NULL,NULL
910,GJB122.6.1M3X12,Screw,NULL,NULL,Kit B,NULL,,,,ARF,19MS0195L,,,NULL,NULL,NULL,NULL,NULL,,,MCL,MCL,,NULL,NULL,NULL,NULL,NULL,NULL,NULL,NULL,NULL,NULL,NULL
911,GJB122.6.1M3*14,Screw,NULL,NULL,Kit B,NULL,,,,ARF,18MS0401L,,,NULL,NULL,NULL,NULL,NULL,,,MCL,MCL,,NULL,NULL,NULL,NULL,NULL,NULL,NULL,NULL,NULL,NULL,NULL
912,GJB122.6.1.8X68X3.5,Bolt (Rec'D From Log),NULL,NULL,Kit B,NULL,,MS,,ARF,0,WLOGTF061020210001 ,,NULL,NULL,NULL,NULL,NULL,sample issue,,Part under TF,Part Under Trial Manufacturing,discuss with asif for disposal,NULL,NULL,NULL,NULL,NULL,NULL,NULL,NULL,NULL,NULL,NULL
913,GJB122.6.1.4X12,Bolt (Rec'D From Log),NULL,NULL,Kit B,NULL,,,,ARF,19MS0196L,,,NULL,NULL,NULL,NULL,NULL,,,MCL,MCL,,NULL,NULL,NULL,NULL,NULL,NULL,NULL,NULL,NULL,NULL,NULL
914,GJB122.5.3.4X10,Screw,NULL,NULL,Kit B,NULL,,,,ARF,18MS0641L,,,NULL,NULL,NULL,NULL,NULL,,,MCL,MCL,,NULL,NULL,NULL,NULL,NULL,NULL,NULL,NULL,NULL,NULL,NULL
915,GJB122.5.2M5X16,Screw,NULL,NULL,Kit B,NULL,,,,ARF,17MS0686L,,,NULL,NULL,NULL,NULL,NULL,,,MCL,MCL,,NULL,NULL,NULL,NULL,NULL,NULL,NULL,NULL,NULL,NULL,NULL
916,GJB122.5.2M5X12,Screw,NULL,NULL,Kit B,NULL,,,,ARF,19MS0115L,,,NULL,NULL,NULL,NULL,NULL,,,MCL,MCL,,NULL,NULL,NULL,NULL,NULL,NULL,NULL,NULL,NULL,NULL,NULL
917,GJB122.5.2M5X10,Button Head Screw,NULL,NULL,Kit B,NULL,,,,ARF,14MS0229L,,,NULL,NULL,NULL,NULL,NULL,,,MCL,MCL,,NULL,NULL,NULL,NULL,NULL,NULL,NULL,NULL,NULL,NULL,NULL
918,GJB122.5.2M4X16,Screw,NULL,NULL,Kit B,NULL,,,,ARF,18MS0400L,,,NULL,NULL,NULL,NULL,NULL,,,MCL,MCL,,NULL,NULL,NULL,NULL,NULL,NULL,NULL,NULL,NULL,NULL,NULL
919,GJB122.5.2M4X14,Screw ,NULL,NULL,Kit B,NULL,,,,ARF,18MS0399L,,,NULL,NULL,NULL,NULL,NULL,,,MCL,MCL,,NULL,NULL,NULL,NULL,NULL,NULL,NULL,NULL,NULL,NULL,NULL
920,GJB122.5.1M5X10,Screw,NULL,NULL,Kit B,NULL,,,,ARF,18MS0646L,,,NULL,NULL,NULL,NULL,NULL,,,MCL,MCL,,NULL,NULL,NULL,NULL,NULL,NULL,NULL,NULL,NULL,NULL,NULL
921,GJB122.5.1M3X10,Screw (Log),NULL,NULL,Kit B,NULL,,MS,ML25-2.6mm,ARF,0,WLOGTF110520220107 ,,NULL,NULL,NULL,NULL,NULL,Awt Mat,,Part under TF,Part Under Trial Manufacturing,Find alternate,NULL,NULL,NULL,NULL,NULL,NULL,NULL,NULL,NULL,NULL,NULL
922,GJB122.4.6M4*9,Screw,NULL,NULL,Kit B,NULL,,MS,,ARF,22MS0452L,,,NULL,NULL,NULL,NULL,NULL,,,MCL,MCL,,NULL,NULL,NULL,NULL,NULL,NULL,NULL,NULL,NULL,NULL,NULL
923,GJB122.4.4M4X14,Bolt,NULL,NULL,Kit B,NULL,,,,ARF,14MS0227L,,,NULL,NULL,NULL,NULL,NULL,,,MCL,MCL,,NULL,NULL,NULL,NULL,NULL,NULL,NULL,NULL,NULL,NULL,NULL
924,GJB122.4.3M4X8,Screw ,NULL,NULL,Kit B,NULL,,,,ARF,18MS0647L,,,NULL,NULL,NULL,NULL,NULL,,,MCL,MCL,,NULL,NULL,NULL,NULL,NULL,NULL,NULL,NULL,NULL,NULL,NULL
925,GJB122.4.3M4X16,Bolt,NULL,NULL,Kit B,NULL,,,,ARF,17MS0113L,,,NULL,NULL,NULL,NULL,NULL,,,MCL,MCL,,NULL,NULL,NULL,NULL,NULL,NULL,NULL,NULL,NULL,NULL,NULL
926,GJB122.4.3M3X10,Cup Head Screw,NULL,NULL,Kit B,NULL,,,,ARF,14MS0225L,,,NULL,NULL,NULL,NULL,NULL,,,MCL,MCL,,NULL,NULL,NULL,NULL,NULL,NULL,NULL,NULL,NULL,NULL,NULL
927,GJB122.4.2M6X16,Bolt,NULL,NULL,Kit B,NULL,,,,ARF,19MS0318L,,,NULL,NULL,NULL,NULL,NULL,,,MCL,MCL,,NULL,NULL,NULL,NULL,NULL,NULL,NULL,NULL,NULL,NULL,NULL
928,GJB122.4.2M5X22,Cup Head Screw,NULL,NULL,Kit B,NULL,,,,ARF,14MS0223L,,,NULL,NULL,NULL,NULL,NULL,,,MCL,MCL,,NULL,NULL,NULL,NULL,NULL,NULL,NULL,NULL,NULL,NULL,NULL
929,GJB122.4.2M5X20,Screw,NULL,NULL,Kit B,NULL,,,,ARF,19MS0096L,,,NULL,NULL,NULL,NULL,NULL,,,MCL,MCL,,NULL,NULL,NULL,NULL,NULL,NULL,NULL,NULL,NULL,NULL,NULL
930,GJB122.4.2M5X18,Screw,NULL,NULL,Kit B,NULL,,,,ARF,17MS0121L,,,NULL,NULL,NULL,NULL,NULL,,,MCL,MCL,,NULL,NULL,NULL,NULL,NULL,NULL,NULL,NULL,NULL,NULL,NULL
931,GJB122.4.2M5X16,Screw,NULL,NULL,Kit B,NULL,,,,ARF,17MS0135L,,,NULL,NULL,NULL,NULL,NULL,,,MCL,MCL,,NULL,NULL,NULL,NULL,NULL,NULL,NULL,NULL,NULL,NULL,NULL
932,GJB122.4.2M5X14,Screw,NULL,NULL,Kit B,NULL,,,,ARF,17MS0162L,,,NULL,NULL,NULL,NULL,NULL,,,MCL,MCL,,NULL,NULL,NULL,NULL,NULL,NULL,NULL,NULL,NULL,NULL,NULL
933,GJB122.4.2M5X12,Hf Cable Clamp Screw,NULL,NULL,Kit B,NULL,,,,ARF,20MS0330L,,,NULL,NULL,NULL,NULL,NULL,,,MCL,MCL,,NULL,NULL,NULL,NULL,NULL,NULL,NULL,NULL,NULL,NULL,NULL
934,GJB122.4.2M4X9,Screw,NULL,NULL,Kit B,NULL,,,,ARF,17MS0694L,,,NULL,NULL,NULL,NULL,NULL,,,MCL,MCL,,NULL,NULL,NULL,NULL,NULL,NULL,NULL,NULL,NULL,NULL,NULL
935,GJB122.4.2M4X28,Screw,NULL,NULL,Kit B,NULL,,,,ARF,17MS0695L,,,NULL,NULL,NULL,NULL,NULL,,,MCL,MCL,,NULL,NULL,NULL,NULL,NULL,NULL,NULL,NULL,NULL,NULL,NULL
936,GJB122.4.2M4X18,Screw,NULL,NULL,Kit B,NULL,,,,ARF,17MS0627L,,,NULL,NULL,NULL,NULL,NULL,,,MCL,MCL,,NULL,NULL,NULL,NULL,NULL,NULL,NULL,NULL,NULL,NULL,NULL
937,GJB122.4.2M4X14,Screw,NULL,NULL,Kit B,NULL,,,,ARF,17MS0640L,,,NULL,NULL,NULL,NULL,NULL,,,MCL,MCL,,NULL,NULL,NULL,NULL,NULL,NULL,NULL,NULL,NULL,NULL,NULL
938,GJB122.4.2M4X12,Screw,NULL,NULL,Kit B,NULL,,,,ARF,19MS0087L,,,NULL,NULL,NULL,NULL,NULL,,,MCL,MCL,,NULL,NULL,NULL,NULL,NULL,NULL,NULL,NULL,NULL,NULL,NULL
939,GJB122.4.2M3X12,Screw,NULL,NULL,Kit B,NULL,,,,ARF,19MS0324L,,,NULL,NULL,NULL,NULL,NULL,,,MCL,MCL,,NULL,NULL,NULL,NULL,NULL,NULL,NULL,NULL,NULL,NULL,NULL
940,GJB122.4.1M6X28,Cup Head Screw,NULL,NULL,Kit B,NULL,,,,ARF,14MS0221L,,,NULL,NULL,NULL,NULL,NULL,,,MCL,MCL,,NULL,NULL,NULL,NULL,NULL,NULL,NULL,NULL,NULL,NULL,NULL
941,GJB122.4.1M6X20,Screw,NULL,NULL,Kit B,NULL,,,,ARF,17MS0689L,,,NULL,NULL,NULL,NULL,NULL,,,MCL,MCL,,NULL,NULL,NULL,NULL,NULL,NULL,NULL,NULL,NULL,NULL,NULL
942,GJB122.4.1M6X16,Screw,NULL,NULL,Kit B,NULL,,,,ARF,19MS0041L,,,NULL,NULL,NULL,NULL,NULL,,,MCL,MCL,,NULL,NULL,NULL,NULL,NULL,NULL,NULL,NULL,NULL,NULL,NULL
943,GJB122.4.1M6X14,Screw,NULL,NULL,Kit B,NULL,,,,ARF,17MS0622L,,,NULL,NULL,NULL,NULL,NULL,,,MCL,MCL,,NULL,NULL,NULL,NULL,NULL,NULL,NULL,NULL,NULL,NULL,NULL
944,GJB122.4.1M6X12,Screw,NULL,NULL,Kit B,NULL,,,,ARF,17MS0690L,,,NULL,NULL,NULL,NULL,NULL,,,MCL,MCL,,NULL,NULL,NULL,NULL,NULL,NULL,NULL,NULL,NULL,NULL,NULL
945,GJB122.4.1M5X9,Screw,NULL,NULL,Kit B,NULL,,,,ARF,17MS0639L,,,NULL,NULL,NULL,NULL,NULL,,,MCL,MCL,,NULL,NULL,NULL,NULL,NULL,NULL,NULL,NULL,NULL,NULL,NULL
946,GJB122.4.1M5X26,Screw,NULL,NULL,Kit B,NULL,,,,ARF,17MS0691L,,,NULL,NULL,NULL,NULL,NULL,,,MCL,MCL,,NULL,NULL,NULL,NULL,NULL,NULL,NULL,NULL,NULL,NULL,NULL
947,GJB122.4.1M5X22,Screw,NULL,NULL,Kit B,NULL,,,,ARF,19MS0188L,,,NULL,NULL,NULL,NULL,NULL,,,MCL,MCL,,NULL,NULL,NULL,NULL,NULL,NULL,NULL,NULL,NULL,NULL,NULL
948,GJB122.4.1M5X18,Screw,NULL,NULL,Kit B,NULL,,,,ARF,17MS0692L,,,NULL,NULL,NULL,NULL,NULL,,,MCL,MCL,,NULL,NULL,NULL,NULL,NULL,NULL,NULL,NULL,NULL,NULL,NULL
949,GJB122.4.1M5X16,Cup Head Screw,NULL,NULL,Kit B,NULL,,,,ARF,14MS0220L,,,NULL,NULL,NULL,NULL,NULL,,,MCL,MCL,,NULL,NULL,NULL,NULL,NULL,NULL,NULL,NULL,NULL,NULL,NULL
950,GJB122.4.1M5X14,Cup Head Screw,NULL,NULL,Kit B,NULL,,,,ARF,14MS0219L,,,NULL,NULL,NULL,NULL,NULL,,,MCL,MCL,,NULL,NULL,NULL,NULL,NULL,NULL,NULL,NULL,NULL,NULL,NULL
951,GJB122.4.1M5X12,Cup Head Screw,NULL,NULL,Kit B,NULL,,,,ARF,14MS0218L,,,NULL,NULL,NULL,NULL,NULL,,,MCL,MCL,,NULL,NULL,NULL,NULL,NULL,NULL,NULL,NULL,NULL,NULL,NULL
952,GJB122.4.1M5X10,Screw,NULL,NULL,Kit B,NULL,,,,ARF,17MS0699L,,,NULL,NULL,NULL,NULL,NULL,,,MCL,MCL,,NULL,NULL,NULL,NULL,NULL,NULL,NULL,NULL,NULL,NULL,NULL
953,GJB122.4.1M4X8,Screw,NULL,NULL,Kit B,NULL,,,,ARF,17MS0696L,,,NULL,NULL,NULL,NULL,NULL,,,MCL,MCL,,NULL,NULL,NULL,NULL,NULL,NULL,NULL,NULL,NULL,NULL,NULL
954,GJB122.4.1M4X16,Bolt,NULL,NULL,Kit B,NULL,,,,ARF,17MS0626L,,,NULL,NULL,NULL,NULL,NULL,,,MCL,MCL,,NULL,NULL,NULL,NULL,NULL,NULL,NULL,NULL,NULL,NULL,NULL
955,GJB122.4.1M4X14HCR,Screw,NULL,NULL,Kit B,NULL,,,,ARF,17MS0683L,,,NULL,NULL,NULL,NULL,NULL,,,MCL,MCL,,NULL,NULL,NULL,NULL,NULL,NULL,NULL,NULL,NULL,NULL,NULL
956,GJB122.4.1M4X14,Screw,NULL,NULL,Kit B,NULL,,,,ARF,17MS0683L,,,NULL,NULL,NULL,NULL,NULL,,,MCL,MCL,,NULL,NULL,NULL,NULL,NULL,NULL,NULL,NULL,NULL,NULL,NULL
957,GJB122.4.1M4X12,Screw,NULL,NULL,Kit B,NULL,,,,ARF,17MS0681L,,,NULL,NULL,NULL,NULL,NULL,,,MCL,MCL,,NULL,NULL,NULL,NULL,NULL,NULL,NULL,NULL,NULL,NULL,NULL
958,GJB122.4.1M4X11,Screw,NULL,NULL,Kit B,NULL,,,,ARF,17MS0700L,,,NULL,NULL,NULL,NULL,NULL,,,MCL,MCL,,NULL,NULL,NULL,NULL,NULL,NULL,NULL,NULL,NULL,NULL,NULL
959,GJB122.4.1M4X10,Screw,NULL,NULL,Kit B,NULL,,,,ARF,18MS0362L,,,NULL,NULL,NULL,NULL,NULL,,,MCL,MCL,,NULL,NULL,NULL,NULL,NULL,NULL,NULL,NULL,NULL,NULL,NULL
960,GJB122.4.1M3X9,Screw,NULL,NULL,Kit B,NULL,,,,ARF,17MS0636L,,,NULL,NULL,NULL,NULL,NULL,,,MCL,MCL,,NULL,NULL,NULL,NULL,NULL,NULL,NULL,NULL,NULL,NULL,NULL
961,GJB122.4.1M3X8,Cup Head Screw,NULL,NULL,Kit B,NULL,,,,ARF,14MS0216L,,,NULL,NULL,NULL,NULL,NULL,,,MCL,MCL,,NULL,NULL,NULL,NULL,NULL,NULL,NULL,NULL,NULL,NULL,NULL
962,GJB122.4.1M3X7,Screw,NULL,NULL,Kit B,NULL,,,,ARF,17MS0701L,,,NULL,NULL,NULL,NULL,NULL,,,MCL,MCL,,NULL,NULL,NULL,NULL,NULL,NULL,NULL,NULL,NULL,NULL,NULL
963,GJB122.4.1M3X14,Screw,NULL,NULL,Kit B,NULL,,,,ARF,17MS0625L,,,NULL,NULL,NULL,NULL,NULL,,,MCL,MCL,,NULL,NULL,NULL,NULL,NULL,NULL,NULL,NULL,NULL,NULL,NULL
964,GJB122.4.1M3X12,Screw,NULL,NULL,Kit B,NULL,,,,ARF,18MS0379L,,,NULL,NULL,NULL,NULL,NULL,,,MCL,MCL,,NULL,NULL,NULL,NULL,NULL,NULL,NULL,NULL,NULL,NULL,NULL
965,GJB122.4.1M3X11,Gahrs Screw,NULL,NULL,Kit B,NULL,,,,ARF,17MS0624L,,,NULL,NULL,NULL,NULL,NULL,,,MCL,MCL,,NULL,NULL,NULL,NULL,NULL,NULL,NULL,NULL,NULL,NULL,NULL
966,GJB122.4.1M3X10,Screw,NULL,NULL,Kit B,NULL,,,,ARF,17MS0623L,,,NULL,NULL,NULL,NULL,NULL,,,MCL,MCL,,NULL,NULL,NULL,NULL,NULL,NULL,NULL,NULL,NULL,NULL,NULL
967,GJB122.3.5M4X16,Screw,NULL,NULL,Kit B,NULL,,,,ARF,19MS0099L,,,NULL,NULL,NULL,NULL,NULL,,,MCL,MCL,,NULL,NULL,NULL,NULL,NULL,NULL,NULL,NULL,NULL,NULL,NULL
968,GJB122.3.3M5X9,Screw,NULL,NULL,Kit B,NULL,,,,ARF,19MS0066L,,,NULL,NULL,NULL,NULL,NULL,,,MCL,MCL,,NULL,NULL,NULL,NULL,NULL,NULL,NULL,NULL,NULL,NULL,NULL
969,GJB122.3.1M5X20,Screw,NULL,NULL,Kit B,NULL,,,,ARF,21MS0315L,,,NULL,NULL,NULL,NULL,NULL,,,MCL,MCL,,NULL,NULL,NULL,NULL,NULL,NULL,NULL,NULL,NULL,NULL,NULL
970,GJB122.3.1M5X12,Screw,NULL,NULL,Kit B,NULL,,,,ARF,18MS0159L,,,NULL,NULL,NULL,NULL,NULL,,,MCL,MCL,,NULL,NULL,NULL,NULL,NULL,NULL,NULL,NULL,NULL,NULL,NULL
971,GJB122.3.1M3X8,Screw,NULL,NULL,Kit B,NULL,,,,ARF,18MS0387L,,,NULL,NULL,NULL,NULL,NULL,,,MCL,MCL,,NULL,NULL,NULL,NULL,NULL,NULL,NULL,NULL,NULL,NULL,NULL
972,GJB122.2.6M3X14,Plane Head Screw,NULL,NULL,Kit B,NULL,,,,ARF,15MS0203L,,,NULL,NULL,NULL,NULL,NULL,,,MCL,MCL,,NULL,NULL,NULL,NULL,NULL,NULL,NULL,NULL,NULL,NULL,NULL
973,GJB122.2.3M4X12,Bolt,NULL,NULL,Kit B,NULL,,,,ARF,18MS0319L,,,NULL,NULL,NULL,NULL,NULL,,,MCL,MCL,,NULL,NULL,NULL,NULL,NULL,NULL,NULL,NULL,NULL,NULL,NULL
974,GJB122.2.2M6X20,Screw,NULL,NULL,Kit B,NULL,,,,ARF,17MS0632L,,,NULL,NULL,NULL,NULL,NULL,,,MCL,MCL,,NULL,NULL,NULL,NULL,NULL,NULL,NULL,NULL,NULL,NULL,NULL
975,GJB122.2.2M5X16,Screw,NULL,NULL,Kit B,NULL,,,,ARF,19MS0197L,,,NULL,NULL,NULL,NULL,NULL,,,MCL,MCL,,NULL,NULL,NULL,NULL,NULL,NULL,NULL,NULL,NULL,NULL,NULL
976,GJB122.2.2M5X14,Bolt,NULL,NULL,Kit B,NULL,,,,ARF,18MS0398L,,,NULL,NULL,NULL,NULL,NULL,,,MCL,MCL,,NULL,NULL,NULL,NULL,NULL,NULL,NULL,NULL,NULL,NULL,NULL
977,GJB122.2.2M4X12,Screw,NULL,NULL,Kit B,NULL,,,,ARF,18MS0368L,,,NULL,NULL,NULL,NULL,NULL,,,MCL,MCL,,NULL,NULL,NULL,NULL,NULL,NULL,NULL,NULL,NULL,NULL,NULL
978,GJB122.2.2M4X10,Screw,NULL,NULL,Kit B,NULL,,,,ARF,18MS0373L,,,NULL,NULL,NULL,NULL,NULL,,,MCL,MCL,,NULL,NULL,NULL,NULL,NULL,NULL,NULL,NULL,NULL,NULL,NULL
979,GJB122.2.1M6X16,Cheese Head Bolt,NULL,NULL,Kit B,NULL,,,,ARF,14MS0211L,,,NULL,NULL,NULL,NULL,NULL,,,MCL,MCL,,NULL,NULL,NULL,NULL,NULL,NULL,NULL,NULL,NULL,NULL,NULL
980,GJB122.2.1M6X12,Cheese Head Bolt,NULL,NULL,Kit B,NULL,,,,ARF,14MS0210L,,,NULL,NULL,NULL,NULL,NULL,,,MCL,MCL,,NULL,NULL,NULL,NULL,NULL,NULL,NULL,NULL,NULL,NULL,NULL
981,GJB122.2.1M5X16,Cheese Head Bolt,NULL,NULL,Kit B,NULL,,,,ARF,14MS0208L,,,NULL,NULL,NULL,NULL,NULL,,,MCL,MCL,,NULL,NULL,NULL,NULL,NULL,NULL,NULL,NULL,NULL,NULL,NULL
982,GJB122.2.1M5X14,Bolt,NULL,NULL,Kit B,NULL,,,,ARF,15MS0202L,,,NULL,NULL,NULL,NULL,NULL,,,MCL,MCL,,NULL,NULL,NULL,NULL,NULL,NULL,NULL,NULL,NULL,NULL,NULL
983,GJB122.2.1M5X12,Cheese Head Bolt,NULL,NULL,Kit B,NULL,,,,ARF,14MS0207L,,,NULL,NULL,NULL,NULL,NULL,,,MCL,MCL,,NULL,NULL,NULL,NULL,NULL,NULL,NULL,NULL,NULL,NULL,NULL
984,GJB122.2.1M4X22,Cheese Head Bolt,NULL,NULL,Kit B,NULL,,,,ARF,14MS0206L,,,NULL,NULL,NULL,NULL,NULL,,,MCL,MCL,,NULL,NULL,NULL,NULL,NULL,NULL,NULL,NULL,NULL,NULL,NULL
985,GJB122.2.1M4X14,Cheese Head Bolt,NULL,NULL,Kit B,NULL,,,,ARF,14MS0203L,,,NULL,NULL,NULL,NULL,NULL,,,MCL,MCL,,NULL,NULL,NULL,NULL,NULL,NULL,NULL,NULL,NULL,NULL,NULL
986,GJB122.2.1M4X12,Cheese Head Bolt,NULL,NULL,Kit B,NULL,,,,ARF,14MS0202L,,,NULL,NULL,NULL,NULL,NULL,,,MCL,MCL,,NULL,NULL,NULL,NULL,NULL,NULL,NULL,NULL,NULL,NULL,NULL
987,GJB122.2.1M3X12,Screw,NULL,NULL,Kit B,NULL,,,,ARF,18MS0162L,,,NULL,NULL,NULL,NULL,NULL,,,MCL,MCL,,NULL,NULL,NULL,NULL,NULL,NULL,NULL,NULL,NULL,NULL,NULL
988,GJB122.2.1M3X10,Screw,NULL,NULL,Kit B,NULL,,,,ARF,19MS0068L,,,NULL,NULL,NULL,NULL,NULL,,,MCL,MCL,,NULL,NULL,NULL,NULL,NULL,NULL,NULL,NULL,NULL,NULL,NULL
989,GJB122.2.1.5X12,Bolt,NULL,NULL,Kit B,NULL,,,,ARF,20MS0202L,,,NULL,NULL,NULL,NULL,NULL,,,MCL,MCL,,NULL,NULL,NULL,NULL,NULL,NULL,NULL,NULL,NULL,NULL,NULL
990,GJB122.10M5X15,Instrument Screw,NULL,NULL,Kit B,NULL,,,,ARF,19MS0093L,,,NULL,NULL,NULL,NULL,NULL,,,MCL,MCL,,NULL,NULL,NULL,NULL,NULL,NULL,NULL,NULL,NULL,NULL,NULL
991,GJB122.10M5X13,Instrument Screw,NULL,NULL,Kit B,NULL,,,,ARF,19MS0092L,,,NULL,NULL,NULL,NULL,NULL,,,MCL,MCL,,NULL,NULL,NULL,NULL,NULL,NULL,NULL,NULL,NULL,NULL,NULL
992,GJB122.10M4X12,Screw (Rec'D From Log),NULL,NULL,Kit B,NULL,,MS,,ARF,22MS0457N,,,NULL,NULL,NULL,NULL,NULL,,,MCL,MCL,,NULL,NULL,NULL,NULL,NULL,NULL,NULL,NULL,NULL,NULL,NULL
993,GJB122.1.8M6X28/HB0-9-A,Bolt,NULL,NULL,Kit B,NULL,,MS,,ARF,23MS0165N,,,NULL,NULL,NULL,NULL,NULL,,,MCL,MCL,,NULL,NULL,NULL,NULL,NULL,NULL,NULL,NULL,NULL,NULL,NULL
994,GJB122.1.5M8X16,Bolt,NULL,NULL,Kit B,NULL,,,,ARF,18MS0397L,,,NULL,NULL,NULL,NULL,NULL,,,MCL,MCL,,NULL,NULL,NULL,NULL,NULL,NULL,NULL,NULL,NULL,NULL,NULL
995,GJB122.1.5M6X16,Bolt,NULL,NULL,Kit B,NULL,,,,ARF,18MS0316L,,,NULL,NULL,NULL,NULL,NULL,,,MCL,MCL,,NULL,NULL,NULL,NULL,NULL,NULL,NULL,NULL,NULL,NULL,NULL
996,GJB122.1.4M4X12,Bolt (Rec'D From Log),NULL,NULL,Kit B,NULL,,,,ARF,21MS0607L,,,NULL,NULL,NULL,NULL,NULL,,,MCL,MCL,,NULL,NULL,NULL,NULL,NULL,NULL,NULL,NULL,NULL,NULL,NULL
997,GJB122.1.3M8X28/HB0-9-C,Screw,NULL,NULL,Kit B,NULL,,,,ARF,19MS0192L,,,NULL,NULL,NULL,NULL,NULL,,,MCL,MCL,,NULL,NULL,NULL,NULL,NULL,NULL,NULL,NULL,NULL,NULL,NULL
998,GJB122.1.3M8X24/HBO-9-C,Screw,NULL,NULL,Kit B,NULL,,,,ARF,19MS0193L,,,NULL,NULL,NULL,NULL,NULL,,,MCL,MCL,,NULL,NULL,NULL,NULL,NULL,NULL,NULL,NULL,NULL,NULL,NULL
999,GJB122.1.3M8X18/HBO-9-D,Screw,NULL,NULL,Kit B,NULL,,MS,,ARF,22MS0158L,,,NULL,NULL,NULL,NULL,NULL,,,MCL,MCL,,NULL,NULL,NULL,NULL,NULL,NULL,NULL,NULL,NULL,NULL,NULL
1000,GJB122.1.3M6X40,Screw,NULL,NULL,Kit B,NULL,,,,ARF,17MS0663L,,,NULL,NULL,NULL,NULL,NULL,,,MCL,MCL,,NULL,NULL,NULL,NULL,NULL,NULL,NULL,NULL,NULL,NULL,NULL
1001,GJB122.1.3M6X38,Screw,NULL,NULL,Kit B,NULL,,,,ARF,17MS0662L,,,NULL,NULL,NULL,NULL,NULL,,,MCL,MCL,,NULL,NULL,NULL,NULL,NULL,NULL,NULL,NULL,NULL,NULL,NULL
1002,GJB122.1.3M6X32,Bolt,NULL,NULL,Kit B,NULL,,,,ARF,18MS0035L,,,NULL,NULL,NULL,NULL,NULL,,,MCL,MCL,,NULL,NULL,NULL,NULL,NULL,NULL,NULL,NULL,NULL,NULL,NULL
1003,GJB122.1.3M6X24/HBO-9-C,Screw,NULL,NULL,Kit B,NULL,,,,ARF,20MS0192L,,,NULL,NULL,NULL,NULL,NULL,,,MCL,MCL,,NULL,NULL,NULL,NULL,NULL,NULL,NULL,NULL,NULL,NULL,NULL
1004,GJB122.1.3M6X22/HBO-9-C,Screw,NULL,NULL,Kit B,NULL,,,,ARF,19MS0194L,,,NULL,NULL,NULL,NULL,NULL,,,MCL,MCL,,NULL,NULL,NULL,NULL,NULL,NULL,NULL,NULL,NULL,NULL,NULL
1005,GJB122.1.3M6X20/HBO-9-C,Hexahead Bolt,NULL,NULL,Kit B,NULL,,,,ARF,19MS0117L,,,NULL,NULL,NULL,NULL,NULL,,,MCL,MCL,,NULL,NULL,NULL,NULL,NULL,NULL,NULL,NULL,NULL,NULL,NULL
1006,GJB122.1.3M6X20,Screw,NULL,NULL,Kit B,NULL,,,,ARF,17MS0114L,,,NULL,NULL,NULL,NULL,NULL,,,MCL,MCL,,NULL,NULL,NULL,NULL,NULL,NULL,NULL,NULL,NULL,NULL,NULL
1007,GJB122.1.3M6X18,Bolt,NULL,NULL,Kit B,NULL,,,,ARF,17MS0187L,,,NULL,NULL,NULL,NULL,NULL,,,MCL,MCL,,NULL,NULL,NULL,NULL,NULL,NULL,NULL,NULL,NULL,NULL,NULL
1008,GJB122.1.3M6X14,Screw,NULL,NULL,Kit B,NULL,,,,ARF,17MS0684L,,,NULL,NULL,NULL,NULL,NULL,,,MCL,MCL,,NULL,NULL,NULL,NULL,NULL,NULL,NULL,NULL,NULL,NULL,NULL
1009,GJB122.1.3M6X12,Screw,NULL,NULL,Kit B,NULL,,,,ARF,14MS0201L,,,NULL,NULL,NULL,NULL,NULL,,,MCL,MCL,,NULL,NULL,NULL,NULL,NULL,NULL,NULL,NULL,NULL,NULL,NULL
1010,GJB122.1.3M5x38,Screw,NULL,NULL,Kit B,NULL,,,,ARF,17MS0133L,,,NULL,NULL,NULL,NULL,NULL,,,MCL,MCL,,NULL,NULL,NULL,NULL,NULL,NULL,NULL,NULL,NULL,NULL,NULL
1011,GJB122.1.3M5X32,Screw,NULL,NULL,Kit B,NULL,,,,ARF,18MS0037L,,,NULL,NULL,NULL,NULL,NULL,,,MCL,MCL,,NULL,NULL,NULL,NULL,NULL,NULL,NULL,NULL,NULL,NULL,NULL
1012,GJB122.1.3M5X26,Screw,NULL,NULL,Kit B,NULL,,,,ARF,18MS0039L,,,NULL,NULL,NULL,NULL,NULL,,,MCL,MCL,,NULL,NULL,NULL,NULL,NULL,NULL,NULL,NULL,NULL,NULL,NULL
1013,GJB122.1.3M5X24,Screw,NULL,NULL,Kit B,NULL,,,,ARF,18MS0040L,,,NULL,NULL,NULL,NULL,NULL,,,MCL,MCL,,NULL,NULL,NULL,NULL,NULL,NULL,NULL,NULL,NULL,NULL,NULL
1014,GJB122.1.3M5X18,Screw,NULL,NULL,Kit B,NULL,,,,ARF,17MS0145L,,,NULL,NULL,NULL,NULL,NULL,,,MCL,MCL,,NULL,NULL,NULL,NULL,NULL,NULL,NULL,NULL,NULL,NULL,NULL
1015,GJB122.1.3M5X16,Scre,NULL,NULL,Kit B,NULL,,,,ARF,18MS0042L,,,NULL,NULL,NULL,NULL,NULL,,,MCL,MCL,,NULL,NULL,NULL,NULL,NULL,NULL,NULL,NULL,NULL,NULL,NULL
1016,GJB122.1.3M5X14,Screw,NULL,NULL,Kit B,NULL,,,,ARF,17MS0147L,,,NULL,NULL,NULL,NULL,NULL,,,MCL,MCL,,NULL,NULL,NULL,NULL,NULL,NULL,NULL,NULL,NULL,NULL,NULL
1017,GJB122.1.3M5X12,Screw,NULL,NULL,Kit B,NULL,,,,ARF,17MS0161L,,,NULL,NULL,NULL,NULL,NULL,,,MCL,MCL,,NULL,NULL,NULL,NULL,NULL,NULL,NULL,NULL,NULL,NULL,NULL
1018,GJB122.1.3M5x11,Screw,NULL,NULL,Kit B,NULL,,,,ARF,17MS0148L,,,NULL,NULL,NULL,NULL,NULL,,,MCL,MCL,,NULL,NULL,NULL,NULL,NULL,NULL,NULL,NULL,NULL,NULL,NULL
1019,GJB122.1.3M5X10/HBO-9-C,Hexahead Bolt,NULL,NULL,Kit B,NULL,,,,ARF,19MS0199L,,,NULL,NULL,NULL,NULL,NULL,,,MCL,MCL,,NULL,NULL,NULL,NULL,NULL,NULL,NULL,NULL,NULL,NULL,NULL
1020,GJB122.1.3M4X9,Bolt,NULL,NULL,Kit B,NULL,,,,ARF,17MS0151L,,,NULL,NULL,NULL,NULL,NULL,,,MCL,MCL,,NULL,NULL,NULL,NULL,NULL,NULL,NULL,NULL,NULL,NULL,NULL
1021,GJB122.1.3M4X16,Screw,NULL,NULL,Kit B,NULL,,,,ARF,18MS0032L,,,NULL,NULL,NULL,NULL,NULL,,,MCL,MCL,,NULL,NULL,NULL,NULL,NULL,NULL,NULL,NULL,NULL,NULL,NULL
1022,GJB122.1.3M4X14,Screw,NULL,NULL,Kit B,NULL,,,,ARF,18MS0033L,,,NULL,NULL,NULL,NULL,NULL,,,MCL,MCL,,NULL,NULL,NULL,NULL,NULL,NULL,NULL,NULL,NULL,NULL,NULL
1023,GJB122.1.3M4X12,Screw,NULL,NULL,Kit B,NULL,,,,ARF,18MS0034L,,,NULL,NULL,NULL,NULL,NULL,,,MCL,MCL,,NULL,NULL,NULL,NULL,NULL,NULL,NULL,NULL,NULL,NULL,NULL
1024,GJB122.1.3.5X22,Bolt,NULL,NULL,Kit B,NULL,,,,ARF,20MS0196L,,,NULL,NULL,NULL,NULL,NULL,,,MCL,MCL,,NULL,NULL,NULL,NULL,NULL,NULL,NULL,NULL,NULL,NULL,NULL
1025,GJB122.1.1M8X28,Bolt,NULL,NULL,Kit B,NULL,,,,ARF,17MS0678L,,,NULL,NULL,NULL,NULL,NULL,,,MCL,MCL,,NULL,NULL,NULL,NULL,NULL,NULL,NULL,NULL,NULL,NULL,NULL
1026,GJB122.1.1M6X16,Screw,NULL,NULL,Kit B,NULL,,,,ARF,18MS0025L,,,NULL,NULL,NULL,NULL,NULL,,,MCL,MCL,,NULL,NULL,NULL,NULL,NULL,NULL,NULL,NULL,NULL,NULL,NULL
1027,GJB122.1.1M5X9,Screw,NULL,NULL,Kit B,NULL,,,,ARF,18MS0026L,,,NULL,NULL,NULL,NULL,NULL,,,MCL,MCL,,NULL,NULL,NULL,NULL,NULL,NULL,NULL,NULL,NULL,NULL,NULL
1028,GJB122.1.1M5X34,Screw,NULL,NULL,Kit B,NULL,,,,ARF,18MS0027L,,,NULL,NULL,NULL,NULL,NULL,,,MCL,MCL,,NULL,NULL,NULL,NULL,NULL,NULL,NULL,NULL,NULL,NULL,NULL
1029,GJB122.1.1M5X28,Screw,NULL,NULL,Kit B,NULL,,,,ARF,18MS0395L,,,NULL,NULL,NULL,NULL,NULL,,,MCL,MCL,,NULL,NULL,NULL,NULL,NULL,NULL,NULL,NULL,NULL,NULL,NULL
1030,GJB122.1.1M5X26,Screw,NULL,NULL,Kit B,NULL,,,,ARF,18MS0028L,,,NULL,NULL,NULL,NULL,NULL,,,MCL,MCL,,NULL,NULL,NULL,NULL,NULL,NULL,NULL,NULL,NULL,NULL,NULL
1031,GJB122.1.1M5X18,Screw,NULL,NULL,Kit B,NULL,,,,ARF,17MS0670L,,,NULL,NULL,NULL,NULL,NULL,,,MCL,MCL,,NULL,NULL,NULL,NULL,NULL,NULL,NULL,NULL,NULL,NULL,NULL
1032,GJB122.1.1M5X16,Screw,NULL,NULL,Kit B,NULL,,,,ARF,18MS0030L,,,NULL,NULL,NULL,NULL,NULL,,,MCL,MCL,,NULL,NULL,NULL,NULL,NULL,NULL,NULL,NULL,NULL,NULL,NULL
1033,GJB122.1.1M5x14,Screw,NULL,NULL,Kit B,NULL,,,,ARF,17MS0157L,,,NULL,NULL,NULL,NULL,NULL,,,MCL,MCL,,NULL,NULL,NULL,NULL,NULL,NULL,NULL,NULL,NULL,NULL,NULL
1034,GJB122.1.1M5X12,Hf Cable Clamp Screw,NULL,NULL,Kit B,NULL,,,,ARF,17MS0123L,,,NULL,NULL,NULL,NULL,NULL,,,MCL,MCL,,NULL,NULL,NULL,NULL,NULL,NULL,NULL,NULL,NULL,NULL,NULL
1035,GJB122.1.1M4X16,Screw,NULL,NULL,Kit B,NULL,,,,ARF,18MS0394L,,,NULL,NULL,NULL,NULL,NULL,,,MCL,MCL,,NULL,NULL,NULL,NULL,NULL,NULL,NULL,NULL,NULL,NULL,NULL
1036,GJB122.1.1M4x14,Screw,NULL,NULL,Kit B,NULL,,,,ARF,17MS0117L,,,NULL,NULL,NULL,NULL,NULL,,,MCL,MCL,,NULL,NULL,NULL,NULL,NULL,NULL,NULL,NULL,NULL,NULL,NULL
1037,GJB122.1.1M4X12,Screw,NULL,NULL,Kit B,NULL,,,,ARF,19MS0094L,,,NULL,NULL,NULL,NULL,NULL,,,MCL,MCL,,NULL,NULL,NULL,NULL,NULL,NULL,NULL,NULL,NULL,NULL,NULL
1038,GJB122.1.1M4X10,Screw,NULL,NULL,Kit B,NULL,,,,ARF,17MS0160L,,,NULL,NULL,NULL,NULL,NULL,,,MCL,MCL,,NULL,NULL,NULL,NULL,NULL,NULL,NULL,NULL,NULL,NULL,NULL
1039,GJB122.1.1M3X12,Bolt,NULL,NULL,Kit B,NULL,,,,ARF,17MS0118L,,,NULL,NULL,NULL,NULL,NULL,,,MCL,MCL,,NULL,NULL,NULL,NULL,NULL,NULL,NULL,NULL,NULL,NULL,NULL
1040,GJB122.1.1M3X10,Glare Sheet Screw,NULL,NULL,Kit B,NULL,,,,ARF,17MS0136L,,,NULL,NULL,NULL,NULL,NULL,,,MCL,MCL,,NULL,NULL,NULL,NULL,NULL,NULL,NULL,NULL,NULL,NULL,NULL
1041,GJB122.1.1.6X28/HBO-9-C,Bolt,NULL,NULL,Kit B,NULL,,,,ARF,21MS0669N,,,NULL,NULL,NULL,NULL,NULL,,,MCL,MCL,,NULL,NULL,NULL,NULL,NULL,NULL,NULL,NULL,NULL,NULL,NULL
1042,GJB121.9.1.6X40,Cheese Head Bolt,NULL,NULL,Kit B,NULL,,,,ARF,14MS0199L,,,NULL,NULL,NULL,NULL,NULL,,,MCL,MCL,,NULL,NULL,NULL,NULL,NULL,NULL,NULL,NULL,NULL,NULL,NULL
1043,GJB121.9.1.6X38,Cheese Head Bolt,NULL,NULL,Kit B,NULL,,,,ARF,14MS0198L,,,NULL,NULL,NULL,NULL,NULL,,,MCL,MCL,,NULL,NULL,NULL,NULL,NULL,NULL,NULL,NULL,NULL,NULL,NULL
1044,GJB121.6.1.8X68X3.5,Bolt,NULL,NULL,Kit B,NULL,,MS,,ARF,23MS0089L,,,NULL,NULL,NULL,NULL,NULL,,,MCL,MCL,,NULL,NULL,NULL,NULL,NULL,NULL,NULL,NULL,NULL,NULL,NULL
1045,GJB121.6.1.8X60X3.5,Bolt,NULL,NULL,Kit B,NULL,,,,ARF,21MS0665N,,,NULL,NULL,NULL,NULL,NULL,,,MCL,MCL,,NULL,NULL,NULL,NULL,NULL,NULL,NULL,NULL,NULL,NULL,NULL
1046,GJB121.6.1.8X58X3.5,Bolt,NULL,NULL,Kit B,NULL,,MS,,ARF,AREA UNKNOWN,,,NULL,NULL,NULL,NULL,NULL,,,MCL,MCL (AREA UNKNOWN),,NULL,NULL,NULL,NULL,NULL,NULL,NULL,NULL,NULL,NULL,NULL
1047,GJB121.6.1.8X40X3.5,Bolt,NULL,NULL,Kit B,NULL,,MS,,ARF,23MS0088L,,,NULL,NULL,NULL,NULL,NULL,,,MCL,MCL,,NULL,NULL,NULL,NULL,NULL,NULL,NULL,NULL,NULL,NULL,NULL
1048,GJB121.6.1.8X26X3.5,Bolt,NULL,NULL,Kit B,NULL,,MS,,ARF,21MS0774L,,,NULL,NULL,NULL,NULL,NULL,,,MCL,MCL,,NULL,NULL,NULL,NULL,NULL,NULL,NULL,NULL,NULL,NULL,NULL
1049,GJB121.6.1.6X46X3,Bolt,NULL,NULL,Kit B,NULL,,,,ARF,21MS0670N,,,NULL,NULL,NULL,NULL,NULL,,,MCL,MCL,,NULL,NULL,NULL,NULL,NULL,NULL,NULL,NULL,NULL,NULL,NULL
1050,GJB121.6.1.6X30,Bolt,NULL,NULL,Kit B,NULL,,MS,,ARF,23MS0040N,,,NULL,NULL,NULL,NULL,NULL,,,MCL,MCL,,NULL,NULL,NULL,NULL,NULL,NULL,NULL,NULL,NULL,NULL,NULL
1051,GJB121.6.1.6X28X3,Bolt,NULL,NULL,Kit B,NULL,,MS,,ARF,22MS0432L,,,NULL,NULL,NULL,NULL,NULL,,,MCL,MCL,,NULL,NULL,NULL,NULL,NULL,NULL,NULL,NULL,NULL,NULL,NULL
1052,GJB121.6.1.6X26X3,Bolt,NULL,NULL,Kit B,NULL,,MS,,ARF,22MS0307L,,,NULL,NULL,NULL,NULL,NULL,,,MCL,MCL,,NULL,NULL,NULL,NULL,NULL,NULL,NULL,NULL,NULL,NULL,NULL
1053,GJB121.6.1.6X24X3,Bolt,NULL,NULL,Kit B,NULL,,MS,,ARF,22MS0050L,,,NULL,NULL,NULL,NULL,NULL,,,MCL,MCL,,NULL,NULL,NULL,NULL,NULL,NULL,NULL,NULL,NULL,NULL,NULL
1054,GJB121.6.1.6X22X3,Bolt,NULL,NULL,Kit B,NULL,,MS,,ARF,22MS0359N,,,NULL,NULL,NULL,NULL,NULL,,,MCL,MCL,,NULL,NULL,NULL,NULL,NULL,NULL,NULL,NULL,NULL,NULL,NULL
1055,GJB121.6.1.6X20X3,Bolt,NULL,NULL,Kit B,NULL,,MS,,ARF,22MS0532L,,,NULL,NULL,NULL,NULL,NULL,,,MCL,MCL,,NULL,NULL,NULL,NULL,NULL,NULL,NULL,NULL,NULL,NULL,NULL
1056,GJB121.6.1.5X26X8,Bolt,NULL,NULL,Kit B,NULL,,MS,,ARF,AREA UNKNOWN,,,NULL,NULL,NULL,NULL,NULL,,,MCL,MCL (AREA UNKNOWN),,NULL,NULL,NULL,NULL,NULL,NULL,NULL,NULL,NULL,NULL,NULL
1057,GJB121.6.1.5X26X3,Bolt,NULL,NULL,Kit B,NULL,,MS,,ARF,23MS0055N,,,NULL,NULL,NULL,NULL,NULL,,,MCL,MCL,,NULL,NULL,NULL,NULL,NULL,NULL,NULL,NULL,NULL,NULL,NULL
1058,GJB121.6.1.5X20X3,Bolt (Rec'D From Log),NULL,NULL,Kit B,NULL,,,,ARF,21MS0666N,,,NULL,NULL,NULL,NULL,NULL,,,MCL,MCL,,NULL,NULL,NULL,NULL,NULL,NULL,NULL,NULL,NULL,NULL,NULL
1059,GJB121.6.1.17X46X4.5,Bolt,NULL,NULL,Kit B,NULL,,,,ARF,21MS0660L,,,NULL,NULL,NULL,NULL,NULL,,,MCL,MCL,,NULL,NULL,NULL,NULL,NULL,NULL,NULL,NULL,NULL,NULL,NULL
1060,GJB121.6.1.12X40X4,Bolt,NULL,NULL,Kit B,NULL,,,,ARF,21MS0649N,,,NULL,NULL,NULL,NULL,NULL,,,MCL,MCL,,NULL,NULL,NULL,NULL,NULL,NULL,NULL,NULL,NULL,NULL,NULL
1061,GJB121.6.1.10X34X6,Bolt,NULL,NULL,Kit B,NULL,,MS,,ARF,22MS0451L,,,NULL,NULL,NULL,NULL,NULL,,,MCL,MCL,,NULL,NULL,NULL,NULL,NULL,NULL,NULL,NULL,NULL,NULL,NULL
1062,GJB121.5.1.6X48,Bolt (Rec'D From Log),NULL,NULL,Kit B,NULL,,,,ARF,21MS0659L,,,NULL,NULL,NULL,NULL,NULL,,,MCL,MCL,,NULL,NULL,NULL,NULL,NULL,NULL,NULL,NULL,NULL,NULL,NULL
1063,GJB121.5.1.6X44,Bolt,NULL,NULL,Kit B,NULL,,MS,,ARF,22MS0487N,,,NULL,NULL,NULL,NULL,NULL,,,MCL,MCL,,NULL,NULL,NULL,NULL,NULL,NULL,NULL,NULL,NULL,NULL,NULL
1064,GJB121.5.1.6X42,Bolt,NULL,NULL,Kit B,NULL,,MS,,ARF,22MS0455N,,,NULL,NULL,NULL,NULL,NULL,,,MCL,MCL,,NULL,NULL,NULL,NULL,NULL,NULL,NULL,NULL,NULL,NULL,NULL
1065,GJB121.5.1.6X40,Bolt,NULL,NULL,Kit B,NULL,,,,ARF,21MS0580L,,,NULL,NULL,NULL,NULL,NULL,,,MCL,MCL,,NULL,NULL,NULL,NULL,NULL,NULL,NULL,NULL,NULL,NULL,NULL
1066,GJB121.5.1.6X20X3MJ,Bolt,NULL,NULL,Kit B,NULL,,MS,,ARF,0,WLOGTF211220180027 ,,NULL,NULL,NULL,NULL,NULL,Mfg issues,,Part under TF,Part Under Trial Manufacturing,gte fresh sample from Log as MRO is demandning MJ part & getting non-MJ part. MJ dcotomy in part being used and requried part,NULL,NULL,NULL,NULL,NULL,NULL,NULL,NULL,NULL,NULL,NULL
1067,GJB121.5.1.5X20,Bolt,NULL,NULL,Kit B,NULL,,,,ARF,22MS0069L,,,NULL,NULL,NULL,NULL,NULL,,,MCL,MCL,,NULL,NULL,NULL,NULL,NULL,NULL,NULL,NULL,NULL,NULL,NULL
1068,GJB121.5.1.5X18,Bolt,NULL,NULL,Kit B,NULL,,,,ARF,21MS0578L,,,NULL,NULL,NULL,NULL,NULL,,,MCL,MCL,,NULL,NULL,NULL,NULL,NULL,NULL,NULL,NULL,NULL,NULL,NULL
1069,GJB121.5.1.5X16,Bolt (Rec'D From Log),NULL,NULL,Kit B,NULL,,,,ARF,21MS0667N,,,NULL,NULL,NULL,NULL,NULL,,,MCL,MCL,,NULL,NULL,NULL,NULL,NULL,NULL,NULL,NULL,NULL,NULL,NULL
1070,GJB121.5.1.5X14,Bolt (Rec'D From Log),NULL,NULL,Kit B,NULL,,,,ARF,21MS0648N,,,NULL,NULL,NULL,NULL,NULL,,,MCL,MCL,,NULL,NULL,NULL,NULL,NULL,NULL,NULL,NULL,NULL,NULL,NULL
1071,GJB121.4.8X30X2.2,Bolt,NULL,NULL,Kit B,NULL,,,,ARF,18MS0645L,,,NULL,NULL,NULL,NULL,NULL,,,MCL,MCL,,NULL,NULL,NULL,NULL,NULL,NULL,NULL,NULL,NULL,NULL,NULL
1072,GJB121.4.8X20X2.2,Bolt,NULL,NULL,Kit B,NULL,,,,ARF,17MS0165L,,,NULL,NULL,NULL,NULL,NULL,,,MCL,MCL,,NULL,NULL,NULL,NULL,NULL,NULL,NULL,NULL,NULL,NULL,NULL
1073,GJB121.4.8X24X2.2,Bolt,NULL,NULL,Kit B,NULL,,,,ARF,17MS0164L,,,NULL,NULL,NULL,NULL,NULL,,,MCL,MCL,,NULL,NULL,NULL,NULL,NULL,NULL,NULL,NULL,NULL,NULL,NULL
1074,GJB121.4.5X20X1.5,Bolt,NULL,NULL,Kit B,NULL,,,,ARF,17MS0657L,,,NULL,NULL,NULL,NULL,NULL,,,MCL,MCL,,NULL,NULL,NULL,NULL,NULL,NULL,NULL,NULL,NULL,NULL,NULL
1075,GJB121.4.1M4X14,Screw,NULL,NULL,Kit B,NULL,,MS,,ARF,0,WLOGTF010620220023 ,,NULL,NULL,NULL,NULL,NULL,wrong sample issue & Area unknown parts. dispose off ,,Part under TF,Part Under Trial Manufacturing,"Part mfg as per samples taken from log which were screws. However, as per standard, hex bolts are requried. Case to be reviewed for trial manufacturing or not. ",NULL,NULL,NULL,NULL,NULL,NULL,NULL,NULL,NULL,NULL,NULL
1076,GJB121.4.1M4X12,Screw,NULL,NULL,Kit B,NULL,,MS,,ARF,0,WLOGTF190520220212 ,,NULL,NULL,NULL,NULL,NULL,wrong sample issue & Area unknown parts. dispose off ,,Part under TF,Part Under Trial Manufacturing,"Part mfg as per samples taken from log which were screws. However, as per standard, hex bolts are requried. Case to be reviewed for trial manufacturing or not. ",NULL,NULL,NULL,NULL,NULL,NULL,NULL,NULL,NULL,NULL,NULL
1077,GJB121.4.10X54X2.8,Bolt,NULL,NULL,Kit B,NULL,,,,ARF,17MS0128L,,,NULL,NULL,NULL,NULL,NULL,,,MCL,MCL,,NULL,NULL,NULL,NULL,NULL,NULL,NULL,NULL,NULL,NULL,NULL
1078,GJB121.3.8X46X4,Bolt,NULL,NULL,Kit B,NULL,,,,ARF,17MS0129L,,,NULL,NULL,NULL,NULL,NULL,,,MCL,MCL,,NULL,NULL,NULL,NULL,NULL,NULL,NULL,NULL,NULL,NULL,NULL
1079,GJB121.3.8X22,Bolt,NULL,NULL,Kit B,NULL,,,,ARF,20MS0193L,,,NULL,NULL,NULL,NULL,NULL,,,MCL,MCL,,NULL,NULL,NULL,NULL,NULL,NULL,NULL,NULL,NULL,NULL,NULL
1080,GJB121.3.8X30X4,Bolt,NULL,NULL,Kit B,NULL,,,,ARF,17MS0166L,,,NULL,NULL,NULL,NULL,NULL,,,MCL,MCL,,NULL,NULL,NULL,NULL,NULL,NULL,NULL,NULL,NULL,NULL,NULL
1081,GJB121.3.6X40,Bolt,NULL,NULL,Kit B,NULL,,,,ARF,18MS0308L,,,NULL,NULL,NULL,NULL,NULL,,,MCL,MCL,,NULL,NULL,NULL,NULL,NULL,NULL,NULL,NULL,NULL,NULL,NULL
1082,GJB121.3.6X38,Screw,NULL,NULL,Kit B,NULL,,,,ARF,18MS0565L,,,NULL,NULL,NULL,NULL,NULL,,,MCL,MCL,,NULL,NULL,NULL,NULL,NULL,NULL,NULL,NULL,NULL,NULL,NULL
1083,GJB121.3.6X32,Bolt,NULL,NULL,Kit B,NULL,,,,ARF,20MS0195L,,,NULL,NULL,NULL,NULL,NULL,,,MCL,MCL,,NULL,NULL,NULL,NULL,NULL,NULL,NULL,NULL,NULL,NULL,NULL
1084,GJB121.3.6X28/HBO-9-D,Bolt,NULL,NULL,Kit B,NULL,,MS,,ARF,21MS0762L,,,NULL,NULL,NULL,NULL,NULL,,,MCL,MCL,,NULL,NULL,NULL,NULL,NULL,NULL,NULL,NULL,NULL,NULL,NULL
1085,GJB121.3.6X28,Bolt,NULL,NULL,Kit B,NULL,,,,ARF,18MS0376L,,,NULL,NULL,NULL,NULL,NULL,,,MCL,MCL,,NULL,NULL,NULL,NULL,NULL,NULL,NULL,NULL,NULL,NULL,NULL
1086,GJB121.3.6X26,Bolt,NULL,NULL,Kit B,NULL,,,,ARF,18MS0564L,,,NULL,NULL,NULL,NULL,NULL,,,MCL,MCL,,NULL,NULL,NULL,NULL,NULL,NULL,NULL,NULL,NULL,NULL,NULL
1087,GJB121.3.6X26/HBO-9-D,Bolt,NULL,NULL,Kit B,NULL,,,,ARF,20MS0241L,,,NULL,NULL,NULL,NULL,NULL,,,MCL,MCL,,NULL,NULL,NULL,NULL,NULL,NULL,NULL,NULL,NULL,NULL,NULL
1088,GJB121.3.6X22/HBO-9-D,Bolt,NULL,NULL,Kit B,NULL,,,,ARF,20MS0194L,,,NULL,NULL,NULL,NULL,NULL,,,MCL,MCL,,NULL,NULL,NULL,NULL,NULL,NULL,NULL,NULL,NULL,NULL,NULL
1089,GJB121.3.6X20/HBO-9-D,Bolt,NULL,NULL,Kit B,NULL,,,,ARF,20MS0334L,,,NULL,NULL,NULL,NULL,NULL,,,MCL,MCL,,NULL,NULL,NULL,NULL,NULL,NULL,NULL,NULL,NULL,NULL,NULL
1090,GJB121.3.6X18,Bolt,NULL,NULL,Kit B,NULL,,MS,,ARF,89MS0102L,,,NULL,NULL,NULL,NULL,NULL,,,MCL,MCL,,NULL,NULL,NULL,NULL,NULL,NULL,NULL,NULL,NULL,NULL,NULL
1091,GJB121.3.5X30,Bolt,NULL,NULL,Kit B,NULL,,,,ARF,20MS0240L,,,NULL,NULL,NULL,NULL,NULL,,,MCL,MCL,,NULL,NULL,NULL,NULL,NULL,NULL,NULL,NULL,NULL,NULL,NULL
1092,GJB121.3.5X24,Bolt,NULL,NULL,Kit B,NULL,,,,ARF,17MS0654L,,,NULL,NULL,NULL,NULL,NULL,,,MCL,MCL,,NULL,NULL,NULL,NULL,NULL,NULL,NULL,NULL,NULL,NULL,NULL
1093,GJB121.3.4X28X2.5,Bolt,NULL,NULL,Kit B,NULL,,,,ARF,17MS0130L,,,NULL,NULL,NULL,NULL,NULL,,,MCL,MCL,,NULL,NULL,NULL,NULL,NULL,NULL,NULL,NULL,NULL,NULL,NULL
1094,GJB121.3.4X26X2.5,Hexagone Head Bolt,NULL,NULL,Kit B,NULL,,,,ARF,14MS0192L,,,NULL,NULL,NULL,NULL,NULL,,,MCL,MCL,,NULL,NULL,NULL,NULL,NULL,NULL,NULL,NULL,NULL,NULL,NULL
1095,GJB121.3.14X112,Bolt,NULL,NULL,Kit B,NULL,,MS,,ARF,AREA UNKNOWN,,,NULL,NULL,NULL,NULL,NULL,,,MCL,MCL (AREA UNKNOWN),,NULL,NULL,NULL,NULL,NULL,NULL,NULL,NULL,NULL,NULL,NULL
1096,GJB121.3.12X112,Bolt,NULL,NULL,Kit B,NULL,,,,ARF,20MS0205L,,,NULL,NULL,NULL,NULL,NULL,,,MCL,MCL,,NULL,NULL,NULL,NULL,NULL,NULL,NULL,NULL,NULL,NULL,NULL
1097,GJB121.3.10X64X4,Hex Bolt,NULL,NULL,Kit B,NULL,,,,ARF,18MS0478L,,,NULL,NULL,NULL,NULL,NULL,,,MCL,MCL,,NULL,NULL,NULL,NULL,NULL,NULL,NULL,NULL,NULL,NULL,NULL
1098,GJB121.3.10X62X4,Bolt,NULL,NULL,Kit B,NULL,,,,ARF,18MS0371L,,,NULL,NULL,NULL,NULL,NULL,,,MCL,MCL,,NULL,NULL,NULL,NULL,NULL,NULL,NULL,NULL,NULL,NULL,NULL
1099,GJB121.3.10X40X4,Bolt,NULL,NULL,Kit B,NULL,,,,ARF,20MS0203L,,,NULL,NULL,NULL,NULL,NULL,,,MCL,MCL,,NULL,NULL,NULL,NULL,NULL,NULL,NULL,NULL,NULL,NULL,NULL
1100,GJB121.3.10X38X4,Securing Bolt,NULL,NULL,Kit B,NULL,,,,ARF,20MS0327L,,,NULL,NULL,NULL,NULL,NULL,,,MCL,MCL,,NULL,NULL,NULL,NULL,NULL,NULL,NULL,NULL,NULL,NULL,NULL
1101,GJB121.22.3.4X12,Bolt,NULL,NULL,Kit B,NULL,,,,ARF,19MS0120L,,,NULL,NULL,NULL,NULL,NULL,,,MCL,MCL,,NULL,NULL,NULL,NULL,NULL,NULL,NULL,NULL,NULL,NULL,NULL
1102,GJB121.22.1.5X26,Bolt,NULL,NULL,Kit B,NULL,,MS,,ARF,22MS0485N,,,NULL,NULL,NULL,NULL,NULL,,,MCL,MCL,,NULL,NULL,NULL,NULL,NULL,NULL,NULL,NULL,NULL,NULL,NULL
1103,GJB121.22.1.4X12,Bolt,NULL,NULL,Kit B,NULL,,,,ARF,19MS0095L,,,NULL,NULL,NULL,NULL,NULL,,,MCL,MCL,,NULL,NULL,NULL,NULL,NULL,NULL,NULL,NULL,NULL,NULL,NULL
1104,GJB121.2.3.6X36,Bolt,NULL,NULL,Kit B,NULL,,,,ARF,18MS0306L,,,NULL,NULL,NULL,NULL,NULL,,,MCL,MCL,,NULL,NULL,NULL,NULL,NULL,NULL,NULL,NULL,NULL,NULL,NULL
1105,GJB121.2.3.5X18,Bolt,NULL,NULL,Kit B,NULL,,,,ARF,17MS0125L,,,NULL,NULL,NULL,NULL,NULL,,,MCL,MCL,,NULL,NULL,NULL,NULL,NULL,NULL,NULL,NULL,NULL,NULL,NULL
1106,GJB121.1M6X16,Screw,NULL,NULL,Kit B,NULL,,,,ARF,21MS0313L,,,NULL,NULL,NULL,NULL,NULL,,,MCL,MCL,,NULL,NULL,NULL,NULL,NULL,NULL,NULL,NULL,NULL,NULL,NULL
1107,GJB121.16.5X40,Bolt,NULL,NULL,Kit B,NULL,,,,ARF,21MS0581L,,,NULL,NULL,NULL,NULL,NULL,,,MCL,MCL,,NULL,NULL,NULL,NULL,NULL,NULL,NULL,NULL,NULL,NULL,NULL
1108,GJB121.16.5X16,Screw (Rec'D From Log),NULL,NULL,Kit B,NULL,,MS,,ARF,AREA UNKNOWN,,,NULL,NULL,NULL,NULL,NULL,,,MCL,MCL (AREA UNKNOWN),,NULL,NULL,NULL,NULL,NULL,NULL,NULL,NULL,NULL,NULL,NULL
1109,GJB121.16.5X10,Screw,NULL,NULL,Kit B,NULL,,,,ARF,15MS0212L,,,NULL,NULL,NULL,NULL,NULL,,,MCL,MCL,,NULL,NULL,NULL,NULL,NULL,NULL,NULL,NULL,NULL,NULL,NULL
1110,GJB121.14.6X22,Bolt,NULL,NULL,Kit B,NULL,,,,ARF,21MS0270L,,,NULL,NULL,NULL,NULL,NULL,,,MCL,MCL,,NULL,NULL,NULL,NULL,NULL,NULL,NULL,NULL,NULL,NULL,NULL
1111,GJB121.14.6X16,Bolt,NULL,NULL,Kit B,NULL,,MS,,ARF,AREA UNKNOWN,,,NULL,NULL,NULL,NULL,NULL,,,MCL,MCL (AREA UNKNOWN),,NULL,NULL,NULL,NULL,NULL,NULL,NULL,NULL,NULL,NULL,NULL
1112,GJB121.12.4.4X18,Bolt,NULL,NULL,Kit B,NULL,,,,ARF,21MS0475L,,,NULL,NULL,NULL,NULL,NULL,,,MCL,MCL,,NULL,NULL,NULL,NULL,NULL,NULL,NULL,NULL,NULL,NULL,NULL
1113,GJB121.12.2.6X36X3,Bolt,NULL,NULL,Kit B,NULL,,,,ARF,0,,,NULL,NULL,NULL,NULL,NULL,,,MCL,MCL (OLD),,NULL,NULL,NULL,NULL,NULL,NULL,NULL,NULL,NULL,NULL,NULL
1114,GJB121.12.2.6X22,Bolt,NULL,NULL,Kit B,NULL,,,,ARF,21MS0473L,,,NULL,NULL,NULL,NULL,NULL,,,MCL,MCL,,NULL,NULL,NULL,NULL,NULL,NULL,NULL,NULL,NULL,NULL,NULL
1115,GJB121.12.2.4X16,Bolt,NULL,NULL,Kit B,NULL,,,,ARF,21MS0476L,,,NULL,NULL,NULL,NULL,NULL,,,MCL,MCL,,NULL,NULL,NULL,NULL,NULL,NULL,NULL,NULL,NULL,NULL,NULL
1116,GJB121.12.2.4X14,Bolt,NULL,NULL,Kit B,NULL,,,,ARF,18MS0380L,,,NULL,NULL,NULL,NULL,NULL,,,MCL,MCL,,NULL,NULL,NULL,NULL,NULL,NULL,NULL,NULL,NULL,NULL,NULL
1117,GJB121.12.2.4X12,Bolt,NULL,NULL,Kit B,NULL,,,,ARF,21MS0472L,,,NULL,NULL,NULL,NULL,NULL,,,MCL,MCL,,NULL,NULL,NULL,NULL,NULL,NULL,NULL,NULL,NULL,NULL,NULL
1118,gjb121.1.3m5x36,Bolt,NULL,NULL,Kit B,NULL,,,,ARF,18MS0372L,,,NULL,NULL,NULL,NULL,NULL,,,MCL,MCL,,NULL,NULL,NULL,NULL,NULL,NULL,NULL,NULL,NULL,NULL,NULL
1119,GJB121.1.3M5X14,Bolt,NULL,NULL,Kit B,NULL,,,,ARF,18MS0648L,,,NULL,NULL,NULL,NULL,NULL,,,MCL,MCL,,NULL,NULL,NULL,NULL,NULL,NULL,NULL,NULL,NULL,NULL,NULL
1120,GJB121.1.3M4X12,Bolt,NULL,NULL,Kit B,NULL,,,,ARF,21MS0440L,,,NULL,NULL,NULL,NULL,NULL,,,MCL,MCL,,NULL,NULL,NULL,NULL,NULL,NULL,NULL,NULL,NULL,NULL,NULL
1121,GJB121.1.3.M6X16,Bolt,NULL,NULL,Kit B,NULL,,,,ARF,21MS0442L,,,NULL,NULL,NULL,NULL,NULL,,,MCL,MCL,,NULL,NULL,NULL,NULL,NULL,NULL,NULL,NULL,NULL,NULL,NULL
1122,GJB121.1.3.8X60,Bolt,NULL,NULL,Kit B,NULL,,,,ARF,19MS0089L,,,NULL,NULL,NULL,NULL,NULL,,,MCL,MCL,,NULL,NULL,NULL,NULL,NULL,NULL,NULL,NULL,NULL,NULL,NULL
1123,GJB121.1.3.8X22,Bolt,NULL,NULL,Kit B,NULL,,,,ARF,18MS0640L,,,NULL,NULL,NULL,NULL,NULL,,,MCL,MCL,,NULL,NULL,NULL,NULL,NULL,NULL,NULL,NULL,NULL,NULL,NULL
1124,GJB121.1.3.6X58,Bolt,NULL,NULL,Kit B,NULL,,,,ARF,18MS0060L,,,NULL,NULL,NULL,NULL,NULL,,,MCL,MCL,,NULL,NULL,NULL,NULL,NULL,NULL,NULL,NULL,NULL,NULL,NULL
1125,GJB121.1.3.6X44,Bolt,NULL,NULL,Kit B,NULL,,,,ARF,21MS0439L,,,NULL,NULL,NULL,NULL,NULL,,,MCL,MCL,,NULL,NULL,NULL,NULL,NULL,NULL,NULL,NULL,NULL,NULL,NULL
1126,GJB121.1.3.6X36,Bolt,NULL,NULL,Kit B,NULL,,,,ARF,18MS0062L,,,NULL,NULL,NULL,NULL,NULL,,,MCL,MCL,,NULL,NULL,NULL,NULL,NULL,NULL,NULL,NULL,NULL,NULL,NULL
1127,GJB121.1.3.6X34,Bolt,NULL,NULL,Kit B,NULL,,,,ARF,18MS0063L,,,NULL,NULL,NULL,NULL,NULL,,,MCL,MCL,,NULL,NULL,NULL,NULL,NULL,NULL,NULL,NULL,NULL,NULL,NULL
1128,GJB121.1.3.6X30,Bolt,NULL,NULL,Kit B,NULL,,,,ARF,18MS0065L,,,NULL,NULL,NULL,NULL,NULL,,,MCL,MCL,,NULL,NULL,NULL,NULL,NULL,NULL,NULL,NULL,NULL,NULL,NULL
1129,GJB121.1.3.6X28X3,Bolt,NULL,NULL,Kit B,NULL,,,,ARF,17MS0105L,,,NULL,NULL,NULL,NULL,NULL,,,MCL,MCL,,NULL,NULL,NULL,NULL,NULL,NULL,NULL,NULL,NULL,NULL,NULL
1130,GJB121.1.3.6X28,Bolt,NULL,NULL,Kit B,NULL,,,,ARF,17MS0105L,,,NULL,NULL,NULL,NULL,NULL,,,MCL,MCL,,NULL,NULL,NULL,NULL,NULL,NULL,NULL,NULL,NULL,NULL,NULL
1131,GJB121.1.3.6X26,Bolt,NULL,NULL,Kit B,NULL,,,,ARF,17MS0186L,,,NULL,NULL,NULL,NULL,NULL,,,MCL,MCL,,NULL,NULL,NULL,NULL,NULL,NULL,NULL,NULL,NULL,NULL,NULL
1132,GJB121.1.3.6X24/HB0-9-B,Bolt,NULL,NULL,Kit B,NULL,,MS,,ARF,22MS0384L,,,NULL,NULL,NULL,NULL,NULL,,,MCL,MCL,,NULL,NULL,NULL,NULL,NULL,NULL,NULL,NULL,NULL,NULL,NULL
1133,GJB121.1.3.6X22,Bolt,NULL,NULL,Kit B,NULL,,,,ARF,18MS0289L,,,NULL,NULL,NULL,NULL,NULL,,,MCL,MCL,,NULL,NULL,NULL,NULL,NULL,NULL,NULL,NULL,NULL,NULL,NULL
1134,GJB121.1.3.6X20,Bolt,NULL,NULL,Kit B,NULL,,,,ARF,17MS0132L,,,NULL,NULL,NULL,NULL,NULL,,,MCL,MCL,,NULL,NULL,NULL,NULL,NULL,NULL,NULL,NULL,NULL,NULL,NULL
1135,GJB121.1.3.6X18,Bolt,NULL,NULL,Kit B,NULL,,,,ARF,19MS0118L,,,NULL,NULL,NULL,NULL,NULL,,,MCL,MCL,,NULL,NULL,NULL,NULL,NULL,NULL,NULL,NULL,NULL,NULL,NULL
1136,GJB121.1.3.6X16,Bolt,NULL,NULL,Kit B,NULL,,,,ARF,18MS0635L,,,NULL,NULL,NULL,NULL,NULL,,,MCL,MCL,,NULL,NULL,NULL,NULL,NULL,NULL,NULL,NULL,NULL,NULL,NULL
1137,GJB121.1.3.5X50/HBO-9-D,Bolt,NULL,NULL,Kit B,NULL,,,,ARF,21MS0444L,,,NULL,NULL,NULL,NULL,NULL,,,MCL,MCL,,NULL,NULL,NULL,NULL,NULL,NULL,NULL,NULL,NULL,NULL,NULL
1138,GJB121.1.3.5X50,Bolt,NULL,NULL,Kit B,NULL,,,,ARF,17MS0132L,,,NULL,NULL,NULL,NULL,NULL,,,MCL,MCL,,NULL,NULL,NULL,NULL,NULL,NULL,NULL,NULL,NULL,NULL,NULL
1139,GJB121.1.3.5X48,Bolt,NULL,NULL,Kit B,NULL,,,,ARF,18MS0058L,,,NULL,NULL,NULL,NULL,NULL,,,MCL,MCL,,NULL,NULL,NULL,NULL,NULL,NULL,NULL,NULL,NULL,NULL,NULL
1140,GJB121.1.3.5X38,Screw,NULL,NULL,Kit B,NULL,,,,ARF,18MS0056L,,,NULL,NULL,NULL,NULL,NULL,,,MCL,MCL,,NULL,NULL,NULL,NULL,NULL,NULL,NULL,NULL,NULL,NULL,NULL
1141,GJB121.1.3.5X36,Bolt,NULL,NULL,Kit B,NULL,,,,ARF,17MS0176L,,,NULL,NULL,NULL,NULL,NULL,,,MCL,MCL,,NULL,NULL,NULL,NULL,NULL,NULL,NULL,NULL,NULL,NULL,NULL
1142,GJB121.1.3.5X32/HB0-9-D,Bolt,NULL,NULL,Kit B,NULL,,,,ARF,20MS0206L,,,NULL,NULL,NULL,NULL,NULL,,,MCL,MCL,,NULL,NULL,NULL,NULL,NULL,NULL,NULL,NULL,NULL,NULL,NULL
1143,GJB121.1.3.5X32,Bolt,NULL,NULL,Kit B,NULL,,,,ARF,18MS0304L,,,NULL,NULL,NULL,NULL,NULL,,,MCL,MCL,,NULL,NULL,NULL,NULL,NULL,NULL,NULL,NULL,NULL,NULL,NULL
1144,GJB121.1.3.5X28,Bolt,NULL,NULL,Kit B,NULL,,,,ARF,18MS0288L,,,NULL,NULL,NULL,NULL,NULL,,,MCL,MCL,,NULL,NULL,NULL,NULL,NULL,NULL,NULL,NULL,NULL,NULL,NULL
1145,GJB121.1.3.5X26,Bolt,NULL,NULL,Kit B,NULL,,,,ARF,18MS0287L,,,NULL,NULL,NULL,NULL,NULL,,,MCL,MCL,,NULL,NULL,NULL,NULL,NULL,NULL,NULL,NULL,NULL,NULL,NULL
1146,GJB121.1.3.5X24,Bolt,NULL,NULL,Kit B,NULL,,,,ARF,18MS0286L,,,NULL,NULL,NULL,NULL,NULL,,,MCL,MCL,,NULL,NULL,NULL,NULL,NULL,NULL,NULL,NULL,NULL,NULL,NULL
1147,GJB121.1.3.5X22,Bolt,NULL,NULL,Kit B,NULL,,,,ARF,18MS0285L,,,NULL,NULL,NULL,NULL,NULL,,,MCL,MCL,,NULL,NULL,NULL,NULL,NULL,NULL,NULL,NULL,NULL,NULL,NULL
1148,GJB121.1.3.5X20/HB0-9-C,Bolt,NULL,NULL,Kit B,NULL,,,,ARF,18MS0057L,,,NULL,NULL,NULL,NULL,NULL,,,MCL,MCL,,NULL,NULL,NULL,NULL,NULL,NULL,NULL,NULL,NULL,NULL,NULL
1149,GJB121.1.3.5X18,Bolt,NULL,NULL,Kit B,NULL,,,,ARF,18MS0052L,,,NULL,NULL,NULL,NULL,NULL,,,MCL,MCL,,NULL,NULL,NULL,NULL,NULL,NULL,NULL,NULL,NULL,NULL,NULL
1150,GJB121.1.3.5X16,Bolt,NULL,NULL,Kit B,NULL,,,,ARF,18MS0059L,,,NULL,NULL,NULL,NULL,NULL,,,MCL,MCL,,NULL,NULL,NULL,NULL,NULL,NULL,NULL,NULL,NULL,NULL,NULL
1151,GJB121.1.3.5X14,Bolt,NULL,NULL,Kit B,NULL,,,,ARF,18MS0051L,,,NULL,NULL,NULL,NULL,NULL,,,MCL,MCL,,NULL,NULL,NULL,NULL,NULL,NULL,NULL,NULL,NULL,NULL,NULL
1152,GJB121.1.3.10X94,Hex Head Bolt,NULL,NULL,Kit B,NULL,,,,ARF,18MS0066L,,,NULL,NULL,NULL,NULL,NULL,,,MCL,MCL,,NULL,NULL,NULL,NULL,NULL,NULL,NULL,NULL,NULL,NULL,NULL
1153,GJB121.1.3.10X56,Bolt,NULL,NULL,Kit B,NULL,,,,ARF,17MS0126L,,,NULL,NULL,NULL,NULL,NULL,,,MCL,MCL,,NULL,NULL,NULL,NULL,NULL,NULL,NULL,NULL,NULL,NULL,NULL
1154,GJB121.1.3.10X26,Bolt,NULL,NULL,Kit B,NULL,,,,ARF,19MS0070L,,,NULL,NULL,NULL,NULL,NULL,,,MCL,MCL,,NULL,NULL,NULL,NULL,NULL,NULL,NULL,NULL,NULL,NULL,NULL
1155,GJB121.1.1M6X16,Bolt,NULL,NULL,Kit B,NULL,,,,ARF,20MS0186L,,,NULL,NULL,NULL,NULL,NULL,,,MCL,MCL,,NULL,NULL,NULL,NULL,NULL,NULL,NULL,NULL,NULL,NULL,NULL
1156,GJB121.1.1M5X34,Bolt,NULL,NULL,Kit B,NULL,,,,ARF,14MS0185L,,,NULL,NULL,NULL,NULL,NULL,,,MCL,MCL,,NULL,NULL,NULL,NULL,NULL,NULL,NULL,NULL,NULL,NULL,NULL
1157,GJB121.1.1M5X30/HB0-9-B,Bolt,NULL,NULL,Kit B,NULL,,,,ARF,17MS0651L,,,NULL,NULL,NULL,NULL,NULL,,,MCL,MCL,,NULL,NULL,NULL,NULL,NULL,NULL,NULL,NULL,NULL,NULL,NULL
1158,GJB121.1.1M5X16,Bolt,NULL,NULL,Kit B,NULL,,,,ARF,17MS0194L,,,NULL,NULL,NULL,NULL,NULL,,,MCL,MCL,,NULL,NULL,NULL,NULL,NULL,NULL,NULL,NULL,NULL,NULL,NULL
1159,GJB121.1.1.8X62/HBO-9-B,Bolt,NULL,NULL,Kit B,NULL,,,,ARF,18MS0284L,,,NULL,NULL,NULL,NULL,NULL,,,MCL,MCL,,NULL,NULL,NULL,NULL,NULL,NULL,NULL,NULL,NULL,NULL,NULL
1160,GJB121.1.1.8X56/HB0-9-D,Screw,NULL,NULL,Kit B,NULL,,,,ARF,19MS0098L,,,NULL,NULL,NULL,NULL,NULL,,,MCL,MCL,,NULL,NULL,NULL,NULL,NULL,NULL,NULL,NULL,NULL,NULL,NULL
1161,GJB121.1.1.8X50/HBO-9-D,Bolt,NULL,NULL,Kit B,NULL,,MS,,ARF,0,WLOGTF301220190155 ,,NULL,NULL,NULL,NULL,NULL,,,MCL,Area Unknown (New),MCL,NULL,NULL,NULL,NULL,NULL,NULL,NULL,NULL,NULL,NULL,NULL
1162,GJB121.1.1.6X36,Bolt,NULL,NULL,Kit B,NULL,,,,ARF,21MS0054L,,,NULL,NULL,NULL,NULL,NULL,,,MCL,MCL,,NULL,NULL,NULL,NULL,NULL,NULL,NULL,NULL,NULL,NULL,NULL
1163,GJB121.1.1.6X32/HB0-9-B,Bolt,NULL,NULL,Kit B,NULL,,,,ARF,21MS0443L,,,NULL,NULL,NULL,NULL,NULL,,,MCL,MCL,,NULL,NULL,NULL,NULL,NULL,NULL,NULL,NULL,NULL,NULL,NULL
1164,GJB121.1.1.6X28/HBO-9-B,Screw,NULL,NULL,Kit B,NULL,,,,ARF,19MS0202L,,,NULL,NULL,NULL,NULL,NULL,,,MCL,MCL,,NULL,NULL,NULL,NULL,NULL,NULL,NULL,NULL,NULL,NULL,NULL
1165,GJB121.1.1.6X28,Bolt,NULL,NULL,Kit B,NULL,,,,ARF,19MS0202L,,,NULL,NULL,NULL,NULL,NULL,,,MCL,MCL,,NULL,NULL,NULL,NULL,NULL,NULL,NULL,NULL,NULL,NULL,NULL
1166,GJB121.1.1.6X26,Hexagone Head Bolt,NULL,NULL,Kit B,NULL,,,,ARF,14MS0187L,,,NULL,NULL,NULL,NULL,NULL,,,MCL,MCL,,NULL,NULL,NULL,NULL,NULL,NULL,NULL,NULL,NULL,NULL,NULL
1167,GJB121.1.1.6X20,Hexagone Head Bolt ,NULL,NULL,Kit B,NULL,,,,ARF,14MS0186L,,,NULL,NULL,NULL,NULL,NULL,,,MCL,MCL,,NULL,NULL,NULL,NULL,NULL,NULL,NULL,NULL,NULL,NULL,NULL
1168,GJB121.1.1.5X50/HBO-9-D,Bolt,NULL,NULL,Kit B,NULL,,,,ARF,19MS0069L,,,NULL,NULL,NULL,NULL,NULL,,,MCL,MCL,,NULL,NULL,NULL,NULL,NULL,NULL,NULL,NULL,NULL,NULL,NULL
1169,GJB121.1.1.5X32,Hexagone Head Bolt ,NULL,NULL,Kit B,NULL,,,,ARF,14MS0184L,,,NULL,NULL,NULL,NULL,NULL,,,MCL,MCL,,NULL,NULL,NULL,NULL,NULL,NULL,NULL,NULL,NULL,NULL,NULL
1170,GJB121.1.1.5X28,Bolt,NULL,NULL,Kit B,NULL,,,,ARF,17MS0191L,,,NULL,NULL,NULL,NULL,NULL,,,MCL,MCL,,NULL,NULL,NULL,NULL,NULL,NULL,NULL,NULL,NULL,NULL,NULL
1171,GJB121.1.1.5X26X3,Bolt,NULL,NULL,Kit B,NULL,,,,ARF,17MS0192L,,,NULL,NULL,NULL,NULL,NULL,,,MCL,MCL,,NULL,NULL,NULL,NULL,NULL,NULL,NULL,NULL,NULL,NULL,NULL
1172,GJB121.1.1.5X26/HBO-9-B,Bolt,NULL,NULL,Kit B,NULL,,,,ARF,19MS0097L,,,NULL,NULL,NULL,NULL,NULL,,,MCL,MCL,,NULL,NULL,NULL,NULL,NULL,NULL,NULL,NULL,NULL,NULL,NULL
1173,GJB121.1.1.5X26,Bolt,NULL,NULL,Kit B,NULL,,,,ARF,17MS0124L,,,NULL,NULL,NULL,NULL,NULL,,,MCL,MCL,,NULL,NULL,NULL,NULL,NULL,NULL,NULL,NULL,NULL,NULL,NULL
1174,GJB121.1.1.5X24,Bolt,NULL,NULL,Kit B,NULL,,,,ARF,17MS0193L,,,NULL,NULL,NULL,NULL,NULL,,,MCL,MCL,,NULL,NULL,NULL,NULL,NULL,NULL,NULL,NULL,NULL,NULL,NULL
1175,GJB121.1.1.5X22,Hexagone Head Bolt ,NULL,NULL,Kit B,NULL,,,,ARF,14MS0183L,,,NULL,NULL,NULL,NULL,NULL,,,MCL,MCL,,NULL,NULL,NULL,NULL,NULL,NULL,NULL,NULL,NULL,NULL,NULL
1176,GJB121.1.1.5X16,Screw,NULL,NULL,Kit B,NULL,,,,ARF,17MS0194L,,,NULL,NULL,NULL,NULL,NULL,,,MCL,MCL,,NULL,NULL,NULL,NULL,NULL,NULL,NULL,NULL,NULL,NULL,NULL
1177,GJB121.1.1.5X14,Bolt,NULL,NULL,Kit B,NULL,,,,ARF,17MS0195L,,,NULL,NULL,NULL,NULL,NULL,,,MCL,MCL,,NULL,NULL,NULL,NULL,NULL,NULL,NULL,NULL,NULL,NULL,NULL
1178,GJB121.1.1.4X14,Bolt,NULL,NULL,Kit B,NULL,,,,ARF,17MS0190L,,,NULL,NULL,NULL,NULL,NULL,,,MCL,MCL,,NULL,NULL,NULL,NULL,NULL,NULL,NULL,NULL,NULL,NULL,NULL
1179,GJB113.1.3M6X36,Bolt,NULL,NULL,Kit B,NULL,,MS,,ARF,AREA UNKNOWN,,,NULL,NULL,NULL,NULL,NULL,,,MCL,MCL (AREA UNKNOWN),,NULL,NULL,NULL,NULL,NULL,NULL,NULL,NULL,NULL,NULL,NULL
1180,GB97.1,Radar Padastal Washer ,NULL,NULL,Kit B,NULL,,,,ARF,20SM0332N,,,NULL,NULL,NULL,NULL,NULL,,,MCL,MCL,,NULL,NULL,NULL,NULL,NULL,NULL,NULL,NULL,NULL,NULL,NULL
1181,GB933-M5,Nut (Rec'D From Log),NULL,NULL,Kit B,NULL,,MS,,ARF,AREA UNKNOWN,,,NULL,NULL,NULL,NULL,NULL,,,MCL,MCL (AREA UNKNOWN),,NULL,NULL,NULL,NULL,NULL,NULL,NULL,NULL,NULL,NULL,NULL
1182,GB931M6-25,Plate Nut,NULL,NULL,Kit B,NULL,,,,ARF,14MS0174L,,,NULL,NULL,NULL,NULL,NULL,,,MCL,MCL,,NULL,NULL,NULL,NULL,NULL,NULL,NULL,NULL,NULL,NULL,NULL
1183,GB931M5-25,Anchor Nut,NULL,NULL,Kit B,NULL,,,,ARF,21MS0409L,,,NULL,NULL,NULL,NULL,NULL,,,MCL,MCL,,NULL,NULL,NULL,NULL,NULL,NULL,NULL,NULL,NULL,NULL,NULL
1184,GB931M4-25,Anchor (Log),NULL,NULL,Kit B,NULL,,,,ARF,21MS0671N,,,NULL,NULL,NULL,NULL,NULL,,,MCL,MCL,,NULL,NULL,NULL,NULL,NULL,NULL,NULL,NULL,NULL,NULL,NULL
1185,GB930M6,Split Self Lock Nut,NULL,NULL,Kit B,NULL,,,,ARF,09MS0574N,,,NULL,NULL,NULL,NULL,NULL,,,MCL,MCL,,NULL,NULL,NULL,NULL,NULL,NULL,NULL,NULL,NULL,NULL,NULL
1186,GB930M5-25,Nut,NULL,NULL,Kit B,NULL,,,,ARF,21MS0407L,,,NULL,NULL,NULL,NULL,NULL,,,MCL,MCL,,NULL,NULL,NULL,NULL,NULL,NULL,NULL,NULL,NULL,NULL,NULL
1187,GB930M4-25,Nut,NULL,NULL,Kit B,NULL,,,,ARF,20MS0204L,,,NULL,NULL,NULL,NULL,NULL,,,MCL,MCL,,NULL,NULL,NULL,NULL,NULL,NULL,NULL,NULL,NULL,NULL,NULL
1188,GB929M6-25,Nut,NULL,NULL,Kit B,NULL,,,,ARF,02MS0299L,,,NULL,NULL,NULL,NULL,NULL,,,MCL,MCL,,NULL,NULL,NULL,NULL,NULL,NULL,NULL,NULL,NULL,NULL,NULL
1189,GB929M5,Nut,NULL,NULL,Kit B,NULL,,,,ARF,01MS0138L,,,NULL,NULL,NULL,NULL,NULL,,,MCL,MCL,,NULL,NULL,NULL,NULL,NULL,NULL,NULL,NULL,NULL,NULL,NULL
1190,GB929M4-25,Nut,NULL,NULL,Kit B,NULL,,,,ARF,01MS0773L,,,NULL,NULL,NULL,NULL,NULL,,,MCL,MCL,,NULL,NULL,NULL,NULL,NULL,NULL,NULL,NULL,NULL,NULL,NULL
1191,GB929M4,Anchor,NULL,NULL,Kit B,NULL,,,,ARF,01MS0773L,,,NULL,NULL,NULL,NULL,NULL,,,MCL,MCL,,NULL,NULL,NULL,NULL,NULL,NULL,NULL,NULL,NULL,NULL,NULL
1192,GB894.1-10,Retainer Ring,NULL,NULL,Kit B,NULL,,PMC, 65mn-1mm,ARF,0,WLOGTF241020220004 ,,NULL,NULL,NULL,NULL,NULL,Awt mat,,Part under TF,Part Under Trial Manufacturing,"65 Mn, EDD July 2024",NULL,NULL,NULL,NULL,NULL,NULL,NULL,NULL,NULL,NULL,NULL
1193,GB862.1-5-65MN,Washer,NULL,NULL,Kit B,NULL,,,,ARF,99SM2614N,,,NULL,NULL,NULL,NULL,NULL,,,MCL,MCL,,NULL,NULL,NULL,NULL,NULL,NULL,NULL,NULL,NULL,NULL,NULL
1194,GB854-4X15,Stop Washer (Rec'D From Log),NULL,NULL,Kit B,NULL,,PMC,,ARF,AREA UNKNOWN,,,NULL,NULL,NULL,NULL,NULL,,,MCL,MCL (AREA UNKNOWN),,NULL,NULL,NULL,NULL,NULL,NULL,NULL,NULL,NULL,NULL,NULL
1195,GB818M5X18,Screw,NULL,NULL,Kit B,NULL,,,,ARF,21MS0276L,,,NULL,NULL,NULL,NULL,NULL,,,MCL,MCL,,NULL,NULL,NULL,NULL,NULL,NULL,NULL,NULL,NULL,NULL,NULL
1196,GB818M5X14,Bolt,NULL,NULL,Kit B,NULL,,,,ARF,21MS0275L,,,NULL,NULL,NULL,NULL,NULL,,,MCL,MCL,,NULL,NULL,NULL,NULL,NULL,NULL,NULL,NULL,NULL,NULL,NULL
1197,GB818-4X12,Screw,NULL,NULL,Kit B,NULL,,,,ARF,21MS0601L,,,NULL,NULL,NULL,NULL,NULL,,,MCL,MCL,,NULL,NULL,NULL,NULL,NULL,NULL,NULL,NULL,NULL,NULL,NULL
1198,GB6276M5,Nut,NULL,NULL,Kit B,NULL,,,,ARF,21MS0664N,,,NULL,NULL,NULL,NULL,NULL,,,MCL,MCL,,NULL,NULL,NULL,NULL,NULL,NULL,NULL,NULL,NULL,NULL,NULL
1199,GB52M4,Nut,NULL,NULL,Kit B,NULL,,,,ARF,18MS0301L,,,NULL,NULL,NULL,NULL,NULL,,,MCL,MCL,,NULL,NULL,NULL,NULL,NULL,NULL,NULL,NULL,NULL,NULL,NULL
1200,GB1337M8,Self Locking Nut,NULL,NULL,Kit B,NULL,,,,ARF,17MS0108L,,,NULL,NULL,NULL,NULL,NULL,,,MCL,MCL,,NULL,NULL,NULL,NULL,NULL,NULL,NULL,NULL,NULL,NULL,NULL
1201,GB1337M6,Self Locking Nut,NULL,NULL,Kit B,NULL,,,,ARF,14MS0139L,,,NULL,NULL,NULL,NULL,NULL,,,MCL,MCL,,NULL,NULL,NULL,NULL,NULL,NULL,NULL,NULL,NULL,NULL,NULL
1202,GB1337M5,Self Locking Nut,NULL,NULL,Kit B,NULL,,,,ARF,14MS0138L,,,NULL,NULL,NULL,NULL,NULL,,,MCL,MCL,,NULL,NULL,NULL,NULL,NULL,NULL,NULL,NULL,NULL,NULL,NULL
1203,GB1337M4-30CrMnSiA,Nut,NULL,NULL,Kit B,NULL,,,,ARF,90MS0083L,,,NULL,NULL,NULL,NULL,NULL,,,MCL,MCL,,NULL,NULL,NULL,NULL,NULL,NULL,NULL,NULL,NULL,NULL,NULL
1204,GB1337M4,Self Locking Nut,NULL,NULL,Kit B,NULL,,,,ARF,14MS0137L,,,NULL,NULL,NULL,NULL,NULL,,,MCL,MCL,,NULL,NULL,NULL,NULL,NULL,NULL,NULL,NULL,NULL,NULL,NULL
1205,GB1337M3,Nut,NULL,NULL,Kit B,NULL,,,,ARF,12MS0016L,,,NULL,NULL,NULL,NULL,NULL,,,MCL,MCL,,NULL,NULL,NULL,NULL,NULL,NULL,NULL,NULL,NULL,NULL,NULL
1206,GB1021.20-12X20CdD,Stop Washer,NULL,NULL,Kit B,NULL,,PMC,,ARF,AREA UNKNOWN,,,NULL,NULL,NULL,NULL,NULL,,,MCL,MCL (AREA UNKNOWN),,NULL,NULL,NULL,NULL,NULL,NULL,NULL,NULL,NULL,NULL,NULL
1207,GB/T97-15,Washer (Log),NULL,NULL,Kit B,NULL,,,,ARF,21SM0657N,,,NULL,NULL,NULL,NULL,NULL,,,MCL,MCL,,NULL,NULL,NULL,NULL,NULL,NULL,NULL,NULL,NULL,NULL,NULL
1208,DD-FC1-96011-212,Brand,NULL,NULL,Kit B,NULL,,,,ARF,20PM0323N,,,NULL,NULL,NULL,NULL,NULL,,,MCL,MCL,,NULL,NULL,NULL,NULL,NULL,NULL,NULL,NULL,NULL,NULL,NULL
1209,DD-FC1-96011-17,Lock Nut,NULL,NULL,Kit B,NULL,,,,ARF,21MS0387L,,,NULL,NULL,NULL,NULL,NULL,,,MCL,MCL,,NULL,NULL,NULL,NULL,NULL,NULL,NULL,NULL,NULL,NULL,NULL
1210,DD-FC1-96011-15,Nut,NULL,NULL,Kit B,NULL,,,,ARF,22MS0184L,,,NULL,NULL,NULL,NULL,NULL,,,MCL,MCL,,NULL,NULL,NULL,NULL,NULL,NULL,NULL,NULL,NULL,NULL,NULL
1211,DD-FC1-96011-13,Joint,NULL,NULL,Kit B,NULL,,MS,,ARF,23MS0021L,,,NULL,NULL,NULL,NULL,NULL,,,MCL,MCL,,NULL,NULL,NULL,NULL,NULL,NULL,NULL,NULL,NULL,NULL,NULL
1212,DD-FC1-96011-12,Joint,NULL,NULL,Kit B,NULL,,MS,,ARF,22MS0469L,,,NULL,NULL,NULL,NULL,NULL,,,MCL,MCL,,NULL,NULL,NULL,NULL,NULL,NULL,NULL,NULL,NULL,NULL,NULL
1213,DD-FC1-91001-3A/2,Bush,NULL,NULL,Kit B,NULL,,MS,,ARF,AREA UNKNOWN,,,NULL,NULL,NULL,NULL,NULL,,,MCL,MCL (AREA UNKNOWN),,NULL,NULL,NULL,NULL,NULL,NULL,NULL,NULL,NULL,NULL,NULL
1214,DD-FC1-91001-3A/1,Bush,NULL,NULL,Kit B,NULL,,MS,,ARF,AREA UNKNOWN,,,NULL,NULL,NULL,NULL,NULL,,,MCL,MCL (AREA UNKNOWN),,NULL,NULL,NULL,NULL,NULL,NULL,NULL,NULL,NULL,NULL,NULL
1215,DD-FC1-77011-1220,Pipe Clamp,NULL,NULL,Kit B,NULL,,MS,,ARF,AREA UNKNOWN,,,NULL,NULL,NULL,NULL,NULL,,,MCL,MCL (AREA UNKNOWN),,NULL,NULL,NULL,NULL,NULL,NULL,NULL,NULL,NULL,NULL,NULL
1216,DD-FC1-77011-1202,Joint,NULL,NULL,Kit B,NULL,,TMS,,ARF,0,Forging Die,JF17-E01-03,NULL,NULL,NULL,NULL,NULL,Forging part,,Die under TF,Die Under Trial MFG,"Die mfg has been completed. Find the die, load Form-48 for forging & amching of part on proirity ",NULL,NULL,NULL,NULL,NULL,NULL,NULL,NULL,NULL,NULL,NULL
1217,DD-FC1-68125-2,Washer,NULL,NULL,Kit B,NULL,,SM,,ARF,23SM0142L,,,NULL,NULL,NULL,NULL,NULL,,,MCL,MCL,,NULL,NULL,NULL,NULL,NULL,NULL,NULL,NULL,NULL,NULL,NULL
1218,DD-FC1-68125-1,Bush,NULL,NULL,Kit B,NULL,,MS,3725-10MM,ARF,0,WLOGTF151020210005 ,,NULL,NULL,NULL,NULL,NULL,Awt mat,,Part under TF,Part under Trial Manufacturing,"laminated cloth rod (wodden type material). On demand EDD July, 24",NULL,NULL,NULL,NULL,NULL,NULL,NULL,NULL,NULL,NULL,NULL
1219,DD-FC1-68115-80,Bow Shape Part,NULL,NULL,Kit B,NULL,,SM,,ARF,22SM0083L,,,NULL,NULL,NULL,NULL,NULL,,,MCL,MCL,,NULL,NULL,NULL,NULL,NULL,NULL,NULL,NULL,NULL,NULL,NULL
1220,DD-FC1-68115-5,Washer,NULL,NULL,Kit B,NULL,,SM,,ARF,23SM0142L,,,NULL,NULL,NULL,NULL,NULL,,,MCL,MCL,,NULL,NULL,NULL,NULL,NULL,NULL,NULL,NULL,NULL,NULL,NULL
1221,DD-FC1-68115-4,Bush,NULL,NULL,Kit B,NULL,,MS,3725-10MM,ARF,0,WLOGTF151020210004 ,,NULL,NULL,NULL,NULL,NULL,Awt mat,,Part under TF,Part under Trial Manufacturing,"laminated cloth rod (wooden mat). Mat EDD is July, 2024 from China machinery CO",NULL,NULL,NULL,NULL,NULL,NULL,NULL,NULL,NULL,NULL,NULL
1222,DD-FC1-68115-1100,Clamp ,NULL,NULL,Kit B,NULL,,,,ARF,0,,,NULL,NULL,NULL,NULL,NULL,,,MCL,RCL,,NULL,NULL,NULL,NULL,NULL,NULL,NULL,NULL,NULL,NULL,NULL
1223,DD-FC1-68074-1220,Landing Light Clamp,NULL,NULL,Kit B,NULL,,sm,,ARF,0,WLOGTF030820220007 ,,NULL,NULL,NULL,NULL,NULL,"Under rework to Under trial ( 30 July, 24)",,Part under TF,Part Under Trial Manufacturing,Part trial ok by user. Padding instalaltion from AMF in progress,NULL,NULL,NULL,NULL,NULL,NULL,NULL,NULL,NULL,NULL,NULL
1224,DD-FC1-68074-1210,Clamp ,NULL,NULL,Kit B,NULL,,SM,,ARF,0,WLOGTF280220220018 ,,NULL,NULL,NULL,NULL,NULL,"Under rework to Under trial ( 30 July, 24)",,Part under TF,Part Under Trial Manufacturing,Part trial ok by user. Padding instalaltion from AMF in progress,NULL,NULL,NULL,NULL,NULL,NULL,NULL,NULL,NULL,NULL,NULL
1225,DD-FC1-68074-1020,Suspension Screw,NULL,NULL,Kit B,NULL,,MS,,ARF,23MS0084L,,,NULL,NULL,NULL,NULL,NULL,,,MCL,MCL,,NULL,NULL,NULL,NULL,NULL,NULL,NULL,NULL,NULL,NULL,NULL
1226,DD-FC1-68074-1010,Clamp ,NULL,NULL,Kit B,NULL,,SM,,ARF,22SM0235L,,,NULL,NULL,NULL,NULL,NULL,,,MCL,MCL,,NULL,NULL,NULL,NULL,NULL,NULL,NULL,NULL,NULL,NULL,NULL
1227,DD-FC1-67011-504,Bushing,NULL,NULL,Kit B,NULL,,,,ARF,21PM0663L,,,NULL,NULL,NULL,NULL,NULL,,,MCL,MCL,,NULL,NULL,NULL,NULL,NULL,NULL,NULL,NULL,NULL,NULL,NULL
1228,DD-FC1-65000-605,Plastic Spacer,NULL,NULL,Kit B,NULL,,,,ARF,21SM0026N,,,NULL,NULL,NULL,NULL,NULL,,,MCL,MCL,,NULL,NULL,NULL,NULL,NULL,NULL,NULL,NULL,NULL,NULL,NULL
1229,DD-FC1-65000-12002/4,Adjustable Gasket,NULL,NULL,Kit B,NULL,,,,ARF,21PM0846L,,,NULL,NULL,NULL,NULL,NULL,,,MCL,MCL,,NULL,NULL,NULL,NULL,NULL,NULL,NULL,NULL,NULL,NULL,NULL
1230,DD-FC1-65000-12002/2,Adjustable Gasket,NULL,NULL,Kit B,NULL,,,,ARF,21PM0621L,,,NULL,NULL,NULL,NULL,NULL,,,MCL,MCL,,NULL,NULL,NULL,NULL,NULL,NULL,NULL,NULL,NULL,NULL,NULL
1231,DD-FC1-65000-12002/1,Adjustable Gasket,NULL,NULL,Kit B,NULL,,,,ARF,21PM0844L,,,NULL,NULL,NULL,NULL,NULL,,,MCL,MCL,,NULL,NULL,NULL,NULL,NULL,NULL,NULL,NULL,NULL,NULL,NULL
1232,DD-FC1-64011-5,Nut,NULL,NULL,Kit B,NULL,,MS,,ARF,22MS0136L,,,NULL,NULL,NULL,NULL,NULL,,,MCL,MCL,,NULL,NULL,NULL,NULL,NULL,NULL,NULL,NULL,NULL,NULL,NULL
1233,DD-FC1-62021-4,Three Way Joint,NULL,NULL,Kit B,NULL,,PMC, HPB59-1-45MM,ARF,0,WLOGTF180120210007 ,,NULL,NULL,NULL,NULL,NULL,Awt mat,,Part under TF,Part Under Trial Manufacturing,"Mat EDD July, 24",NULL,NULL,NULL,NULL,NULL,NULL,NULL,NULL,NULL,NULL,NULL
1234,DD-FC1-62021-22,Flat Nut,NULL,NULL,Kit B,NULL,,,,ARF,21MS0041N,,,NULL,NULL,NULL,NULL,NULL,,,MCL,MCL,,NULL,NULL,NULL,NULL,NULL,NULL,NULL,NULL,NULL,NULL,NULL
1235,DD-FC1-62021-2/2,Washer,NULL,NULL,Kit B,NULL,,,,ARF,01SM0463L,,,NULL,NULL,NULL,NULL,NULL,,,MCL,MCL,,NULL,NULL,NULL,NULL,NULL,NULL,NULL,NULL,NULL,NULL,NULL
1236,DD-FC1-62021-2/1,Washer,NULL,NULL,Kit B,NULL,,,,ARF,01SM0462L,,,NULL,NULL,NULL,NULL,NULL,,,MCL,MCL,,NULL,NULL,NULL,NULL,NULL,NULL,NULL,NULL,NULL,NULL,NULL
1237,DD-FC1-62020-50/7,Pipe,NULL,NULL,Kit B,NULL,,,,ARF,18DP0718L,,,NULL,NULL,NULL,NULL,NULL,,,MCL,MCL,,NULL,NULL,NULL,NULL,NULL,NULL,NULL,NULL,NULL,NULL,NULL
1238,DD-FC1-61101-80,Clamp ,NULL,NULL,Kit B,NULL,,,,ARF,21SM0545L,,,NULL,NULL,NULL,NULL,NULL,,,MCL,MCL,,NULL,NULL,NULL,NULL,NULL,NULL,NULL,NULL,NULL,NULL,NULL
1239,DD-FC1-61101-25,Nipple,NULL,NULL,Kit B,NULL,,MS,,ARF,22MS0138L,,,NULL,NULL,NULL,NULL,NULL,,,MCL,MCL,,NULL,NULL,NULL,NULL,NULL,NULL,NULL,NULL,NULL,NULL,NULL
1240,DD-FC1-61052-33,Clamp ,NULL,NULL,Kit B,NULL,,,,ARF,21SM0600L,,,NULL,NULL,NULL,NULL,NULL,,,MCL,MCL,,NULL,NULL,NULL,NULL,NULL,NULL,NULL,NULL,NULL,NULL,NULL
1241,DD-FC1-61052-32,Clamp ,NULL,NULL,Kit B,NULL,,,,ARF,21SM0702L,,,NULL,NULL,NULL,NULL,NULL,,,MCL,MCL,,NULL,NULL,NULL,NULL,NULL,NULL,NULL,NULL,NULL,NULL,NULL
1242,DD-FC1-61052-220,Clamp ,NULL,NULL,Kit B,NULL,,SM,,ARF,23SM0074L,,,NULL,NULL,NULL,NULL,NULL,,,MCL,MCL,,NULL,NULL,NULL,NULL,NULL,NULL,NULL,NULL,NULL,NULL,NULL
1243,DD-FC1-61052-210,Clamp ,NULL,NULL,Kit B,NULL,,SM,,ARF,23SM0075L,,,NULL,NULL,NULL,NULL,NULL,,,MCL,MCL,,NULL,NULL,NULL,NULL,NULL,NULL,NULL,NULL,NULL,NULL,NULL
1244,DD-FC1-61052-190,Clamp ,NULL,NULL,Kit B,NULL,,SM,,ARF,23SM0028L,,,NULL,NULL,NULL,NULL,NULL,,,MCL,MCL,,NULL,NULL,NULL,NULL,NULL,NULL,NULL,NULL,NULL,NULL,NULL
1245,DD-FC1-61052-180,Clamp ,NULL,NULL,Kit B,NULL,,SM,,ARF,23SM0231L,,,NULL,NULL,NULL,NULL,NULL,,,MCL,MCL,,NULL,NULL,NULL,NULL,NULL,NULL,NULL,NULL,NULL,NULL,NULL
1246,DD-FC1-61052-150,Clamp ,NULL,NULL,Kit B,NULL,,SM,,ARF,0,WLOGTF280220220020 ,,NULL,NULL,NULL,NULL,NULL,Under Rework,,Part under TF,Part under Trial Manufacturing,Fitting issue Bush Not Welding in Line. Rivet Not Insert on Part Return to SMS 13-06-2024. Part to be acquired from user by Fiaz and discuss with DCE for disposal,NULL,NULL,NULL,NULL,NULL,NULL,NULL,NULL,NULL,NULL,NULL
1247,DD-FC1-61052-140,Joint,NULL,NULL,Kit B,NULL,,PMC, LF2-72MM,ARF,0,WLOGTF031120220005 ,,NULL,NULL,NULL,NULL,NULL,Awt mat,,Part under TF,Part Under Trial Manufacturing,Complex assembly part having connector & pipe fitting which will be welded togather. Mat is on demand.,NULL,NULL,NULL,NULL,NULL,NULL,NULL,NULL,NULL,NULL,NULL
1248,DD-FC1-61052-120,Pipe Fitting,NULL,NULL,Kit B,NULL,,PMC, LF2-72MM,ARF,0,WLOGTF031120220004 ,,NULL,NULL,NULL,NULL,NULL,Awt mat,,Part under TF,Part Under Trial Manufacturing,Complex assembly part having connector & pipe fitting which will be welded togather. Mat is on demand.,NULL,NULL,NULL,NULL,NULL,NULL,NULL,NULL,NULL,NULL,NULL
1249,DD-FC1-61001-50,Pipe Clip,NULL,NULL,Kit B,NULL,,MS,,ARF,22MS0534L,,,NULL,NULL,NULL,NULL,NULL,,,MCL,MCL,,NULL,NULL,NULL,NULL,NULL,NULL,NULL,NULL,NULL,NULL,NULL
1250,DD-FC1-61001-35,Nut,NULL,NULL,Kit B,NULL,,MS,,ARF,22MS0137L,,,NULL,NULL,NULL,NULL,NULL,,,MCL,MCL,,NULL,NULL,NULL,NULL,NULL,NULL,NULL,NULL,NULL,NULL,NULL
1251,DD-FC1-55177-6010H,Clamp ,NULL,NULL,Kit B,NULL,,SM,,ARF,0,WLOGTF030320220014 ,,NULL,NULL,NULL,NULL,NULL,(GREY PAINT ISSUE),,Under Trial Test,Under Trial Test,,NULL,NULL,NULL,NULL,NULL,NULL,NULL,NULL,NULL,NULL,NULL
1252,DD-FC1-55177-410,Pipe Clamp,NULL,NULL,Kit B,NULL,,MS,,ARF,22MS0405L,,,NULL,NULL,NULL,NULL,NULL,,,MCL,MCL,,NULL,NULL,NULL,NULL,NULL,NULL,NULL,NULL,NULL,NULL,NULL
1253,DD-FC1-55177-390,Pipe Clamp,NULL,NULL,Kit B,NULL,,MS,,ARF,AREA UNKNOWN,,,NULL,NULL,NULL,NULL,NULL,,,MCL,MCL (AREA UNKNOWN),,NULL,NULL,NULL,NULL,NULL,NULL,NULL,NULL,NULL,NULL,NULL
1254,DD-FC1-55177-250,Pipe Clamp,NULL,NULL,Kit B,NULL,,MS,,ARF,22MS0404L,,,NULL,NULL,NULL,NULL,NULL,,,MCL,MCL,,NULL,NULL,NULL,NULL,NULL,NULL,NULL,NULL,NULL,NULL,NULL
1255,DD-FC1-55167-8010H,Clamp ,NULL,NULL,Kit B,NULL,,SM,,ARF,0,WLOGTF311020220006 ,,NULL,NULL,NULL,NULL,NULL,,,Under Trial Test,Under Trial Test,,NULL,NULL,NULL,NULL,NULL,NULL,NULL,NULL,NULL,NULL,NULL
1256,DD-FC1-55167-360,Cleat,NULL,NULL,Kit B,NULL,,,,ARF,18MS0513N,,,NULL,NULL,NULL,NULL,NULL,,,MCL,MCL,,NULL,NULL,NULL,NULL,NULL,NULL,NULL,NULL,NULL,NULL,NULL
1257,DD-FC1-55156-5300,Hoop,NULL,NULL,Kit B,NULL,,SM,,ARF,0,WLOGTF210320220015 ,,NULL,NULL,NULL,NULL,NULL,,,Under Trial Test,Under Trial Test,,NULL,NULL,NULL,NULL,NULL,NULL,NULL,NULL,NULL,NULL,NULL
1258,DD-FC1-55156-5200,Hoop,NULL,NULL,Kit B,NULL,,,,ARF,0,,,NULL,NULL,NULL,NULL,NULL,,,MCL,RCL,,NULL,NULL,NULL,NULL,NULL,NULL,NULL,NULL,NULL,NULL,NULL
1259,DD-FC1-55156-5004,Bush,NULL,NULL,Kit B,NULL,,,,ARF,19MS0076L,,,NULL,NULL,NULL,NULL,NULL,,,MCL,MCL,,NULL,NULL,NULL,NULL,NULL,NULL,NULL,NULL,NULL,NULL,NULL
1260,DD-FC1-55156-270,Pipe Clip,NULL,NULL,Kit B,NULL,,MS,,ARF,22MS0420L,,,NULL,NULL,NULL,NULL,NULL,,,MCL,MCL,,NULL,NULL,NULL,NULL,NULL,NULL,NULL,NULL,NULL,NULL,NULL
1261,DD-FC1-55135-70,Pipe Clamp,NULL,NULL,Kit B,NULL,,MS,,ARF,22MS0419L,,,NULL,NULL,NULL,NULL,NULL,,,MCL,MCL,,NULL,NULL,NULL,NULL,NULL,NULL,NULL,NULL,NULL,NULL,NULL
1262,DD-FC1-55135-40,Pipe Clamp,NULL,NULL,Kit B,NULL,,MS,,ARF,22MS0418L,,,NULL,NULL,NULL,NULL,NULL,,,MCL,MCL,,NULL,NULL,NULL,NULL,NULL,NULL,NULL,NULL,NULL,NULL,NULL
1263,DD-FC1-55135-20,Pipe Clip,NULL,NULL,Kit B,NULL,,MS,,ARF,22MS0417L,,,NULL,NULL,NULL,NULL,NULL,,,MCL,MCL,,NULL,NULL,NULL,NULL,NULL,NULL,NULL,NULL,NULL,NULL,NULL
1264,DD-FC1-55135-10,Pipe Clip,NULL,NULL,Kit B,NULL,,MS,,ARF,22MS0416L,,,NULL,NULL,NULL,NULL,NULL,,,MCL,MCL,,NULL,NULL,NULL,NULL,NULL,NULL,NULL,NULL,NULL,NULL,NULL
1265,DD-FC1-51922-2/8,Bolt,NULL,NULL,Kit B,NULL,,,,ARF,21MS0572L,,,NULL,NULL,NULL,NULL,NULL,,,MCL,MCL,,NULL,NULL,NULL,NULL,NULL,NULL,NULL,NULL,NULL,NULL,NULL
1266,DD-FC1-51922-2/7,Screw,NULL,NULL,Kit B,NULL,,,,ARF,21MS0773L,,,NULL,NULL,NULL,NULL,NULL,,,MCL,MCL,,NULL,NULL,NULL,NULL,NULL,NULL,NULL,NULL,NULL,NULL,NULL
1267,DD-FC1-51922-2/6,Bolt,NULL,NULL,Kit B,NULL,,,,ARF,21MS0772L,,,NULL,NULL,NULL,NULL,NULL,,,MCL,MCL,,NULL,NULL,NULL,NULL,NULL,NULL,NULL,NULL,NULL,NULL,NULL
1268,DD-FC1-51922-2/5,Bolt,NULL,NULL,Kit B,NULL,,,,ARF,21MS0571L,,,NULL,NULL,NULL,NULL,NULL,,,MCL,MCL,,NULL,NULL,NULL,NULL,NULL,NULL,NULL,NULL,NULL,NULL,NULL
1269,DD-FC1-51922-2/4,Bolt,NULL,NULL,Kit B,NULL,,,,ARF,21MS0771L,,,NULL,NULL,NULL,NULL,NULL,,,MCL,MCL,,NULL,NULL,NULL,NULL,NULL,NULL,NULL,NULL,NULL,NULL,NULL
1270,DD-FC1-51922-2/3,Bolt,NULL,NULL,Kit B,NULL,,,,ARF,21MS0770L,,,NULL,NULL,NULL,NULL,NULL,,,MCL,MCL,,NULL,NULL,NULL,NULL,NULL,NULL,NULL,NULL,NULL,NULL,NULL
1271,DD-FC1-51922-2/2,Bolt,NULL,NULL,Kit B,NULL,,MS,,ARF,21MS0769L,,,NULL,NULL,NULL,NULL,NULL,,,MCL,MCL,,NULL,NULL,NULL,NULL,NULL,NULL,NULL,NULL,NULL,NULL,NULL
1272,DD-FC1-51922-2/1,Bolt,NULL,NULL,Kit B,NULL,,MS,,ARF,21MS0768L,,,NULL,NULL,NULL,NULL,NULL,,,MCL,MCL,,NULL,NULL,NULL,NULL,NULL,NULL,NULL,NULL,NULL,NULL,NULL
1273,DD-FC1-51912-2/7,Bolt,NULL,NULL,Kit B,NULL,,MS,,ARF,23MS0030L,,,NULL,NULL,NULL,NULL,NULL,,,MCL,MCL,,NULL,NULL,NULL,NULL,NULL,NULL,NULL,NULL,NULL,NULL,NULL
1274,DD-FC1-51912-2/6,Bolt,NULL,NULL,Kit B,NULL,,MS,,ARF,22MS0334L,,,NULL,NULL,NULL,NULL,NULL,,,MCL,MCL,,NULL,NULL,NULL,NULL,NULL,NULL,NULL,NULL,NULL,NULL,NULL
1275,DD-FC1-51912-2/5,Bolt,NULL,NULL,Kit B,NULL,,MS,,ARF,22MS0333L,,,NULL,NULL,NULL,NULL,NULL,,,MCL,MCL,,NULL,NULL,NULL,NULL,NULL,NULL,NULL,NULL,NULL,NULL,NULL
1276,DD-FC1-51912-2/4,Bolt,NULL,NULL,Kit B,NULL,,MS,,ARF,22MS0200L,,,NULL,NULL,NULL,NULL,NULL,,,MCL,MCL,,NULL,NULL,NULL,NULL,NULL,NULL,NULL,NULL,NULL,NULL,NULL
1277,DD-FC1-51912-2/3,Bolt,NULL,NULL,Kit B,NULL,,MS,,ARF,23MS0368L,WLOGTF210120210026 ,,NULL,NULL,NULL,NULL,NULL,,,MCL,MCL,"MCL in Nov, 23",NULL,NULL,NULL,NULL,NULL,NULL,NULL,NULL,NULL,NULL,NULL
1278,DD-FC1-51912-2/2,Bolt,NULL,NULL,Kit B,NULL,,MS,,ARF,22MS0332L,,,NULL,NULL,NULL,NULL,NULL,,,MCL,MCL,,NULL,NULL,NULL,NULL,NULL,NULL,NULL,NULL,NULL,NULL,NULL
1279,DD-FC1-51912-2/1,Bolt,NULL,NULL,Kit B,NULL,,MS,,ARF,22MS0331L,,,NULL,NULL,NULL,NULL,NULL,,,MCL,MCL,,NULL,NULL,NULL,NULL,NULL,NULL,NULL,NULL,NULL,NULL,NULL
1280,DD-FC1-51802-4004,Bolt,NULL,NULL,Kit B,NULL,,MS,,ARF,22MS0140L,,,NULL,NULL,NULL,NULL,NULL,,,MCL,MCL,,NULL,NULL,NULL,NULL,NULL,NULL,NULL,NULL,NULL,NULL,NULL
1281,DD-FC1-51802-4003,Bolt,NULL,NULL,Kit B,NULL,,MS,,ARF,22MS0139L,,,NULL,NULL,NULL,NULL,NULL,,,MCL,MCL,,NULL,NULL,NULL,NULL,NULL,NULL,NULL,NULL,NULL,NULL,NULL
1282,DD-FC1-51802-4002,Bolt,NULL,NULL,Kit B,NULL,,MS,,ARF,22MS0141L,,,NULL,NULL,NULL,NULL,NULL,,,MCL,MCL,,NULL,NULL,NULL,NULL,NULL,NULL,NULL,NULL,NULL,NULL,NULL
1283,DD-FC1-51802-4001,Bolt,NULL,NULL,Kit B,NULL,,MS,,ARF,22MS0133L,,,NULL,NULL,NULL,NULL,NULL,,,MCL,MCL,,NULL,NULL,NULL,NULL,NULL,NULL,NULL,NULL,NULL,NULL,NULL
1284,DD-FC1-51802-3001,Bolt,NULL,NULL,Kit B,NULL,,MS,,ARF,22MS0132L,,,NULL,NULL,NULL,NULL,NULL,,,MCL,MCL,,NULL,NULL,NULL,NULL,NULL,NULL,NULL,NULL,NULL,NULL,NULL
1285,DD-FC1-51702-3002,Bolt,NULL,NULL,Kit B,NULL,,MS,,ARF,22MS0135L,,,NULL,NULL,NULL,NULL,NULL,,,MCL,MCL,,NULL,NULL,NULL,NULL,NULL,NULL,NULL,NULL,NULL,NULL,NULL
1286,DD-FC1-51702-1001,Bolt,NULL,NULL,Kit B,NULL,,MS,,ARF,AREA UNKNOWN,,,NULL,NULL,NULL,NULL,NULL,,,MCL,MCL (AREA UNKNOWN),,NULL,NULL,NULL,NULL,NULL,NULL,NULL,NULL,NULL,NULL,NULL
1287,DD-FC1-51401-2121,Pully,NULL,NULL,Kit B,NULL,,,,ARF,16MS0135N,,,NULL,NULL,NULL,NULL,NULL,,,MCL,MCL,,NULL,NULL,NULL,NULL,NULL,NULL,NULL,NULL,NULL,NULL,NULL
1288,DD-FC1-51301-2001,Bolt,NULL,NULL,Kit B,NULL,,MS,,ARF,"RCL,TF",,,NULL,NULL,NULL,NULL,NULL,,,MCL,mCL,,NULL,NULL,NULL,NULL,NULL,NULL,NULL,NULL,NULL,NULL,NULL
1289,DD-FC1-51301-1402,Screw Sleeve ,NULL,NULL,Kit B,NULL,,MS,,ARF,22MS0127L,,,NULL,NULL,NULL,NULL,NULL,,,MCL,MCL,,NULL,NULL,NULL,NULL,NULL,NULL,NULL,NULL,NULL,NULL,NULL
1290,DD-FC1-51301-1401,Nut,NULL,NULL,Kit B,NULL,,MS,,ARF,22MS0128L,,,NULL,NULL,NULL,NULL,NULL,,,MCL,MCL,,NULL,NULL,NULL,NULL,NULL,NULL,NULL,NULL,NULL,NULL,NULL
1291,DD-FC1-51301-1003,Bolt,NULL,NULL,Kit B,NULL,,,,ARF,21MS0427L,,,NULL,NULL,NULL,NULL,NULL,,,MCL,MCL,,NULL,NULL,NULL,NULL,NULL,NULL,NULL,NULL,NULL,NULL,NULL
1292,DD-FC1-51101-2300,Bolt,NULL,NULL,Kit B,NULL,,MS,,ARF,23WZ0050L-AMF,WLOGTF131020210006 ,,NULL,NULL,NULL,NULL,NULL,Part under rework. Missing Form-017,,Part under TF,Part under Trial Manufacturing,Eye bolt. Remarks of FAI state that Dir quality rejected the parts. find out what is the rework issue ?,NULL,NULL,NULL,NULL,NULL,NULL,NULL,NULL,NULL,NULL,NULL
1293,DD-FC1-42034-9,Bolt,NULL,NULL,Kit B,NULL,,MS,,ARF,0,WLOGTF190620190019 ,,NULL,NULL,NULL,NULL,NULL,UNDER TRIAL TEST (16 JAN),,Under Trial Test,Under Trial Test,Part Under Trial Manufacturing to under trial test 07-03-24,NULL,NULL,NULL,NULL,NULL,NULL,NULL,NULL,NULL,NULL,NULL
1294,DD-FC1-42034-170,Bolt,NULL,NULL,Kit B,NULL,,MS,,ARF,0,WLOGTF190620190018 ,,NULL,NULL,NULL,NULL,NULL,UNDER TRIAL TEST (JAN),,Under Trial Test,Under Trial Test,,NULL,NULL,NULL,NULL,NULL,NULL,NULL,NULL,NULL,NULL,NULL
1295,DD-FC1-42034-160,Bolt,NULL,NULL,Kit B,NULL,,MS,,ARF,0,WLOGTF190620190020 ,,NULL,NULL,NULL,NULL,NULL,,,Under Trial Test,Under Trial Test,Part Under Trial Test to Part under trial mfg 27-03-24,NULL,NULL,NULL,NULL,NULL,NULL,NULL,NULL,NULL,NULL,NULL
1296,DD-FC1-42034-140,Shaft,NULL,NULL,Kit B,NULL,,MS,,ARF,0,WLOGTF190620190017 ,,NULL,NULL,NULL,NULL,NULL,,,Under Trial Test,Under Trial Test (07 March),Part Under Trial Manufacturing to under trial test 07-03-24,NULL,NULL,NULL,NULL,NULL,NULL,NULL,NULL,NULL,NULL,NULL
1297,DD-FC1-42034-14,Stop Block,NULL,NULL,Kit B,NULL,,TMS,,ARF,0,R&P,81-JF-17-300,NULL,NULL,NULL,NULL,NULL,,,Die under TF,Die Under Trial MFG,,NULL,NULL,NULL,NULL,NULL,NULL,NULL,NULL,NULL,NULL,NULL
1298,DD-FC1-42034-1,Axis,NULL,NULL,Kit B,NULL,,PMC,,ARF,0,WLOGTF180420220008 ,,NULL,NULL,NULL,NULL,NULL,Issue in Mfg,,Part under TF,Part Under Trial Manufacturing,Part HT procedure & OEM drawings dimensional dicotomies are hampering mfg. check current status ,NULL,NULL,NULL,NULL,NULL,NULL,NULL,NULL,NULL,NULL,NULL
1299,DD-FC1-42004-8,Nut,NULL,NULL,Kit B,NULL,,MS,,ARF,22MS0122L,,,NULL,NULL,NULL,NULL,NULL,,,MCL,MCL,,NULL,NULL,NULL,NULL,NULL,NULL,NULL,NULL,NULL,NULL,NULL
1300,DD-FC1-42004-7,Nut,NULL,NULL,Kit B,NULL,,MS,,ARF,22MS0123L,,,NULL,NULL,NULL,NULL,NULL,,,MCL,MCL,,NULL,NULL,NULL,NULL,NULL,NULL,NULL,NULL,NULL,NULL,NULL
1301,DD-FC1-42004-4,Bolt,NULL,NULL,Kit B,NULL,,MS,,ARF,22MS0121L,,,NULL,NULL,NULL,NULL,NULL,,,MCL,MCL,,NULL,NULL,NULL,NULL,NULL,NULL,NULL,NULL,NULL,NULL,NULL
1302,DD-FC1-42004-3,Washer,NULL,NULL,Kit B,NULL,,MS,,ARF,22MS0124L,,,NULL,NULL,NULL,NULL,NULL,,,MCL,MCL,,NULL,NULL,NULL,NULL,NULL,NULL,NULL,NULL,NULL,NULL,NULL
1303,DD-FC1-42004-20,Eye Bolt,NULL,NULL,Kit B,NULL,,MS,,ARF,0,WLOGTF110520220114 ,,NULL,NULL,NULL,NULL,NULL,Under Rework,,Part under TF,Part Under Trial Manufacturing,Rework remarks by FAI (R2 Grove is Missing in prototype). Check progres & prioiritize. Comlpex small Eye bolt with bearing / bushing inside. Check TF status & then finalize disposal,NULL,NULL,NULL,NULL,NULL,NULL,NULL,NULL,NULL,NULL,NULL
1304,DD-FC1-42004-2,Washer,NULL,NULL,Kit B,NULL,,MS,,ARF,22MS0125L,,,NULL,NULL,NULL,NULL,NULL,,,MCL,MCL,,NULL,NULL,NULL,NULL,NULL,NULL,NULL,NULL,NULL,NULL,NULL
1305,DD-FC1-42004-103,Bolt,NULL,NULL,Kit B,NULL,,,,ARF,21PM0683L,,,NULL,NULL,NULL,NULL,NULL,,,MCL,MCL,,NULL,NULL,NULL,NULL,NULL,NULL,NULL,NULL,NULL,NULL,NULL
1306,DD-FC1-42004-102,Uning Disc,NULL,NULL,Kit B,NULL,,PMC,,ARF,22PM0146L,,,NULL,NULL,NULL,NULL,NULL,,,MCL,MCL,,NULL,NULL,NULL,NULL,NULL,NULL,NULL,NULL,NULL,NULL,NULL
1307,DD-FC1-42004-1,Washer,NULL,NULL,Kit B,NULL,,,,ARF,19MS0116L,,,NULL,NULL,NULL,NULL,NULL,,,MCL,MCL,,NULL,NULL,NULL,NULL,NULL,NULL,NULL,NULL,NULL,NULL,NULL
1308,DD-FC1-41113-1,Bolt,NULL,NULL,Kit B,NULL,,MS,,ARF,0,WLOGTF190620190016 ,,NULL,NULL,NULL,NULL,NULL,,,Under Trial Test,Under Trial Test,PART under trial test TO PART UNDER TRIAL MFG 07-03-24,NULL,NULL,NULL,NULL,NULL,NULL,NULL,NULL,NULL,NULL,NULL
1309,DD-FC1-41035-113,Bolt,NULL,NULL,Kit B,NULL,,MS,,ARF,23MS0203L,,,NULL,NULL,NULL,NULL,NULL,,,MCL,MCL,,NULL,NULL,NULL,NULL,NULL,NULL,NULL,NULL,NULL,NULL,NULL
1310,DD-FC1-41005-6,Washer,NULL,NULL,Kit B,NULL,,,,ARF,17MS0578L,,,NULL,NULL,NULL,NULL,NULL,,,MCL,MCL,,NULL,NULL,NULL,NULL,NULL,NULL,NULL,NULL,NULL,NULL,NULL
1311,DD-FC1-41005-4,Washer,NULL,NULL,Kit B,NULL,,,,ARF,21MS0199L,,,NULL,NULL,NULL,NULL,NULL,,,MCL,MCL,,NULL,NULL,NULL,NULL,NULL,NULL,NULL,NULL,NULL,NULL,NULL
1312,DD-FC1-41005-3,Washer,NULL,NULL,Kit B,NULL,,MS,,ARF,22MS0143L,,,NULL,NULL,NULL,NULL,NULL,,,MCL,MCL,,NULL,NULL,NULL,NULL,NULL,NULL,NULL,NULL,NULL,NULL,NULL
1313,DD-FC1-41005-13,Nut (Wheel),NULL,NULL,Kit B,NULL,,,,ARF,21PM0183N,,,NULL,NULL,NULL,NULL,NULL,,,MCL,MCL,,NULL,NULL,NULL,NULL,NULL,NULL,NULL,NULL,NULL,NULL,NULL
1314,DD-FC1-30003-3,Bolt,NULL,NULL,Kit B,NULL,,MS,,ARF,0,WLOGTF250520210124 ,,NULL,NULL,NULL,NULL,NULL,Awt tool. Critical part issue. ,,Part under TF,Part Under Trial Manufacturing,"CRITICAL PART AWT PART CASE XPSGMS050720230420 THREAD DIE MJ20X1.5(GT2) , VCS COMPLETED 28/11/2023",NULL,NULL,NULL,NULL,NULL,NULL,NULL,NULL,NULL,NULL,NULL
1315,DD-FC1-30003-2,Bolt,NULL,NULL,Kit B,NULL,,MS,1cr17ni2-L32mm,ARF,0,WLOGTF250520210113 ,,NULL,NULL,NULL,NULL,NULL,Awt Mat  & tool  Critical part issue. ,,Part under TF,Part Under Trial Manufacturing,"CRITICAL PART AWT PART CASE XPSGMS050720230420 THREAD DIE MJ20X1.5(GT2) , VCS COMPLETED 28/11/2023",NULL,NULL,NULL,NULL,NULL,NULL,NULL,NULL,NULL,NULL,NULL
1316,DD-FC1-27002-8,Washer,NULL,NULL,Kit B,NULL,,,,ARF,21MS0514L,,,NULL,NULL,NULL,NULL,NULL,,,MCL,MCL,,NULL,NULL,NULL,NULL,NULL,NULL,NULL,NULL,NULL,NULL,NULL
1317,DD-FC1-25002-28,Nut Aileron,NULL,NULL,Kit B,NULL,,,,ARF,19MS0385N,,,NULL,NULL,NULL,NULL,NULL,,,MCL,MCL,,NULL,NULL,NULL,NULL,NULL,NULL,NULL,NULL,NULL,NULL,NULL
1318,DD-FC1-20302-31,Rotary Pin,NULL,NULL,Kit B,NULL,,,,ARF,21MS0356L,,,NULL,NULL,NULL,NULL,NULL,,,MCL,MCL,,NULL,NULL,NULL,NULL,NULL,NULL,NULL,NULL,NULL,NULL,NULL
1319,DD-FC1-20202-803,Bolt,NULL,NULL,Kit B,NULL,,,,ARF,21MS0690L,,,NULL,NULL,NULL,NULL,NULL,,,MCL,MCL,,NULL,NULL,NULL,NULL,NULL,NULL,NULL,NULL,NULL,NULL,NULL
1320,DD-FC1-20202-801,Bolt,NULL,NULL,Kit B,NULL,,MS,,ARF,22MS0126L,,,NULL,NULL,NULL,NULL,NULL,,,MCL,MCL,,NULL,NULL,NULL,NULL,NULL,NULL,NULL,NULL,NULL,NULL,NULL
1321,DD-FC1-20202-132,Bolt,NULL,NULL,Kit B,NULL,,MS,,ARF,22MS0134L,,,NULL,NULL,NULL,NULL,NULL,,,MCL,MCL,,NULL,NULL,NULL,NULL,NULL,NULL,NULL,NULL,NULL,NULL,NULL
1322,DD-FC1-06031-212,Bolt,NULL,NULL,Kit B,NULL,,MS,,ARF,22MS0129L,,,NULL,NULL,NULL,NULL,NULL,,,MCL,MCL,,NULL,NULL,NULL,NULL,NULL,NULL,NULL,NULL,NULL,NULL,NULL
1323,DD-FC1-05026-723G1,Screw,NULL,NULL,Kit B,NULL,,MS,,ARF,23MS0034L,,,NULL,NULL,NULL,NULL,NULL,,,MCL,MCL,,NULL,NULL,NULL,NULL,NULL,NULL,NULL,NULL,NULL,NULL,NULL
1324,DD-FC1-05026-723,Screw,NULL,NULL,Kit B,NULL,,,,ARF,0,,,NULL,NULL,NULL,NULL,NULL,,,MCL,RCL,,NULL,NULL,NULL,NULL,NULL,NULL,NULL,NULL,NULL,NULL,NULL
1325,DD-FC1-05016-125,Screw,NULL,NULL,Kit B,NULL,,MS,ML16CRSINI-14MM,ARF,0,WLOGTF130720210012 ,,NULL,NULL,NULL,NULL,NULL,Awt mat,,Part under TF,Part Under Trial Manufacturing,,NULL,NULL,NULL,NULL,NULL,NULL,NULL,NULL,NULL,NULL,NULL
1326,DD-FC1-04321-7,Stopper,NULL,NULL,Kit B,NULL,,PMC,,ARF,0,WLOGTF130420210002 ,,NULL,NULL,NULL,NULL,NULL,,,Under Trial Test,Under Trial Test,,NULL,NULL,NULL,NULL,NULL,NULL,NULL,NULL,NULL,NULL,NULL
1327,DD-FC1-04011-5,Screw,NULL,NULL,Kit B,NULL,,MS,,ARF,22MS0130L,,,NULL,NULL,NULL,NULL,NULL,,,MCL,MCL,,NULL,NULL,NULL,NULL,NULL,NULL,NULL,NULL,NULL,NULL,NULL
1328,DD-FC1-04011-4,Screw,NULL,NULL,Kit B,NULL,,MS,,ARF,22MS0131L,,,NULL,NULL,NULL,NULL,NULL,,,MCL,MCL,,NULL,NULL,NULL,NULL,NULL,NULL,NULL,NULL,NULL,NULL,NULL
1329,DD-FC1-01000-105,Washer,NULL,NULL,Kit B,NULL,,MS,,ARF,22MS0142L,,,NULL,NULL,NULL,NULL,NULL,,,MCL,MCL,,NULL,NULL,NULL,NULL,NULL,NULL,NULL,NULL,NULL,NULL,NULL
1330,9Q/611S124,Gasket,NULL,NULL,Kit B,NULL,,RP,,ARF,AREA UNKNOWN,,,NULL,NULL,NULL,NULL,NULL,,,MCL,MCL (AREA UNKNOWN),,NULL,NULL,NULL,NULL,NULL,NULL,NULL,NULL,NULL,NULL,NULL
1331,5Q/611S-89-3,Bush,NULL,NULL,Kit B,NULL,,,,ARF,21PM0754N,,,NULL,NULL,NULL,NULL,NULL,,,MCL,MCL,,NULL,NULL,NULL,NULL,NULL,NULL,NULL,NULL,NULL,NULL,NULL
1332,5Q/611S-89-2,Bush,NULL,NULL,Kit B,NULL,,,,ARF,21PM0750N,,,NULL,NULL,NULL,NULL,NULL,,,MCL,MCL,,NULL,NULL,NULL,NULL,NULL,NULL,NULL,NULL,NULL,NULL,NULL
1333,4C1.73M4X16,Screw (Log),NULL,NULL,Kit B,NULL,,MS,,ARF,23MS0219N,,,NULL,NULL,NULL,NULL,NULL,,,MCL,MCL,,NULL,NULL,NULL,NULL,NULL,NULL,NULL,NULL,NULL,NULL,NULL
1334,1Q-611S-89-4 (Q/J10-0049-4),Bolt (Log),NULL,NULL,Kit B,NULL,,MS,,ARF,0,WLOGTF111020210001 ,,NULL,NULL,NULL,NULL,NULL,Mfg issue,,Part under TF,Part Under Trial Manufacturing,Spring is soft as per user response. Develop material from IIA material & put it on trial. I/L 1Q/611S-89-4,NULL,NULL,NULL,NULL,NULL,NULL,NULL,NULL,NULL,NULL,NULL
1335,1HB6521-65,Clamp,NULL,NULL,Kit B,NULL,,,,ARF,0,,,NULL,NULL,NULL,NULL,NULL,,,MCL,RCL,,NULL,NULL,NULL,NULL,NULL,NULL,NULL,NULL,NULL,NULL,NULL
1336,1HB6521-55,Quik Release Clamp,NULL,NULL,Kit B,NULL,,,,ARF,0,,,NULL,NULL,NULL,NULL,NULL,,,MCL,RCL,,NULL,NULL,NULL,NULL,NULL,NULL,NULL,NULL,NULL,NULL,NULL
1337,1HB6521-50,Quik Release Clamp,NULL,NULL,Kit B,NULL,,,,ARF,0,,,NULL,NULL,NULL,NULL,NULL,,,MCL,RCL,,NULL,NULL,NULL,NULL,NULL,NULL,NULL,NULL,NULL,NULL,NULL
1338,1HB6521-42,Quik Release Clamp,NULL,NULL,Kit B,NULL,,,,ARF,0,,,NULL,NULL,NULL,NULL,NULL,,,MCL,RCL,,NULL,NULL,NULL,NULL,NULL,NULL,NULL,NULL,NULL,NULL,NULL
1339,1HB6521-40,Clamp,NULL,NULL,Kit B,NULL,,,,ARF,0,,,NULL,NULL,NULL,NULL,NULL,,,MCL,RCL,,NULL,NULL,NULL,NULL,NULL,NULL,NULL,NULL,NULL,NULL,NULL
1340,1HB3-25LB55YZ,Clamp,NULL,NULL,Kit B,NULL,,,,ARF,21SM0554L,,,NULL,NULL,NULL,NULL,NULL,,,MCL,MCL,,NULL,NULL,NULL,NULL,NULL,NULL,NULL,NULL,NULL,NULL,NULL
1341,1HB3-25LB35,Clamp,NULL,NULL,Kit B,NULL,,,,ARF,19SM0107L,,,NULL,NULL,NULL,NULL,NULL,,,MCL,MCL,,NULL,NULL,NULL,NULL,NULL,NULL,NULL,NULL,NULL,NULL,NULL
1342,1HB3-25LB23YZ,Clamp,NULL,NULL,Kit B,NULL,,,,ARF,21SM0582L,,,NULL,NULL,NULL,NULL,NULL,,,MCL,MCL,,NULL,NULL,NULL,NULL,NULL,NULL,NULL,NULL,NULL,NULL,NULL
1343,1HB3-25GD65,Clamp,NULL,NULL,Kit B,NULL,,,,ARF,21SM0477L,,,NULL,NULL,NULL,NULL,NULL,,,MCL,MCL,,NULL,NULL,NULL,NULL,NULL,NULL,NULL,NULL,NULL,NULL,NULL
1344,1HB3-25GD58,Clamp,NULL,NULL,Kit B,NULL,,,,ARF,21SM0544L,,,NULL,NULL,NULL,NULL,NULL,,,MCL,MCL,,NULL,NULL,NULL,NULL,NULL,NULL,NULL,NULL,NULL,NULL,NULL
1345,1HB3-25GD19,Clamp,NULL,NULL,Kit B,NULL,,SM,,ARF,21SM0814L,,,NULL,NULL,NULL,NULL,NULL,,,MCL,MCL,,NULL,NULL,NULL,NULL,NULL,NULL,NULL,NULL,NULL,NULL,NULL
1346,1HB3-25GD13.5,Clamp,NULL,NULL,Kit B,NULL,,,,ARF,18SM0535L,,,NULL,NULL,NULL,NULL,NULL,,,MCL,MCL,,NULL,NULL,NULL,NULL,NULL,NULL,NULL,NULL,NULL,NULL,NULL
1347,DD-FC1-62021-101,Label,NULL,NULL,Kit B,NULL,,,,ARF,23PM0173N,,,NULL,NULL,NULL,NULL,NULL,,,MCL,MCL,,NULL,NULL,NULL,NULL,NULL,NULL,NULL,NULL,NULL,NULL,NULL
1348,DD-FC1-06041-72,Label,NULL,NULL,Kit B,NULL,,,,ARF,23PM0172N,,,NULL,NULL,NULL,NULL,NULL,,,MCL,MCL,,NULL,NULL,NULL,NULL,NULL,NULL,NULL,NULL,NULL,NULL,NULL
1349,QS101-110,Air Inlet Valve,NULL,NULL,Kit C,NULL,,TMS,,ARF,0,New Kit C 732 items,81-JF-17-141,NULL,NULL,NULL,NULL,NULL,,,Under Trial Test,Under Trial Test,,NULL,NULL,NULL,NULL,NULL,NULL,NULL,NULL,NULL,NULL,NULL
1350,HB4-121-3,Gasket,NULL,NULL,Kit C,NULL,,TMS,,ARF,23RP0400N,New Kit C 732 items,81-JF-17-171,NULL,NULL,NULL,NULL,NULL,,,MCL,MCL(DEC),,NULL,NULL,NULL,NULL,NULL,NULL,NULL,NULL,NULL,NULL,NULL
1351,3S32x1.5-J7,Seal Ring,NULL,NULL,Kit C,NULL,,,,ARF,23RP0205N,,,NULL,NULL,NULL,NULL,NULL,,,MCL,MCL,,NULL,NULL,NULL,NULL,NULL,NULL,NULL,NULL,NULL,NULL,NULL
1352,3S6.7X2.5-J7,Seal Ring,NULL,NULL,Kit C,NULL,,,,ARF,23RP0145N,,,NULL,NULL,NULL,NULL,NULL,,,MCL,MCL,,NULL,NULL,NULL,NULL,NULL,NULL,NULL,NULL,NULL,NULL,NULL
1353,3S9.3X2-J7,Seal Ring,NULL,NULL,Kit C,NULL,,TMS,,ARF,24RP0005N,New Kit C 732 items,81-F7-179,NULL,NULL,NULL,NULL,NULL,MCL ( 15JAN),,MCL,MCL (JAN),,NULL,NULL,NULL,NULL,NULL,NULL,NULL,NULL,NULL,NULL,NULL
1354,KJY-19-0021,Seal Ring,NULL,NULL,Kit C,NULL,,,,ARF,MCL AL,,,NULL,NULL,NULL,NULL,NULL,,,MCL,MCL,,NULL,NULL,NULL,NULL,NULL,NULL,NULL,NULL,NULL,NULL,NULL
1355,NZ35-39-3-5080,Seal Ring,NULL,NULL,Kit C,NULL,,,,ARF,23RP0144N,,,NULL,NULL,NULL,NULL,NULL,,,MCL,MCL,,NULL,NULL,NULL,NULL,NULL,NULL,NULL,NULL,NULL,NULL,NULL
1356,NZ35-4.7-1.8-5080,Seal Ring,NULL,NULL,Kit C,NULL,,TMS,,ARF,0,New Kit C 732 items,81-JF-17-149,NULL,NULL,NULL,NULL,NULL,F-22 REQ (HAMZA),,MCL,MCL (EXPECTED),under trial to mcl,NULL,NULL,NULL,NULL,NULL,NULL,NULL,NULL,NULL,NULL,NULL
1357,NZ35-47-3.5-5080,Seal Ring,NULL,NULL,Kit C,NULL,,R&P,,ARF,MCL AL,WLOGTF300120230020,81-JF-17-124,NULL,NULL,NULL,NULL,NULL,MCL ( 15JAN) ALUMINIUM DIE,,MCL,MCL (JAN),,NULL,NULL,NULL,NULL,NULL,NULL,NULL,NULL,NULL,NULL,NULL
1358,NZ35H-4.7-1.8-5080,Seal Ring,NULL,NULL,Kit C,NULL,,TMS,,ARF,0,New Kit C 732 items,81-JF-17-149,NULL,NULL,NULL,NULL,NULL,SHOP 1 ISSUE (SIMILAR MCL),,Under Trial Test,Under Trial Test,,NULL,NULL,NULL,NULL,NULL,NULL,NULL,NULL,NULL,NULL,NULL
1359,Q/3A4-93J1-14,Seal Ring,NULL,NULL,Kit C,NULL,,,,ARF,MCL AL,,,NULL,NULL,NULL,NULL,NULL,,,MCL,MCL,,NULL,NULL,NULL,NULL,NULL,NULL,NULL,NULL,NULL,NULL,NULL
1360,QMO-69-J11,Seal Ring,NULL,NULL,Kit C,NULL,,TMS,,ARF,0,New Kit C 732 items,81-JF-17-130,NULL,NULL,NULL,NULL,NULL,Al Die,,Die under TF,Die MFG OK. (AL die),Die mfg completed. Check further status,NULL,NULL,NULL,NULL,NULL,NULL,NULL,NULL,NULL,NULL,NULL
1361,QDF10-013,Valve,NULL,NULL,Kit C,NULL,,TMS,,ARF,0,New Kit C 732 items,81-JF-17-199,NULL,NULL,NULL,NULL,NULL,,,Die under TF,Die Under Trial MFG,,NULL,NULL,NULL,NULL,NULL,NULL,NULL,NULL,NULL,NULL,NULL
1362,Q/346-74A-5X140,Bonding Jumper,NULL,NULL,Kit C,NULL,,,,ARF,21SM0553L,,,NULL,NULL,NULL,NULL,NULL,,,MCL,MCL,,NULL,NULL,NULL,NULL,NULL,NULL,NULL,NULL,NULL,NULL,NULL
1363,YDT11-1003,Clip Lock,NULL,NULL,Kit C,NULL,,,,ARF,20SP0179N,,,NULL,NULL,NULL,NULL,NULL,,,MCL,MCL,,NULL,NULL,NULL,NULL,NULL,NULL,NULL,NULL,NULL,NULL,NULL
1364,1.5X20GB91,Cotter Pin,NULL,NULL,Kit C,NULL,,,,ARF,15MS0201L,,,NULL,NULL,NULL,NULL,NULL,,,MCL,MCL,,NULL,NULL,NULL,NULL,NULL,NULL,NULL,NULL,NULL,NULL,NULL
1365,GB91-0.8x10,Cotter Pin,NULL,NULL,Kit C,NULL,,,,ARF,19MS0478L,,,NULL,NULL,NULL,NULL,NULL,,,MCL,MCL,,NULL,NULL,NULL,NULL,NULL,NULL,NULL,NULL,NULL,NULL,NULL
1366,GB91-1x10,Cotter Pin,NULL,NULL,Kit C,NULL,,,,ARF,19MS0478L,,,NULL,NULL,NULL,NULL,NULL,,,MCL,MCL,,NULL,NULL,NULL,NULL,NULL,NULL,NULL,NULL,NULL,NULL,NULL
1367,HB1-203G-M4x14,Countersunk Head Screws,NULL,NULL,Kit C,NULL,,,,ARF,96MS0075L,,,NULL,NULL,NULL,NULL,NULL,,,MCL,MCL,,NULL,NULL,NULL,NULL,NULL,NULL,NULL,NULL,NULL,NULL,NULL
1368,KJY8A-00-4,Diaphragm,NULL,NULL,Kit C,NULL,,PMC,QSN6.5-0.1BRONZESHEET0.14MM(LP),ARF,0,WLOGTF230520190043 ,,NULL,NULL,NULL,NULL,NULL,Awt mat,,Part under TF,Part Under Trial Manufacturing,QSN6.5-0.1BRONZESHEET0.14MM(LP). Find out Drawing & how mat is being finalized. Form-017 is missing.Find sample on urgent basis,NULL,NULL,NULL,NULL,NULL,NULL,NULL,NULL,NULL,NULL,NULL
1369,FYX101-0003,Excluder,NULL,NULL,Kit C,NULL,,,,ARF,21DP0594N,,,NULL,NULL,NULL,NULL,NULL,,,MCL,MCL,,NULL,NULL,NULL,NULL,NULL,NULL,NULL,NULL,NULL,NULL,NULL
1370,QS110-100,Exhaust Valve ,NULL,NULL,Kit C,NULL,,MS,,ARF,0,WLOGTF110520220103 ,,NULL,NULL,NULL,NULL,NULL,,,Under Trial Test,under Trial Test,,NULL,NULL,NULL,NULL,NULL,NULL,NULL,NULL,NULL,NULL,NULL
1371,A31-81X72X4,Felt,NULL,NULL,Kit C,NULL,,,,ARF,21SM0745N,,,NULL,NULL,NULL,NULL,NULL,,,MCL,MCL,,NULL,NULL,NULL,NULL,NULL,NULL,NULL,NULL,NULL,NULL,NULL
1372,FYX102-0003,Felt,NULL,NULL,Kit C,NULL,,,,ARF,21DP0594N,,,NULL,NULL,NULL,NULL,NULL,,,MCL,MCL,,NULL,NULL,NULL,NULL,NULL,NULL,NULL,NULL,NULL,NULL,NULL
1373,FYX102-0021,Felt Ring,NULL,NULL,Kit C,NULL,,,,ARF,22SM0082N,,,NULL,NULL,NULL,NULL,NULL,,,MCL,MCL,,NULL,NULL,NULL,NULL,NULL,NULL,NULL,NULL,NULL,NULL,NULL
1374,Q/3A4-18-75,Felt Ring,NULL,NULL,Kit C,NULL,,,,ARF,22SM0081L,,,NULL,NULL,NULL,NULL,NULL,,,MCL,MCL,,NULL,NULL,NULL,NULL,NULL,NULL,NULL,NULL,NULL,NULL,NULL
1375,HB4-57-119,Filter Seal,NULL,NULL,Kit C,NULL,,,,ARF,21RP0488L,,,NULL,NULL,NULL,NULL,NULL,,,MCL,MCL,,NULL,NULL,NULL,NULL,NULL,NULL,NULL,NULL,NULL,NULL,NULL
1376,2775,Gasket,NULL,NULL,Kit C,NULL,,,,ARF,09SM0689L,,,NULL,NULL,NULL,NULL,NULL,,,MCL,MCL,,NULL,NULL,NULL,NULL,NULL,NULL,NULL,NULL,NULL,NULL,NULL
1377,4701,Gasket,NULL,NULL,Kit C,NULL,,,,ARF,00SM1242N,,,NULL,NULL,NULL,NULL,NULL,,,MCL,MCL,,NULL,NULL,NULL,NULL,NULL,NULL,NULL,NULL,NULL,NULL,NULL
1378,3DT-107,Gasket,NULL,NULL,Kit C,NULL,,,,ARF,23RP0149N,,,NULL,NULL,NULL,NULL,NULL,,,MCL,MCL,,NULL,NULL,NULL,NULL,NULL,NULL,NULL,NULL,NULL,NULL,NULL
1379,3DT-111,Gasket,NULL,NULL,Kit C,NULL,,,,ARF,22RP0367N,,,NULL,NULL,NULL,NULL,NULL,,,MCL,MCL,,NULL,NULL,NULL,NULL,NULL,NULL,NULL,NULL,NULL,NULL,NULL
1380,HB1-521GD10X14X1,Gasket,NULL,NULL,Kit C,NULL,,,,ARF,17SM0084L,,,NULL,NULL,NULL,NULL,NULL,,,MCL,MCL,,NULL,NULL,NULL,NULL,NULL,NULL,NULL,NULL,NULL,NULL,NULL
1381,HB1-521GD10X14X1.2,Gasket,NULL,NULL,Kit C,NULL,,,,ARF,17SM0084L,,,NULL,NULL,NULL,NULL,NULL,,,MCL,MCL,,NULL,NULL,NULL,NULL,NULL,NULL,NULL,NULL,NULL,NULL,NULL
1382,HB1-521GD10X14X1.4,Gasket,NULL,NULL,Kit C,NULL,,,,ARF,03SM0342L,,,NULL,NULL,NULL,NULL,NULL,,,MCL,MCL,,NULL,NULL,NULL,NULL,NULL,NULL,NULL,NULL,NULL,NULL,NULL
1383,HB1-521GD-4X7X0.8,Gasket,NULL,NULL,Kit C,NULL,,,,ARF,00SM0975L,,,NULL,NULL,NULL,NULL,NULL,,,MCL,MCL,,NULL,NULL,NULL,NULL,NULL,NULL,NULL,NULL,NULL,NULL,NULL
1384,HB1-521GD-5X8X0.8,Gasket,NULL,NULL,Kit C,NULL,,,,ARF,00SM1592L,,,NULL,NULL,NULL,NULL,NULL,,,MCL,MCL,,NULL,NULL,NULL,NULL,NULL,NULL,NULL,NULL,NULL,NULL,NULL
1385,KJY8A-00-15,Gasket,NULL,NULL,Kit C,NULL,,,,ARF,22PM0037N,,,NULL,NULL,NULL,NULL,NULL,,,MCL,MCL,,NULL,NULL,NULL,NULL,NULL,NULL,NULL,NULL,NULL,NULL,NULL
1386,QSF6A-009,Gasket,NULL,NULL,Kit C,NULL,,,,ARF,83SM0374L,,,NULL,NULL,NULL,NULL,NULL,,,MCL,MCL,,NULL,NULL,NULL,NULL,NULL,NULL,NULL,NULL,NULL,NULL,NULL
1387,QSF6A-012,Gasket,NULL,NULL,Kit C,NULL,,,,ARF,82SM0448L,,,NULL,NULL,NULL,NULL,NULL,,,MCL,MCL,,NULL,NULL,NULL,NULL,NULL,NULL,NULL,NULL,NULL,NULL,NULL
1388,HB4-56J6-138,Hyd Filter Yyl-19A Seal,NULL,NULL,Kit C,NULL,,,,ARF,21RP0014L,,,NULL,NULL,NULL,NULL,NULL,,,MCL,MCL,,NULL,NULL,NULL,NULL,NULL,NULL,NULL,NULL,NULL,NULL,NULL
1389,HB4-53-67,Lead Seal,NULL,NULL,Kit C,NULL,,,,ARF,85SM0083L,,,NULL,NULL,NULL,NULL,NULL,,,MCL,MCL,,NULL,NULL,NULL,NULL,NULL,NULL,NULL,NULL,NULL,NULL,NULL
1390,HB4-53-83,Lead Seal,NULL,NULL,Kit C,NULL,,,,ARF,85SM0083L,,,NULL,NULL,NULL,NULL,NULL,,,MCL,MCL,,NULL,NULL,NULL,NULL,NULL,NULL,NULL,NULL,NULL,NULL,NULL
1391,5GB1024-76,Lock Washer,NULL,NULL,Kit C,NULL,,,,ARF,23PM0215L,,,NULL,NULL,NULL,NULL,NULL,,,MCL,MCL,,NULL,NULL,NULL,NULL,NULL,NULL,NULL,NULL,NULL,NULL,NULL
1392,YZL26-0008,Lock Washer,NULL,NULL,Kit C,NULL,,,,ARF,0,,,NULL,NULL,NULL,NULL,NULL,,,MCL,MCL (Del-Part Case inprogress),,NULL,NULL,NULL,NULL,NULL,NULL,NULL,NULL,NULL,NULL,NULL
1393,19X(z)-DG-103B-04,Locking Washer,NULL,NULL,Kit C,NULL,,,,ARF,22PM0537N,,,NULL,NULL,NULL,NULL,NULL,,,MCL,MCL,,NULL,NULL,NULL,NULL,NULL,NULL,NULL,NULL,NULL,NULL,NULL
1394,19X(z)-RLB31A-01,Locking Washer,NULL,NULL,Kit C,NULL,,,,ARF,22PM0214N,,,NULL,NULL,NULL,NULL,NULL,,,MCL,MCL,,NULL,NULL,NULL,NULL,NULL,NULL,NULL,NULL,NULL,NULL,NULL
1395,YZL25-1003,Locking Washer,NULL,NULL,Kit C,NULL,,,,ARF,0,,,NULL,NULL,NULL,NULL,NULL,,,MCL,MCL (Del-Part Case inprogress),,NULL,NULL,NULL,NULL,NULL,NULL,NULL,NULL,NULL,NULL,NULL
1396,YZL26-0001,Locking Washer,NULL,NULL,Kit C,NULL,,,,ARF,22PM0240N,,,NULL,NULL,NULL,NULL,NULL,,,MCL,MCL,,NULL,NULL,NULL,NULL,NULL,NULL,NULL,NULL,NULL,NULL,NULL
1397,YZL26-4001,Locking Washer,NULL,NULL,Kit C,NULL,,,,ARF,23PM0014N,,,NULL,NULL,NULL,NULL,NULL,,,MCL,MCL,,NULL,NULL,NULL,NULL,NULL,NULL,NULL,NULL,NULL,NULL,NULL
1398,19X(Z)-YDT11A-1007,Locking Washer ,NULL,NULL,Kit C,NULL,,,,ARF,21PM0595N,,,NULL,NULL,NULL,NULL,NULL,,,MCL,MCL,,NULL,NULL,NULL,NULL,NULL,NULL,NULL,NULL,NULL,NULL,NULL
1399,CLQ9-123,Oil Core,NULL,NULL,Kit C,NULL,,DP,,ARF,0,WLOGTF150820220001 ,,NULL,NULL,NULL,NULL,NULL,Awt mat,,Part under TF,Part Under Trial Manufacturing,part is a loose string which is to be cut from raw materal roll. IPSGDP170720230048   FELT-104FELTROPE(LP) ,NULL,NULL,NULL,NULL,NULL,NULL,NULL,NULL,NULL,NULL,NULL
1400,YJ1-129,Pad,NULL,NULL,Kit C,NULL,,,,ARF,19RP0157N,,,NULL,NULL,NULL,NULL,NULL,,,MCL,MCL,,NULL,NULL,NULL,NULL,NULL,NULL,NULL,NULL,NULL,NULL,NULL
1401,YJ1-136,Pad,NULL,NULL,Kit C,NULL,,,,ARF,19RP0158N,,,NULL,NULL,NULL,NULL,NULL,,,MCL,MCL,,NULL,NULL,NULL,NULL,NULL,NULL,NULL,NULL,NULL,NULL,NULL
1402,J7M-W5505-271,Placard,NULL,NULL,Kit C,NULL,,,,ARF,99PF0245N,,,NULL,NULL,NULL,NULL,NULL,,,MCL,MCL,,NULL,NULL,NULL,NULL,NULL,NULL,NULL,NULL,NULL,NULL,NULL
1403,Q/3A4-92-1,Plastic Ring,NULL,NULL,Kit C,NULL,,,,ARF,16RP0048L,,,NULL,NULL,NULL,NULL,NULL,,,MCL,MCL,,NULL,NULL,NULL,NULL,NULL,NULL,NULL,NULL,NULL,NULL,NULL
1404,Q/3A4-42-26,Retainer Ring,NULL,NULL,Kit C,NULL,,,,ARF,14PM0278L,,,NULL,NULL,NULL,NULL,NULL,,,MCL,MCL,,NULL,NULL,NULL,NULL,NULL,NULL,NULL,NULL,NULL,NULL,NULL
1405,6E8.967.000,Rivet,NULL,NULL,Kit C,NULL,,,,ARF,04MS0585L,,,NULL,NULL,NULL,NULL,NULL,,,MCL,MCL,,NULL,NULL,NULL,NULL,NULL,NULL,NULL,NULL,NULL,NULL,NULL
1406,H2X11GB867-86-LY1,Rivet,NULL,NULL,Kit C,NULL,,,,ARF,03MS0788L,,,NULL,NULL,NULL,NULL,NULL,,,MCL,MCL,,NULL,NULL,NULL,NULL,NULL,NULL,NULL,NULL,NULL,NULL,NULL
1407,2.5X10GB954-LY10,Rivit,NULL,NULL,Kit C,NULL,,,,ARF,02MS0032L,,,NULL,NULL,NULL,NULL,NULL,,,MCL,MCL,,NULL,NULL,NULL,NULL,NULL,NULL,NULL,NULL,NULL,NULL,NULL
1408,A21-14x2J1,Rubber Gasket,NULL,NULL,Kit C,NULL,,,,ARF,19RP0058L,,,NULL,NULL,NULL,NULL,NULL,,,MCL,MCL,,NULL,NULL,NULL,NULL,NULL,NULL,NULL,NULL,NULL,NULL,NULL
1409,A21-9x2.5J1-NF,Rubber Gasket,NULL,NULL,Kit C,NULL,,,,ARF,21RP0010L,,,NULL,NULL,NULL,NULL,NULL,,,MCL,MCL,,NULL,NULL,NULL,NULL,NULL,NULL,NULL,NULL,NULL,NULL,NULL
1410,JT7-002,Rubber Gasket,NULL,NULL,Kit C,NULL,,,,ARF,01RP0094L,,,NULL,NULL,NULL,NULL,NULL,,,MCL,MCL,,NULL,NULL,NULL,NULL,NULL,NULL,NULL,NULL,NULL,NULL,NULL
1411,L8-6100-503,Rubber Pad,NULL,NULL,Kit C,NULL,,,,ARF,19RP0449L,,,NULL,NULL,NULL,NULL,NULL,,,MCL,MCL,,NULL,NULL,NULL,NULL,NULL,NULL,NULL,NULL,NULL,NULL,NULL
1412,19X(z)-48x2,Rubber Ring,NULL,NULL,Kit C,NULL,,,,ARF,22RP0540N,,,NULL,NULL,NULL,NULL,NULL,,,MCL,MCL,,NULL,NULL,NULL,NULL,NULL,NULL,NULL,NULL,NULL,NULL,NULL
1413,3S8X1.8-J3,Rubber Ring,NULL,NULL,Kit C,NULL,,,,ARF,19RP0447L,,,NULL,NULL,NULL,NULL,NULL,,,MCL,MCL,,NULL,NULL,NULL,NULL,NULL,NULL,NULL,NULL,NULL,NULL,NULL
1414,A21-15x2.3J1,Rubber Ring,NULL,NULL,Kit C,NULL,,,,ARF,19RP0059L,,,NULL,NULL,NULL,NULL,NULL,,,MCL,MCL,,NULL,NULL,NULL,NULL,NULL,NULL,NULL,NULL,NULL,NULL,NULL
1415,A21-15x2.3J1-WF,Rubber Ring,NULL,NULL,Kit C,NULL,,,,ARF,21RP0011L,,,NULL,NULL,NULL,NULL,NULL,,,MCL,MCL,,NULL,NULL,NULL,NULL,NULL,NULL,NULL,NULL,NULL,NULL,NULL
1416,CYT11-126,Rubber Ring,NULL,NULL,Kit C,NULL,,,,ARF,22RP0467N,,,NULL,NULL,NULL,NULL,NULL,,,MCL,MCL,,NULL,NULL,NULL,NULL,NULL,NULL,NULL,NULL,NULL,NULL,NULL
1417,DD-FC1-55123-2101,Rubber Ring,NULL,NULL,Kit C,NULL,,,,ARF,19RP0137L,,,NULL,NULL,NULL,NULL,NULL,,,MCL,MCL,,NULL,NULL,NULL,NULL,NULL,NULL,NULL,NULL,NULL,NULL,NULL
1418,HB4-56J3-14,Rubber Ring,NULL,NULL,Kit C,NULL,,,,ARF,19RP0448L,,,NULL,NULL,NULL,NULL,NULL,,,MCL,MCL,,NULL,NULL,NULL,NULL,NULL,NULL,NULL,NULL,NULL,NULL,NULL
1419,HB4-56J7-11,Rubber Ring,NULL,NULL,Kit C,NULL,,,,ARF,21RP0251L,,,NULL,NULL,NULL,NULL,NULL,,,MCL,MCL,,NULL,NULL,NULL,NULL,NULL,NULL,NULL,NULL,NULL,NULL,NULL
1420,HB4-56J7-40H,Rubber Ring,NULL,NULL,Kit C,NULL,,,,ARF,21RP0003L,,,NULL,NULL,NULL,NULL,NULL,,,MCL,MCL,,NULL,NULL,NULL,NULL,NULL,NULL,NULL,NULL,NULL,NULL,NULL
1421,HB4-56J7-5,Rubber Ring,NULL,NULL,Kit C,NULL,,,,ARF,21RP0004L,,,NULL,NULL,NULL,NULL,NULL,,,MCL,MCL,,NULL,NULL,NULL,NULL,NULL,NULL,NULL,NULL,NULL,NULL,NULL
1422,HB4-57J1-12,Rubber Ring,NULL,NULL,Kit C,NULL,,,,ARF,21RP0254L,,,NULL,NULL,NULL,NULL,NULL,,,MCL,MCL,,NULL,NULL,NULL,NULL,NULL,NULL,NULL,NULL,NULL,NULL,NULL
1423,Q/3A4-93J1-12,Rubber Ring,NULL,NULL,Kit C,NULL,,,,ARF,13RP0100L,,,NULL,NULL,NULL,NULL,NULL,,,MCL,MCL,,NULL,NULL,NULL,NULL,NULL,NULL,NULL,NULL,NULL,NULL,NULL
1424,19X(Z)-DG-103B-02,Rubber Ring,NULL,NULL,Kit C,NULL,,TMS,FELT-104FELTROPE(LP),ARF,0,New Kit C 732 items,81-JF-17-165,NULL,NULL,NULL,NULL,NULL,,,Die under TF,Die Under Trial MFG,,NULL,NULL,NULL,NULL,NULL,NULL,NULL,NULL,NULL,NULL,NULL
1425,HB4-56J6-119,Rubber Seal Ring,NULL,NULL,Kit C,NULL,,,,ARF,21RP0506L,,,NULL,NULL,NULL,NULL,NULL,,,MCL,MCL,,NULL,NULL,NULL,NULL,NULL,NULL,NULL,NULL,NULL,NULL,NULL
1426,CYT11-127,Rubber Washer,NULL,NULL,Kit C,NULL,,,,ARF,23RP0147N,,,NULL,NULL,NULL,NULL,NULL,,,MCL,MCL,,NULL,NULL,NULL,NULL,NULL,NULL,NULL,NULL,NULL,NULL,NULL
1427,CYT11-128,Rubber Washer,NULL,NULL,Kit C,NULL,,,,ARF,23RP0148N,,,NULL,NULL,NULL,NULL,NULL,,,MCL,MCL,,NULL,NULL,NULL,NULL,NULL,NULL,NULL,NULL,NULL,NULL,NULL
1428,DD-FC1-55123-2102,Safety Pin,NULL,NULL,Kit C,NULL,,,,ARF,21SP0616L,,,NULL,NULL,NULL,NULL,NULL,,,MCL,MCL,,NULL,NULL,NULL,NULL,NULL,NULL,NULL,NULL,NULL,NULL,NULL
1429,DD-FC1-55177-3115,Safety Pin,NULL,NULL,Kit C,NULL,,,,ARF,21SP0662L,,,NULL,NULL,NULL,NULL,NULL,,,MCL,MCL,,NULL,NULL,NULL,NULL,NULL,NULL,NULL,NULL,NULL,NULL,NULL
1430,KJY8A-30,Safety Valve,NULL,NULL,Kit C,NULL,,,,ARF,23PM0245N,,,NULL,NULL,NULL,NULL,NULL,,,MCL,MCL,,NULL,NULL,NULL,NULL,NULL,NULL,NULL,NULL,NULL,NULL,NULL
1431,DD-FC1-41015-16,Screw,NULL,NULL,Kit C,NULL,,,,ARF,21MS0575L,,,NULL,NULL,NULL,NULL,NULL,,,MCL,MCL,,NULL,NULL,NULL,NULL,NULL,NULL,NULL,NULL,NULL,NULL,NULL
1432,GB71M6X5-45,Screw,NULL,NULL,Kit C,NULL,,,,ARF,17MS0685L,,,NULL,NULL,NULL,NULL,NULL,,,MCL,MCL,,NULL,NULL,NULL,NULL,NULL,NULL,NULL,NULL,NULL,NULL,NULL
1433,M2.5x3GB71-45,Screw,NULL,NULL,Kit C,NULL,,,,ARF,22MS0005L,,,NULL,NULL,NULL,NULL,NULL,,,MCL,MCL,,NULL,NULL,NULL,NULL,NULL,NULL,NULL,NULL,NULL,NULL,NULL
1434,QZD-3X4,Screw,NULL,NULL,Kit C,NULL,,,,ARF,22MS0210N,,,NULL,NULL,NULL,NULL,NULL,,,MCL,MCL,,NULL,NULL,NULL,NULL,NULL,NULL,NULL,NULL,NULL,NULL,NULL
1435,YY4-21,Seal Gasket,NULL,NULL,Kit C,NULL,,,,ARF,17RP0536N,,,NULL,NULL,NULL,NULL,NULL,,,MCL,MCL,,NULL,NULL,NULL,NULL,NULL,NULL,NULL,NULL,NULL,NULL,NULL
1436,16D105-7-2-G,Seal Ring,NULL,NULL,Kit C,NULL,,,,ARF,14RP0539L,,,NULL,NULL,NULL,NULL,NULL,,,MCL,MCL,,NULL,NULL,NULL,NULL,NULL,NULL,NULL,NULL,NULL,NULL,NULL
1437,16D105-8-2-G,Seal Ring,NULL,NULL,Kit C,NULL,,,,ARF,0,,,NULL,NULL,NULL,NULL,NULL,,,MCL,MCL (Cap Del),,NULL,NULL,NULL,NULL,NULL,NULL,NULL,NULL,NULL,NULL,NULL
1438,16D105-9-2.2-G,Seal Ring,NULL,NULL,Kit C,NULL,,,,ARF,MCL AL,,,NULL,NULL,NULL,NULL,NULL,,,MCL,MCL,,NULL,NULL,NULL,NULL,NULL,NULL,NULL,NULL,NULL,NULL,NULL
1439,19X(Z)-DG-34-01,Seal Ring,NULL,NULL,Kit C,NULL,,,,ARF,22RP0172N,,,NULL,NULL,NULL,NULL,NULL,,,MCL,MCL,,NULL,NULL,NULL,NULL,NULL,NULL,NULL,NULL,NULL,NULL,NULL
1440,1A4-7-13.6,Seal Ring,NULL,NULL,Kit C,NULL,,,,ARF,85RP0001L,,,NULL,NULL,NULL,NULL,NULL,,,MCL,MCL,,NULL,NULL,NULL,NULL,NULL,NULL,NULL,NULL,NULL,NULL,NULL
1441,1C8.370.103,Seal Ring,NULL,NULL,Kit C,NULL,,,,ARF,19RP0418L,,,NULL,NULL,NULL,NULL,NULL,,,MCL,MCL,,NULL,NULL,NULL,NULL,NULL,NULL,NULL,NULL,NULL,NULL,NULL
1442,1C8.370.112,Seal Ring,NULL,NULL,Kit C,NULL,,,,ARF,19RP0419L,,,NULL,NULL,NULL,NULL,NULL,,,MCL,MCL,,NULL,NULL,NULL,NULL,NULL,NULL,NULL,NULL,NULL,NULL,NULL
1443,3DT-110,Seal Ring,NULL,NULL,Kit C,NULL,,,,ARF,22RP0057N,,,NULL,NULL,NULL,NULL,NULL,,,MCL,MCL,,NULL,NULL,NULL,NULL,NULL,NULL,NULL,NULL,NULL,NULL,NULL
1444,3S10x1.3-J7,Seal Ring,NULL,NULL,Kit C,NULL,,,,ARF,20RP0090L,,,NULL,NULL,NULL,NULL,NULL,,,MCL,MCL,,NULL,NULL,NULL,NULL,NULL,NULL,NULL,NULL,NULL,NULL,NULL
1445,3S11.3x2-J7H,Seal Ring,NULL,NULL,Kit C,NULL,,,,ARF,21RP0733N,,,NULL,NULL,NULL,NULL,NULL,,,MCL,MCL,,NULL,NULL,NULL,NULL,NULL,NULL,NULL,NULL,NULL,NULL,NULL
1446,3S11.5x2-J7,Seal Ring,NULL,NULL,Kit C,NULL,,,,ARF,21RP0036L,,,NULL,NULL,NULL,NULL,NULL,,,MCL,MCL,,NULL,NULL,NULL,NULL,NULL,NULL,NULL,NULL,NULL,NULL,NULL
1447,3S12x2-J7,Seal Ring,NULL,NULL,Kit C,NULL,,,,ARF,21RP0180N,,,NULL,NULL,NULL,NULL,NULL,,,MCL,MCL,,NULL,NULL,NULL,NULL,NULL,NULL,NULL,NULL,NULL,NULL,NULL
1448,3S13X1.5-J7,Seal Ring,NULL,NULL,Kit C,NULL,,,,ARF,21RP0083N,,,NULL,NULL,NULL,NULL,NULL,,,MCL,MCL,,NULL,NULL,NULL,NULL,NULL,NULL,NULL,NULL,NULL,NULL,NULL
1449,3S2.3x1-J7,Seal Ring,NULL,NULL,Kit C,NULL,,,,ARF,21RP0213N,,,NULL,NULL,NULL,NULL,NULL,,,MCL,MCL,,NULL,NULL,NULL,NULL,NULL,NULL,NULL,NULL,NULL,NULL,NULL
1450,3S20X2.5-J7,Seal Ring,NULL,NULL,Kit C,NULL,,,,ARF,MCL AL,,,NULL,NULL,NULL,NULL,NULL,,,MCL,MCL,,NULL,NULL,NULL,NULL,NULL,NULL,NULL,NULL,NULL,NULL,NULL
1451,3S25X2.5-J7,Seal Ring,NULL,NULL,Kit C,NULL,,,,ARF,20RP0058N,,,NULL,NULL,NULL,NULL,NULL,,,MCL,MCL,,NULL,NULL,NULL,NULL,NULL,NULL,NULL,NULL,NULL,NULL,NULL
1452,3S3.7x1.5-J7,Seal Ring,NULL,NULL,Kit C,NULL,,,,ARF,21RP0211N,,,NULL,NULL,NULL,NULL,NULL,,,MCL,MCL,,NULL,NULL,NULL,NULL,NULL,NULL,NULL,NULL,NULL,NULL,NULL
1453,3S30X2.5-J7,Seal Ring,NULL,NULL,Kit C,NULL,,,,ARF,21RP0217N,,,NULL,NULL,NULL,NULL,NULL,,,MCL,MCL,,NULL,NULL,NULL,NULL,NULL,NULL,NULL,NULL,NULL,NULL,NULL
1454,3S43X3-J7,Seal Ring,NULL,NULL,Kit C,NULL,,,,ARF,21RP0249L,,,NULL,NULL,NULL,NULL,NULL,,,MCL,MCL,,NULL,NULL,NULL,NULL,NULL,NULL,NULL,NULL,NULL,NULL,NULL
1455,3S50X3.6-J7,Seal Ring,NULL,NULL,Kit C,NULL,,,,ARF,21RP0734N,,,NULL,NULL,NULL,NULL,NULL,,,MCL,MCL,,NULL,NULL,NULL,NULL,NULL,NULL,NULL,NULL,NULL,NULL,NULL
1456,3S6.6x1.8-J7,Seal Ring,NULL,NULL,Kit C,NULL,,,,ARF,21RP0830N,,,NULL,NULL,NULL,NULL,NULL,,,MCL,MCL,,NULL,NULL,NULL,NULL,NULL,NULL,NULL,NULL,NULL,NULL,NULL
1457,3S7.4x2-J7,Seal Ring,NULL,NULL,Kit C,NULL,,,,ARF,21RP0735N,,,NULL,NULL,NULL,NULL,NULL,,,MCL,MCL,,NULL,NULL,NULL,NULL,NULL,NULL,NULL,NULL,NULL,NULL,NULL
1458,3S78X2.5-J7,Seal Ring,NULL,NULL,Kit C,NULL,,R&P,,ARF,0,WLOGTF060420230018 ,81-JF-17-104,NULL,NULL,NULL,NULL,NULL,,,Under Trial Test,Under Trial Test,,NULL,NULL,NULL,NULL,NULL,NULL,NULL,NULL,NULL,NULL,NULL
1459,3S9.2x1.9-J7,Seal Ring,NULL,NULL,Kit C,NULL,,,,ARF,21RP0248L,,,NULL,NULL,NULL,NULL,NULL,,,MCL,MCL,,NULL,NULL,NULL,NULL,NULL,NULL,NULL,NULL,NULL,NULL,NULL
1460,3S94X4-J7,Seal Ring,NULL,NULL,Kit C,NULL,,,,ARF,21RP0831N,,,NULL,NULL,NULL,NULL,NULL,,,MCL,MCL,,NULL,NULL,NULL,NULL,NULL,NULL,NULL,NULL,NULL,NULL,NULL
1461,3S9x1.5-J7,Seal Ring,NULL,NULL,Kit C,NULL,,,,ARF,21RP0212N,,,NULL,NULL,NULL,NULL,NULL,,,MCL,MCL,,NULL,NULL,NULL,NULL,NULL,NULL,NULL,NULL,NULL,NULL,NULL
1462,3S9x1.8-J7,Seal Ring,NULL,NULL,Kit C,NULL,,,,ARF,20RP0088L,,,NULL,NULL,NULL,NULL,NULL,,,MCL,MCL,,NULL,NULL,NULL,NULL,NULL,NULL,NULL,NULL,NULL,NULL,NULL
1463,452-209,Seal Ring,NULL,NULL,Kit C,NULL,,,,ARF,21RP0128L,,,NULL,NULL,NULL,NULL,NULL,,,MCL,MCL,,NULL,NULL,NULL,NULL,NULL,NULL,NULL,NULL,NULL,NULL,NULL
1464,8C112-5X2A,Seal Ring,NULL,NULL,Kit C,NULL,,,,ARF,19RP0052L,,,NULL,NULL,NULL,NULL,NULL,,,MCL,MCL,,NULL,NULL,NULL,NULL,NULL,NULL,NULL,NULL,NULL,NULL,NULL
1465,A21-8X2J1,Seal Ring,NULL,NULL,Kit C,NULL,,,,ARF,20RP0285L,,,NULL,NULL,NULL,NULL,NULL,,,MCL,MCL,,NULL,NULL,NULL,NULL,NULL,NULL,NULL,NULL,NULL,NULL,NULL
1466,DD-FC1-55156-8306,Seal Ring,NULL,NULL,Kit C,NULL,,,,ARF,19RP0134L,,,NULL,NULL,NULL,NULL,NULL,,,MCL,MCL,,NULL,NULL,NULL,NULL,NULL,NULL,NULL,NULL,NULL,NULL,NULL
1467,DD-FC1-55167-1102,Seal Ring,NULL,NULL,Kit C,NULL,,,,ARF,19RP0133L,,,NULL,NULL,NULL,NULL,NULL,,,MCL,MCL,,NULL,NULL,NULL,NULL,NULL,NULL,NULL,NULL,NULL,NULL,NULL
1468,DD-FC1-55167-2115,Seal Ring,NULL,NULL,Kit C,NULL,,,,ARF,21SP0662L,,,NULL,NULL,NULL,NULL,NULL,,,MCL,MCL,,NULL,NULL,NULL,NULL,NULL,NULL,NULL,NULL,NULL,NULL,NULL
1469,FA3-25.5-1.2J1,Seal Ring,NULL,NULL,Kit C,NULL,,,,ARF,21RP0337N,,,NULL,NULL,NULL,NULL,NULL,,,MCL,MCL,,NULL,NULL,NULL,NULL,NULL,NULL,NULL,NULL,NULL,NULL,NULL
1470,FR227-0003,Seal Ring,NULL,NULL,Kit C,NULL,,,,ARF,21PM0824N,,,NULL,NULL,NULL,NULL,NULL,,,MCL,MCL,,NULL,NULL,NULL,NULL,NULL,NULL,NULL,NULL,NULL,NULL,NULL
1471,GJB60-85/12,Seal Ring,NULL,NULL,Kit C,NULL,,,,ARF,21RP0268L,,,NULL,NULL,NULL,NULL,NULL,,,MCL,MCL,,NULL,NULL,NULL,NULL,NULL,NULL,NULL,NULL,NULL,NULL,NULL
1472,GJB60-85/20,Seal Ring,NULL,NULL,Kit C,NULL,,,,ARF,17RP0593N,,,NULL,NULL,NULL,NULL,NULL,,,MCL,MCL,,NULL,NULL,NULL,NULL,NULL,NULL,NULL,NULL,NULL,NULL,NULL
1473,HB4-56-29H,Seal Ring,NULL,NULL,Kit C,NULL,,,,ARF,21RP0008N,,,NULL,NULL,NULL,NULL,NULL,,,MCL,MCL,,NULL,NULL,NULL,NULL,NULL,NULL,NULL,NULL,NULL,NULL,NULL
1474,HB4-56J1-15H,Seal Ring,NULL,NULL,Kit C,NULL,,,,ARF,19RP0486N,,,NULL,NULL,NULL,NULL,NULL,,,MCL,MCL,,NULL,NULL,NULL,NULL,NULL,NULL,NULL,NULL,NULL,NULL,NULL
1475,HB4-56J1-16,Seal Ring,NULL,NULL,Kit C,NULL,,,,ARF,19RP0390L,,,NULL,NULL,NULL,NULL,NULL,,,MCL,MCL,,NULL,NULL,NULL,NULL,NULL,NULL,NULL,NULL,NULL,NULL,NULL
1476,HB4-56J6-20,Seal Ring,NULL,NULL,Kit C,NULL,,,,ARF,21RP0084L,,,NULL,NULL,NULL,NULL,NULL,,,MCL,MCL,,NULL,NULL,NULL,NULL,NULL,NULL,NULL,NULL,NULL,NULL,NULL
1477,HB4-56J6-24,Seal Ring,NULL,NULL,Kit C,NULL,,,,ARF,21RP0012L,,,NULL,NULL,NULL,NULL,NULL,,,MCL,MCL,,NULL,NULL,NULL,NULL,NULL,NULL,NULL,NULL,NULL,NULL,NULL
1478,HB4-56J7-105,Seal Ring,NULL,NULL,Kit C,NULL,,,,ARF,21RP0033L,,,NULL,NULL,NULL,NULL,NULL,,,MCL,MCL,,NULL,NULL,NULL,NULL,NULL,NULL,NULL,NULL,NULL,NULL,NULL
1479,HB4-56J7-107,Seal Ring,NULL,NULL,Kit C,NULL,,,,ARF,20RP0017L,,,NULL,NULL,NULL,NULL,NULL,,,MCL,MCL,,NULL,NULL,NULL,NULL,NULL,NULL,NULL,NULL,NULL,NULL,NULL
1480,HB4-56J7-108,Seal Ring,NULL,NULL,Kit C,NULL,,,,ARF,19RP0391L,,,NULL,NULL,NULL,NULL,NULL,,,MCL,MCL,,NULL,NULL,NULL,NULL,NULL,NULL,NULL,NULL,NULL,NULL,NULL
1481,HB4-56J7-114,Seal Ring,NULL,NULL,Kit C,NULL,,,,ARF,20RP0091L,,,NULL,NULL,NULL,NULL,NULL,,,MCL,MCL,,NULL,NULL,NULL,NULL,NULL,NULL,NULL,NULL,NULL,NULL,NULL
1482,HB4-56J7-17H,Seal Ring,NULL,NULL,Kit C,NULL,,,,ARF,15RP0121L,,,NULL,NULL,NULL,NULL,NULL,,,MCL,MCL,,NULL,NULL,NULL,NULL,NULL,NULL,NULL,NULL,NULL,NULL,NULL
1483,HB4-56J7-20,Seal Ring,NULL,NULL,Kit C,NULL,,,,ARF,21RP0255L,,,NULL,NULL,NULL,NULL,NULL,,,MCL,MCL,,NULL,NULL,NULL,NULL,NULL,NULL,NULL,NULL,NULL,NULL,NULL
1484,HB4-56J7-26,Seal Ring,NULL,NULL,Kit C,NULL,,,,ARF,21RP0466L,,,NULL,NULL,NULL,NULL,NULL,,,MCL,MCL,,NULL,NULL,NULL,NULL,NULL,NULL,NULL,NULL,NULL,NULL,NULL
1485,HB4-56J7-27,Seal Ring,NULL,NULL,Kit C,NULL,,,,ARF,21RP0252L,,,NULL,NULL,NULL,NULL,NULL,,,MCL,MCL,,NULL,NULL,NULL,NULL,NULL,NULL,NULL,NULL,NULL,NULL,NULL
1486,HB4-56J7-6,Seal Ring,NULL,NULL,Kit C,NULL,,,,ARF,21RP0593L,,,NULL,NULL,NULL,NULL,NULL,,,MCL,MCL,,NULL,NULL,NULL,NULL,NULL,NULL,NULL,NULL,NULL,NULL,NULL
1487,HB4-56J7-8,Seal Ring,NULL,NULL,Kit C,NULL,,,,ARF,19RP0049L,,,NULL,NULL,NULL,NULL,NULL,,,MCL,MCL,,NULL,NULL,NULL,NULL,NULL,NULL,NULL,NULL,NULL,NULL,NULL
1488,HB4-57-107(G401),Seal Ring,NULL,NULL,Kit C,NULL,,,,ARF,MCL G401,,,NULL,NULL,NULL,NULL,NULL,,,MCL,MCL G401,,NULL,NULL,NULL,NULL,NULL,NULL,NULL,NULL,NULL,NULL,NULL
1489,HB4-57-116(G401),Seal Ring,NULL,NULL,Kit C,NULL,,,,ARF,MCL G401,,,NULL,NULL,NULL,NULL,NULL,,,MCL,MCL G401,,NULL,NULL,NULL,NULL,NULL,NULL,NULL,NULL,NULL,NULL,NULL
1490,HB4-57-119(G401),Seal Ring,NULL,NULL,Kit C,NULL,,,,ARF,MCL G401,,,NULL,NULL,NULL,NULL,NULL,,,MCL,MCL G401,,NULL,NULL,NULL,NULL,NULL,NULL,NULL,NULL,NULL,NULL,NULL
1491,HB4-57-142(G401),Seal Ring,NULL,NULL,Kit C,NULL,,,,ARF,24RP0013N,,,NULL,NULL,NULL,NULL,NULL,,,MCL,MCL,,NULL,NULL,NULL,NULL,NULL,NULL,NULL,NULL,NULL,NULL,NULL
1492,HB4-57-18,Seal Ring,NULL,NULL,Kit C,NULL,,,,ARF,MCL G401,,,NULL,NULL,NULL,NULL,NULL,,,MCL,MCL G401,,NULL,NULL,NULL,NULL,NULL,NULL,NULL,NULL,NULL,NULL,NULL
1493,HB4-57-18(G401),Seal Ring,NULL,NULL,Kit C,NULL,,,,ARF,MCL G401,,,NULL,NULL,NULL,NULL,NULL,,,MCL,MCL G401,,NULL,NULL,NULL,NULL,NULL,NULL,NULL,NULL,NULL,NULL,NULL
1494,HB4-57-20(G401),Seal Ring,NULL,NULL,Kit C,NULL,,,,ARF,MCL G401,,,NULL,NULL,NULL,NULL,NULL,,,MCL,MCL G401,,NULL,NULL,NULL,NULL,NULL,NULL,NULL,NULL,NULL,NULL,NULL
1495,HB4-57-22 (G401),Seal Ring,NULL,NULL,Kit C,NULL,,,,ARF,24RP0006N,,,NULL,NULL,NULL,NULL,NULL,,,MCL,MCL,MCL (JAN),NULL,NULL,NULL,NULL,NULL,NULL,NULL,NULL,NULL,NULL,NULL
1496,HB4-57-22(G401),Seal Ring,NULL,NULL,Kit C,NULL,,,,ARF,24RP0006N,,,NULL,NULL,NULL,NULL,NULL,,,MCL,MCL,,NULL,NULL,NULL,NULL,NULL,NULL,NULL,NULL,NULL,NULL,NULL
1497,HB4-57J1-124,Seal Ring,NULL,NULL,Kit C,NULL,,,,ARF,21RP0016L,,,NULL,NULL,NULL,NULL,NULL,,,MCL,MCL,,NULL,NULL,NULL,NULL,NULL,NULL,NULL,NULL,NULL,NULL,NULL
1498,HB4-57J3-162,Seal Ring,NULL,NULL,Kit C,NULL,,,,ARF,21RP0121L,,,NULL,NULL,NULL,NULL,NULL,,,MCL,MCL,,NULL,NULL,NULL,NULL,NULL,NULL,NULL,NULL,NULL,NULL,NULL
1499,HB4-57J6-125,Seal Ring,NULL,NULL,Kit C,NULL,,,,ARF,21RP0038L,,,NULL,NULL,NULL,NULL,NULL,,,MCL,MCL,,NULL,NULL,NULL,NULL,NULL,NULL,NULL,NULL,NULL,NULL,NULL
1500,HB4-57J6-27,Seal Ring,NULL,NULL,Kit C,NULL,,,,ARF,19RP0484L,,,NULL,NULL,NULL,NULL,NULL,,,MCL,MCL,,NULL,NULL,NULL,NULL,NULL,NULL,NULL,NULL,NULL,NULL,NULL
1501,HB4-57J6-30,Seal Ring,NULL,NULL,Kit C,NULL,,,,ARF,21RP0099L,,,NULL,NULL,NULL,NULL,NULL,,,MCL,MCL,,NULL,NULL,NULL,NULL,NULL,NULL,NULL,NULL,NULL,NULL,NULL
1502,HB4-57J6-37,Seal Ring,NULL,NULL,Kit C,NULL,,,,ARF,21RP0018L,,,NULL,NULL,NULL,NULL,NULL,,,MCL,MCL,,NULL,NULL,NULL,NULL,NULL,NULL,NULL,NULL,NULL,NULL,NULL
1503,HB4-57J6-41,Seal Ring,NULL,NULL,Kit C,NULL,,,,ARF,21RP0017L,,,NULL,NULL,NULL,NULL,NULL,,,MCL,MCL,,NULL,NULL,NULL,NULL,NULL,NULL,NULL,NULL,NULL,NULL,NULL
1504,HB4-57J6-47,Seal Ring,NULL,NULL,Kit C,NULL,,,,ARF,21RP0097L,,,NULL,NULL,NULL,NULL,NULL,,,MCL,MCL,,NULL,NULL,NULL,NULL,NULL,NULL,NULL,NULL,NULL,NULL,NULL
1505,HB4-57-J7-11,Seal Ring,NULL,NULL,Kit C,NULL,,,,ARF,21RP0081L,,,NULL,NULL,NULL,NULL,NULL,,,MCL,MCL,,NULL,NULL,NULL,NULL,NULL,NULL,NULL,NULL,NULL,NULL,NULL
1506,HB4-57J7-122,Seal Ring,NULL,NULL,Kit C,NULL,,,,ARF,21RP0377L,,,NULL,NULL,NULL,NULL,NULL,,,MCL,MCL,,NULL,NULL,NULL,NULL,NULL,NULL,NULL,NULL,NULL,NULL,NULL
1507,HB4-57J9-14,Seal Ring,NULL,NULL,Kit C,NULL,,,,ARF,23RP0096L,,,NULL,NULL,NULL,NULL,NULL,,,MCL,MCL,,NULL,NULL,NULL,NULL,NULL,NULL,NULL,NULL,NULL,NULL,NULL
1508,J7-4102-316,Seal Ring,NULL,NULL,Kit C,NULL,,,,ARF,97RP0038N,,,NULL,NULL,NULL,NULL,NULL,,,MCL,MCL,,NULL,NULL,NULL,NULL,NULL,NULL,NULL,NULL,NULL,NULL,NULL
1509,J7I-4102-205,Seal Ring,NULL,NULL,Kit C,NULL,,,,ARF,04RP0096N,,,NULL,NULL,NULL,NULL,NULL,,,MCL,MCL,,NULL,NULL,NULL,NULL,NULL,NULL,NULL,NULL,NULL,NULL,NULL
1510,J7I-4102-316,Seal Ring,NULL,NULL,Kit C,NULL,,,,ARF,97RP0038N,,,NULL,NULL,NULL,NULL,NULL,,,MCL,MCL,,NULL,NULL,NULL,NULL,NULL,NULL,NULL,NULL,NULL,NULL,NULL
1511,KJY-19-0002,Seal Ring,NULL,NULL,Kit C,NULL,,,,ARF,14RP0474L,,,NULL,NULL,NULL,NULL,NULL,,,MCL,MCL,,NULL,NULL,NULL,NULL,NULL,NULL,NULL,NULL,NULL,NULL,NULL
1512,KJY-19-0005,Seal Ring,NULL,NULL,Kit C,NULL,,,,ARF,TF,,,NULL,NULL,NULL,NULL,NULL,,,MCL,MCL (Cap Del),,NULL,NULL,NULL,NULL,NULL,NULL,NULL,NULL,NULL,NULL,NULL
1513,KJY-19-0012,Seal Ring,NULL,NULL,Kit C,NULL,,,,ARF,MCL AL,,,NULL,NULL,NULL,NULL,NULL,,,MCL,MCL,,NULL,NULL,NULL,NULL,NULL,NULL,NULL,NULL,NULL,NULL,NULL
1514,KJY-19-1002,Seal Ring,NULL,NULL,Kit C,NULL,,,,ARF,21RP0172L,,,NULL,NULL,NULL,NULL,NULL,,,MCL,MCL,,NULL,NULL,NULL,NULL,NULL,NULL,NULL,NULL,NULL,NULL,NULL
1515,KJY-19-2004,Seal Ring,NULL,NULL,Kit C,NULL,,,,ARF,19RP0413L,,,NULL,NULL,NULL,NULL,NULL,,,MCL,MCL,,NULL,NULL,NULL,NULL,NULL,NULL,NULL,NULL,NULL,NULL,NULL
1516,KJY-19-2005,Seal Ring,NULL,NULL,Kit C,NULL,,,,ARF,19RP0414L,,,NULL,NULL,NULL,NULL,NULL,,,MCL,MCL,,NULL,NULL,NULL,NULL,NULL,NULL,NULL,NULL,NULL,NULL,NULL
1517,LS115B-103,Seal Ring,NULL,NULL,Kit C,NULL,,,,ARF,21RP0245L,,,NULL,NULL,NULL,NULL,NULL,,,MCL,MCL,,NULL,NULL,NULL,NULL,NULL,NULL,NULL,NULL,NULL,NULL,NULL
1518,NZ35-11.3-2-5080,Seal Ring,NULL,NULL,Kit C,NULL,,,,ARF,21RP0088N,,,NULL,NULL,NULL,NULL,NULL,,,MCL,MCL,,NULL,NULL,NULL,NULL,NULL,NULL,NULL,NULL,NULL,NULL,NULL
1519,NZ35-19-2.5-5080,Seal Ring,NULL,NULL,Kit C,NULL,,,,ARF,21RP0094N,,,NULL,NULL,NULL,NULL,NULL,,,MCL,MCL,,NULL,NULL,NULL,NULL,NULL,NULL,NULL,NULL,NULL,NULL,NULL
1520,NZ35-20-2.5-5080,Seal Ring,NULL,NULL,Kit C,NULL,,,,ARF,21RP0333N,,,NULL,NULL,NULL,NULL,NULL,,,MCL,MCL,,NULL,NULL,NULL,NULL,NULL,NULL,NULL,NULL,NULL,NULL,NULL
1521,NZ35-28-3-5080,Seal Ring,NULL,NULL,Kit C,NULL,,,,ARF,21RP0592N,,,NULL,NULL,NULL,NULL,NULL,,,MCL,MCL,,NULL,NULL,NULL,NULL,NULL,NULL,NULL,NULL,NULL,NULL,NULL
1522,NZ35-29-3-5080,Seal Ring,NULL,NULL,Kit C,NULL,,,,ARF,21RP0334N,,,NULL,NULL,NULL,NULL,NULL,,,MCL,MCL,,NULL,NULL,NULL,NULL,NULL,NULL,NULL,NULL,NULL,NULL,NULL
1523,NZ35-3.7-1.5-5080,Seal Ring,NULL,NULL,Kit C,NULL,,,,ARF,21RP0174N,,,NULL,NULL,NULL,NULL,NULL,,,MCL,MCL,,NULL,NULL,NULL,NULL,NULL,NULL,NULL,NULL,NULL,NULL,NULL
1524,NZ35-30-2.5-5080,Seal Ring,NULL,NULL,Kit C,NULL,,,,ARF,21RP0098N,,,NULL,NULL,NULL,NULL,NULL,,,MCL,MCL,,NULL,NULL,NULL,NULL,NULL,NULL,NULL,NULL,NULL,NULL,NULL
1525,NZ35-31-3.6-5176S,Seal Ring,NULL,NULL,Kit C,NULL,,R&P,5176S,ARF,0,WLOGTF240220230012 ,81-JF-17-113,NULL,NULL,NULL,NULL,NULL,Amend dwg for alternate,,Part under TF,Part Under Trial Manufacturing,Die Mfg Ok. Finalize alternate material for disposal,NULL,NULL,NULL,NULL,NULL,NULL,NULL,NULL,NULL,NULL,NULL
1526,NZ35-7.4-2-5080,Seal Ring,NULL,NULL,Kit C,NULL,,,,ARF,21RP0092N,,,NULL,NULL,NULL,NULL,NULL,,,MCL,MCL,,NULL,NULL,NULL,NULL,NULL,NULL,NULL,NULL,NULL,NULL,NULL
1527,NZ35H-27-3-5080,Seal Ring,NULL,NULL,Kit C,NULL,,TMS,,ARF,0,New Kit C 732 items,81-F7-69,NULL,NULL,NULL,NULL,NULL,,,Die under TF,Die under Trial MFG,,NULL,NULL,NULL,NULL,NULL,NULL,NULL,NULL,NULL,NULL,NULL
1528,NZ35H-54-3-FS6265,Seal Ring,NULL,NULL,Kit C,NULL,,,,ARF,MCL AL,,,NULL,NULL,NULL,NULL,NULL,,,MCL,MCL,,NULL,NULL,NULL,NULL,NULL,NULL,NULL,NULL,NULL,NULL,NULL
1529,NZH-33.5-3-5080,Seal Ring,NULL,NULL,Kit C,NULL,,,,ARF,21RP0093N,,,NULL,NULL,NULL,NULL,NULL,,,MCL,MCL,,NULL,NULL,NULL,NULL,NULL,NULL,NULL,NULL,NULL,NULL,NULL
1530,Q/3A4-41J1-12,Seal Ring,NULL,NULL,Kit C,NULL,,,,ARF,14RP0090L,,,NULL,NULL,NULL,NULL,NULL,,,MCL,MCL,,NULL,NULL,NULL,NULL,NULL,NULL,NULL,NULL,NULL,NULL,NULL
1531,Q/3A4-41J1-17,Seal Ring,NULL,NULL,Kit C,NULL,,,,ARF,21RP0086L,,,NULL,NULL,NULL,NULL,NULL,,,MCL,MCL,,NULL,NULL,NULL,NULL,NULL,NULL,NULL,NULL,NULL,NULL,NULL
1532,Q/3A4-41J1-26,Seal Ring,NULL,NULL,Kit C,NULL,,R&P,,ARF,MCL AL,WLOGTF090220230002 ,81-JF-17-156,NULL,NULL,NULL,NULL,NULL,ALUMINUM DIE (FEB),,Under Trial Test,MCL (AL),AL die part. Mcl TO BE MARKED,NULL,NULL,NULL,NULL,NULL,NULL,NULL,NULL,NULL,NULL,NULL
1533,Q/3A4-41J1-6,Seal Ring,NULL,NULL,Kit C,NULL,,,,ARF,14RP0092L,,,NULL,NULL,NULL,NULL,NULL,,,MCL,MCL,,NULL,NULL,NULL,NULL,NULL,NULL,NULL,NULL,NULL,NULL,NULL
1534,Q/3A4-41J2-19,Seal Ring,NULL,NULL,Kit C,NULL,,,,ARF,21RP0381L,,,NULL,NULL,NULL,NULL,NULL,,,MCL,MCL,,NULL,NULL,NULL,NULL,NULL,NULL,NULL,NULL,NULL,NULL,NULL
1535,Q/3A4-42-48,Seal Ring,NULL,NULL,Kit C,NULL,,,,ARF,14PM0280L,,,NULL,NULL,NULL,NULL,NULL,,,MCL,MCL,,NULL,NULL,NULL,NULL,NULL,NULL,NULL,NULL,NULL,NULL,NULL
1536,Q/3A4-7J1-15.6,Seal Ring,NULL,NULL,Kit C,NULL,,,,ARF,00RP0162L,,,NULL,NULL,NULL,NULL,NULL,,,MCL,MCL,,NULL,NULL,NULL,NULL,NULL,NULL,NULL,NULL,NULL,NULL,NULL
1537,Q/3A4-7J1-33.6,Seal Ring,NULL,NULL,Kit C,NULL,,,,ARF,99RP0266N,,,NULL,NULL,NULL,NULL,NULL,,,MCL,MCL,,NULL,NULL,NULL,NULL,NULL,NULL,NULL,NULL,NULL,NULL,NULL
1538,Q/3A4-7J1-49.4,Seal Ring,NULL,NULL,Kit C,NULL,,,,ARF,99RP0268N,,,NULL,NULL,NULL,NULL,NULL,,,MCL,MCL,,NULL,NULL,NULL,NULL,NULL,NULL,NULL,NULL,NULL,NULL,NULL
1539,Q/3A4-7J1-51.4,Seal Ring,NULL,NULL,Kit C,NULL,,,,ARF,14RP0097L,,,NULL,NULL,NULL,NULL,NULL,,,MCL,MCL,,NULL,NULL,NULL,NULL,NULL,NULL,NULL,NULL,NULL,NULL,NULL
1540,Q/3A4-7J1-74,Seal Ring,NULL,NULL,Kit C,NULL,,,,ARF,14RP0098L,,,NULL,NULL,NULL,NULL,NULL,,,MCL,MCL,,NULL,NULL,NULL,NULL,NULL,NULL,NULL,NULL,NULL,NULL,NULL
1541,Q/3A4-93J1-1,Seal Ring,NULL,NULL,Kit C,NULL,,,,ARF,14RP0101L,,,NULL,NULL,NULL,NULL,NULL,,,MCL,MCL,,NULL,NULL,NULL,NULL,NULL,NULL,NULL,NULL,NULL,NULL,NULL
1542,Q/3A4-93J1-10,Seal Ring,NULL,NULL,Kit C,NULL,,,,ARF,14RP0102L,,,NULL,NULL,NULL,NULL,NULL,,,MCL,MCL,,NULL,NULL,NULL,NULL,NULL,NULL,NULL,NULL,NULL,NULL,NULL
1543,Q/3A4-94J1-3,Seal Ring,NULL,NULL,Kit C,NULL,,,,ARF,14RP0105L,,,NULL,NULL,NULL,NULL,NULL,,,MCL,MCL,,NULL,NULL,NULL,NULL,NULL,NULL,NULL,NULL,NULL,NULL,NULL
1544,Q/3D149-19X2.6A,Seal Ring,NULL,NULL,Kit C,NULL,,,,ARF,21RP0100N,,,NULL,NULL,NULL,NULL,NULL,,,MCL,MCL,,NULL,NULL,NULL,NULL,NULL,NULL,NULL,NULL,NULL,NULL,NULL
1545,Q/3D149-8.7X2.3-A-45,Seal Ring,NULL,NULL,Kit C,NULL,,,,ARF,99RP0251L,,,NULL,NULL,NULL,NULL,NULL,,,MCL,MCL,,NULL,NULL,NULL,NULL,NULL,NULL,NULL,NULL,NULL,NULL,NULL
1546,QMO-37-J11,Seal Ring,NULL,NULL,Kit C,NULL,,,,ARF,21RP0037N,,,NULL,NULL,NULL,NULL,NULL,,,MCL,MCL,,NULL,NULL,NULL,NULL,NULL,NULL,NULL,NULL,NULL,NULL,NULL
1547,QMO-4-J1S,Seal Ring,NULL,NULL,Kit C,NULL,,R&P,,ARF,MCL AL,New Kit C 732 items,81-JF17-155,NULL,NULL,NULL,NULL,NULL,ALUMINUM DIE (15 FEB),,MCL,MCL (FEB),,NULL,NULL,NULL,NULL,NULL,NULL,NULL,NULL,NULL,NULL,NULL
1548,QMO-80-J11,Seal Ring,NULL,NULL,Kit C,NULL,,R&P,,ARF,MCL AL,New Kit C 732 items,81-JF-17-148,NULL,NULL,NULL,NULL,NULL,,,MCL,MCL,,NULL,NULL,NULL,NULL,NULL,NULL,NULL,NULL,NULL,NULL,NULL
1549,RDF14-007,Seal Ring,NULL,NULL,Kit C,NULL,,,,ARF,20RP0108L,,,NULL,NULL,NULL,NULL,NULL,,,MCL,MCL,,NULL,NULL,NULL,NULL,NULL,NULL,NULL,NULL,NULL,NULL,NULL
1550,RDF14-008,Seal Ring,NULL,NULL,Kit C,NULL,,,,ARF,19RP0289N,,,NULL,NULL,NULL,NULL,NULL,,,MCL,MCL,,NULL,NULL,NULL,NULL,NULL,NULL,NULL,NULL,NULL,NULL,NULL
1551,RDF14-010,Seal Ring,NULL,NULL,Kit C,NULL,,,,ARF,19RP0290L,,,NULL,NULL,NULL,NULL,NULL,,,MCL,MCL,,NULL,NULL,NULL,NULL,NULL,NULL,NULL,NULL,NULL,NULL,NULL
1552,RDF16-009,Seal Ring,NULL,NULL,Kit C,NULL,,,,ARF,14RP0469L,,,NULL,NULL,NULL,NULL,NULL,,,MCL,MCL,,NULL,NULL,NULL,NULL,NULL,NULL,NULL,NULL,NULL,NULL,NULL
1553,RDF16-104,Seal Ring,NULL,NULL,Kit C,NULL,,,,ARF,19RP0309L,,,NULL,NULL,NULL,NULL,NULL,,,MCL,MCL,,NULL,NULL,NULL,NULL,NULL,NULL,NULL,NULL,NULL,NULL,NULL
1554,RLB31-103,Seal Ring,NULL,NULL,Kit C,NULL,,,,ARF,0,,,NULL,NULL,NULL,NULL,NULL,,,MCL,MCL (RLB31A-103),,NULL,NULL,NULL,NULL,NULL,NULL,NULL,NULL,NULL,NULL,NULL
1555,RLB31A-103,Seal Ring,NULL,NULL,Kit C,NULL,,,,ARF,22RP0488N,,,NULL,NULL,NULL,NULL,NULL,,,MCL,MCL,,NULL,NULL,NULL,NULL,NULL,NULL,NULL,NULL,NULL,NULL,NULL
1556,RLB31A-105,Seal Ring,NULL,NULL,Kit C,NULL,,,,ARF,21RP0331L,,,NULL,NULL,NULL,NULL,NULL,,,MCL,MCL,,NULL,NULL,NULL,NULL,NULL,NULL,NULL,NULL,NULL,NULL,NULL
1557,YL34-003,Seal Ring,NULL,NULL,Kit C,NULL,,,,ARF,14RP0472L,,,NULL,NULL,NULL,NULL,NULL,,,MCL,MCL,,NULL,NULL,NULL,NULL,NULL,NULL,NULL,NULL,NULL,NULL,NULL
1558,YXF40-104,Seal Ring,NULL,NULL,Kit C,NULL,,,,ARF,21RP0378N,,,NULL,NULL,NULL,NULL,NULL,,,MCL,MCL,,NULL,NULL,NULL,NULL,NULL,NULL,NULL,NULL,NULL,NULL,NULL
1559,YXF41-106,Seal Ring,NULL,NULL,Kit C,NULL,,,,ARF,20RP0057N,,,NULL,NULL,NULL,NULL,NULL,,,MCL,MCL,,NULL,NULL,NULL,NULL,NULL,NULL,NULL,NULL,NULL,NULL,NULL
1560,YXF41-108,Seal Ring,NULL,NULL,Kit C,NULL,,,,ARF,20RP0056N,,,NULL,NULL,NULL,NULL,NULL,,,MCL,MCL,,NULL,NULL,NULL,NULL,NULL,NULL,NULL,NULL,NULL,NULL,NULL
1561,YYL14-00001,Seal Ring,NULL,NULL,Kit C,NULL,,,,ARF,21RP0090N,,,NULL,NULL,NULL,NULL,NULL,,,MCL,MCL,,NULL,NULL,NULL,NULL,NULL,NULL,NULL,NULL,NULL,NULL,NULL
1562,YYL28-1005,Seal Ring,NULL,NULL,Kit C,NULL,,,,ARF,21RP0007N,,,NULL,NULL,NULL,NULL,NULL,,,MCL,MCL,,NULL,NULL,NULL,NULL,NULL,NULL,NULL,NULL,NULL,NULL,NULL
1563,YYL37-1002,Seal Ring,NULL,NULL,Kit C,NULL,,,,ARF,21RP0507N,,,NULL,NULL,NULL,NULL,NULL,,,MCL,MCL,,NULL,NULL,NULL,NULL,NULL,NULL,NULL,NULL,NULL,NULL,NULL
1564,YZL27/Q-0014,Seal Ring,NULL,NULL,Kit C,NULL,,,,ARF,0,,,NULL,NULL,NULL,NULL,NULL,,,MCL,MCL (Del-Part Case inprogress),,NULL,NULL,NULL,NULL,NULL,NULL,NULL,NULL,NULL,NULL,NULL
1565,16D105-101-4-G,Seal Ring,NULL,NULL,Kit C,NULL,,TMS,,ARF,0,New Kit C 732 items,81-JF-17-209,NULL,NULL,NULL,NULL,NULL,,,Under Trial Test,MCL (EXPECTED),6 VENDOR DIES,NULL,NULL,NULL,NULL,NULL,NULL,NULL,NULL,NULL,NULL,NULL
1566,16D105-15.1-3-B,Seal Ring,NULL,NULL,Kit C,NULL,,TMS,,ARF,0,New Kit C 732 items,81-JF-17-217,NULL,NULL,NULL,NULL,NULL,,,Die under TF,Die Under Trial MFG,,NULL,NULL,NULL,NULL,NULL,NULL,NULL,NULL,NULL,NULL,NULL
1567,16D105-17.5-2.5-B,Seal Ring,NULL,NULL,Kit C,NULL,,TMS,,ARF,0,New Kit C 732 items,81-JF-17-234,NULL,NULL,NULL,NULL,NULL,,,Die under TF,Die Under Trial MFG,,NULL,NULL,NULL,NULL,NULL,NULL,NULL,NULL,NULL,NULL,NULL
1568,16D105-21.3-2.5-X,Seal Ring,NULL,NULL,Kit C,NULL,,TMS,,ARF,0,New Kit C 732 items,81-JF-17-223,NULL,NULL,NULL,NULL,NULL,,,Die under TF,Die Under Trial MFG,,NULL,NULL,NULL,NULL,NULL,NULL,NULL,NULL,NULL,NULL,NULL
1569,16D105-22.7-2.5-B,Seal Ring,NULL,NULL,Kit C,NULL,,TMS,,ARF,0,New Kit C 732 items,81-JF-17-213,NULL,NULL,NULL,NULL,NULL,,,Die under TF,Die Under Trial MFG,,NULL,NULL,NULL,NULL,NULL,NULL,NULL,NULL,NULL,NULL,NULL
1570,16D105-23.2-3.25-X,Seal Ring,NULL,NULL,Kit C,NULL,,,,ARF,MCL AL,,,NULL,NULL,NULL,NULL,NULL,,,MCL,MCL,,NULL,NULL,NULL,NULL,NULL,NULL,NULL,NULL,NULL,NULL,NULL
1571,16D105-25.5-2.5-B,Seal Ring,NULL,NULL,Kit C,NULL,,TMS,,ARF,0,New Kit C 732 items,81-JF-17-212,NULL,NULL,NULL,NULL,NULL,,,Die under TF,Die Under Trial MFG,,NULL,NULL,NULL,NULL,NULL,NULL,NULL,NULL,NULL,NULL,NULL
1572,16D105-31-3-B,Seal Ring,NULL,NULL,Kit C,NULL,,TMS,,ARF,0,New Kit C 732 items,81-JF-17-206,NULL,NULL,NULL,NULL,NULL,,,MCL,MCL (JAN),MCL (30 JAN),NULL,NULL,NULL,NULL,NULL,NULL,NULL,NULL,NULL,NULL,NULL
1573,16D105-31-3-G,Seal Ring,NULL,NULL,Kit C,NULL,,TMS,,ARF,0,New Kit C 732 items,81-JF-17-206,NULL,NULL,NULL,NULL,NULL,MCL can be marked,,Under Trial Test,MCL (EXPECTED),MCL (EXPECTED) P214,NULL,NULL,NULL,NULL,NULL,NULL,NULL,NULL,NULL,NULL,NULL
1574,16D105-35-3.6-B,Seal Ring,NULL,NULL,Kit C,NULL,,TMS,,ARF,0,New Kit C 732 items,81-JF-17-218,NULL,NULL,NULL,NULL,NULL,,,Die under TF,Die Under Trial MFG,,NULL,NULL,NULL,NULL,NULL,NULL,NULL,NULL,NULL,NULL,NULL
1575,16D105-37.5-3.5-B,Seal Ring,NULL,NULL,Kit C,NULL,,TMS,,ARF,0,New Kit C 732 items,81-JF-17-219,NULL,NULL,NULL,NULL,NULL,,,Die under TF,Die Under Trial MFG,,NULL,NULL,NULL,NULL,NULL,NULL,NULL,NULL,NULL,NULL,NULL
1576,16D105-38.5-3-B,Seal Ring,NULL,NULL,Kit C,NULL,,TMS,,ARF,0,New Kit C 732 items,81-JF-17-216,NULL,NULL,NULL,NULL,NULL,,,Die under TF,Die Under Trial MFG,,NULL,NULL,NULL,NULL,NULL,NULL,NULL,NULL,NULL,NULL,NULL
1577,16D105-47-3.5-B,Seal Ring,NULL,NULL,Kit C,NULL,,TMS,,ARF,0,New Kit C 732 items,81-JF-17-207,NULL,NULL,NULL,NULL,NULL,Check status,,Under Trial Test,MCL (EXPECTED),6 VENDOR DIES,NULL,NULL,NULL,NULL,NULL,NULL,NULL,NULL,NULL,NULL,NULL
1578,16D105-52.3-5.5-B,Seal Ring,NULL,NULL,Kit C,NULL,,TMS,,ARF,0,New Kit C 732 items,81-JF-17-202,NULL,NULL,NULL,NULL,NULL,Check status,,Under Trial Test,MCL (EXPECTED),6 VENDOR DIES,NULL,NULL,NULL,NULL,NULL,NULL,NULL,NULL,NULL,NULL,NULL
1579,16D105-65.9-3.5-B,Seal Ring,NULL,NULL,Kit C,NULL,,TMS,,ARF,0,New Kit C 732 items,81-JF-17-225,NULL,NULL,NULL,NULL,NULL,,,Die under TF,Die Under Trial MFG,,NULL,NULL,NULL,NULL,NULL,NULL,NULL,NULL,NULL,NULL,NULL
1580,16D105-7.7-1.9-B,Seal Ring,NULL,NULL,Kit C,NULL,,TMS,,ARF,0,New Kit C 732 items,81-JF-17-232,NULL,NULL,NULL,NULL,NULL,,,Die under TF,Die Under Trial MFG,,NULL,NULL,NULL,NULL,NULL,NULL,NULL,NULL,NULL,NULL,NULL
1581,16D105-70.5-3.5-B,Seal Ring,NULL,NULL,Kit C,NULL,,TMS,,ARF,0,New Kit C 732 items,81-JF-17-201,NULL,NULL,NULL,NULL,NULL,Check status,,Under Trial Test,MCL (EXPECTED),6 VENDOR DIES,NULL,NULL,NULL,NULL,NULL,NULL,NULL,NULL,NULL,NULL,NULL
1582,16D105-87-4.1-G,Seal Ring,NULL,NULL,Kit C,NULL,,TMS,,ARF,0,New Kit C 732 items,81-JF-17-208,NULL,NULL,NULL,NULL,NULL,Check status,,Under Trial Test,MCL (EXPECTED),6 VENDOR DIES,NULL,NULL,NULL,NULL,NULL,NULL,NULL,NULL,NULL,NULL,NULL
1583,16D105-9.3-3.6-X,Seal Ring,NULL,NULL,Kit C,NULL,,TMS,,ARF,0,New Kit C 732 items,81-JF-17-275,NULL,NULL,NULL,NULL,NULL,,,Die under TF,Die Under Trial MFG,,NULL,NULL,NULL,NULL,NULL,NULL,NULL,NULL,NULL,NULL,NULL
1584,3S12.2x2-J7,Seal Ring,NULL,NULL,Kit C,NULL,,TMS,,ARF,0,New Kit C 732 items,81-JF-17-289,NULL,NULL,NULL,NULL,NULL,,,Die under TF,Die Under Trial MFG,,NULL,NULL,NULL,NULL,NULL,NULL,NULL,NULL,NULL,NULL,NULL
1585,3S6.6X1.5-J7,Seal Ring,NULL,NULL,Kit C,NULL,,,,ARF,23RP0451N,,,NULL,NULL,NULL,NULL,NULL,,,MCL,MCL,,NULL,NULL,NULL,NULL,NULL,NULL,NULL,NULL,NULL,NULL,NULL
1586,3S60X2-J7,Seal Ring,NULL,NULL,Kit C,NULL,,TMS,,ARF,0,New Kit C 732 items,81-JF-17-220,NULL,NULL,NULL,NULL,NULL,,,Die under TF,Die Under Trial MFG,,NULL,NULL,NULL,NULL,NULL,NULL,NULL,NULL,NULL,NULL,NULL
1587,3S7.5X1.5-J7,Seal Ring,NULL,NULL,Kit C,NULL,,TMS,,ARF,0,New Kit C 732 items,81-JF-17-237,NULL,NULL,NULL,NULL,NULL,,,Die under TF,Die Under Trial MFG,,NULL,NULL,NULL,NULL,NULL,NULL,NULL,NULL,NULL,NULL,NULL
1588,3S85.5X3-J7,Seal Ring,NULL,NULL,Kit C,NULL,,TMS,,ARF,0,New Kit C 732 items,81-JF-17-229,NULL,NULL,NULL,NULL,NULL,,,Die under TF,Die Under Trial MFG,,NULL,NULL,NULL,NULL,NULL,NULL,NULL,NULL,NULL,NULL,NULL
1589,Q/11D-02-6-(5080-1),Seal Ring,NULL,NULL,Kit C,NULL,,TMS,,ARF,0,New Kit C 732 items,81-JF-17-59,NULL,NULL,NULL,NULL,NULL,,,Die under TF,Die Under Trial MFG,,NULL,NULL,NULL,NULL,NULL,NULL,NULL,NULL,NULL,NULL,NULL
1590,A21-12X2J0,Seal Ring ,NULL,NULL,Kit C,NULL,,,,ARF,20RP0101L,,,NULL,NULL,NULL,NULL,NULL,,,MCL,MCL,,NULL,NULL,NULL,NULL,NULL,NULL,NULL,NULL,NULL,NULL,NULL
1591,A21-4.4X1.8J1H,Seal Ring ,NULL,NULL,Kit C,NULL,,,,ARF,20RP0098L,,,NULL,NULL,NULL,NULL,NULL,,,MCL,MCL,,NULL,NULL,NULL,NULL,NULL,NULL,NULL,NULL,NULL,NULL,NULL
1592,Q/11D-03-13.6,Seal Rubber Ring,NULL,NULL,Kit C,NULL,,,,ARF,20RP0187N,,,NULL,NULL,NULL,NULL,NULL,,,MCL,MCL,,NULL,NULL,NULL,NULL,NULL,NULL,NULL,NULL,NULL,NULL,NULL
1593,QDF42-0018,Seal Washer,NULL,NULL,Kit C,NULL,,,,ARF,21PM0749N,,,NULL,NULL,NULL,NULL,NULL,,,MCL,MCL,,NULL,NULL,NULL,NULL,NULL,NULL,NULL,NULL,NULL,NULL,NULL
1594,Q/3A4-94J1-1,Sealing Ring,NULL,NULL,Kit C,NULL,,,,ARF,14RP0103L,,,NULL,NULL,NULL,NULL,NULL,,,MCL,MCL,,NULL,NULL,NULL,NULL,NULL,NULL,NULL,NULL,NULL,NULL,NULL
1595,TO-13-J7,Sealing Ring,NULL,NULL,Kit C,NULL,,,,ARF,14RP0517L,,,NULL,NULL,NULL,NULL,NULL,,,MCL,MCL,,NULL,NULL,NULL,NULL,NULL,NULL,NULL,NULL,NULL,NULL,NULL
1596,YYL28-1100,Self Sealing Seat,NULL,NULL,Kit C,NULL,,R&P,,ARF,0,WLOGTF231020200014 ,,NULL,NULL,NULL,NULL,NULL,,,Under Trial Test,Under Trial Test,PART UNDER TRIAL TO PART UNDER TRIAL MFG 12 MARCH,NULL,NULL,NULL,NULL,NULL,NULL,NULL,NULL,NULL,NULL,NULL
1597,YYL28-1200,Self Sealing Valve,NULL,NULL,Kit C,NULL,,,,ARF,22PM0115N,,,NULL,NULL,NULL,NULL,NULL,,,MCL,MCL,,NULL,NULL,NULL,NULL,NULL,NULL,NULL,NULL,NULL,NULL,NULL
1598,QDK29-126,Shim,NULL,NULL,Kit C,NULL,,,,ARF,22PM0542N,,,NULL,NULL,NULL,NULL,NULL,,,MCL,MCL,,NULL,NULL,NULL,NULL,NULL,NULL,NULL,NULL,NULL,NULL,NULL
1599,2HB2-66,Sleeve,NULL,NULL,Kit C,NULL,,,,ARF,86MS0006L,,,NULL,NULL,NULL,NULL,NULL,,,MCL,MCL,,NULL,NULL,NULL,NULL,NULL,NULL,NULL,NULL,NULL,NULL,NULL
1600,M3x5GB71-45,Slotted Locking Screws,NULL,NULL,Kit C,NULL,,,,ARF,88MS0095L,,,NULL,NULL,NULL,NULL,NULL,,,MCL,MCL,,NULL,NULL,NULL,NULL,NULL,NULL,NULL,NULL,NULL,NULL,NULL
1601,J7-4102-196,Special Washer,NULL,NULL,Kit C,NULL,,,,ARF,21PM0596N,,,NULL,NULL,NULL,NULL,NULL,,,MCL,MCL,,NULL,NULL,NULL,NULL,NULL,NULL,NULL,NULL,NULL,NULL,NULL
1602,1.5X25GB91-76,Split Pin,NULL,NULL,Kit C,NULL,,,,ARF,15MS0201L,,,NULL,NULL,NULL,NULL,NULL,,,MCL,MCL,,NULL,NULL,NULL,NULL,NULL,NULL,NULL,NULL,NULL,NULL,NULL
1603,GB91-1.6X20,Split Pin,NULL,NULL,Kit C,NULL,,,,ARF,18MS0075L,,,NULL,NULL,NULL,NULL,NULL,,,MCL,MCL,,NULL,NULL,NULL,NULL,NULL,NULL,NULL,NULL,NULL,NULL,NULL
1604,GB91-2.5X25(1Cr18Ni9Ti),Split Pin,NULL,NULL,Kit C,NULL,,,,ARF,19MS0477L,,,NULL,NULL,NULL,NULL,NULL,,,MCL,MCL,,NULL,NULL,NULL,NULL,NULL,NULL,NULL,NULL,NULL,NULL,NULL
1605,GB91-2.5X30,Split Pin,NULL,NULL,Kit C,NULL,,,,ARF,15MS0192L,,,NULL,NULL,NULL,NULL,NULL,,,MCL,MCL,,NULL,NULL,NULL,NULL,NULL,NULL,NULL,NULL,NULL,NULL,NULL
1606,GB91-3X40,Split Pin,NULL,NULL,Kit C,NULL,,,,ARF,15MS0191L,,,NULL,NULL,NULL,NULL,NULL,,,MCL,MCL,,NULL,NULL,NULL,NULL,NULL,NULL,NULL,NULL,NULL,NULL,NULL
1607,CXF13-104,Spring,NULL,NULL,Kit C,NULL,,,,ARF,20SP0308N,,,NULL,NULL,NULL,NULL,NULL,,,MCL,MCL,,NULL,NULL,NULL,NULL,NULL,NULL,NULL,NULL,NULL,NULL,NULL
1608,CXF8-102,Spring,NULL,NULL,Kit C,NULL,,SP,,ARF,23SP0401N,WLOGTF041220200001 ,,NULL,NULL,NULL,NULL,NULL,,,MCL,MCL(NOV),,NULL,NULL,NULL,NULL,NULL,NULL,NULL,NULL,NULL,NULL,NULL
1609,CXF9-102,Spring,NULL,NULL,Kit C,NULL,,,,ARF,20SP0012N,,,NULL,NULL,NULL,NULL,NULL,,,MCL,MCL,,NULL,NULL,NULL,NULL,NULL,NULL,NULL,NULL,NULL,NULL,NULL
1610,HB2-67-100,Steel Cable,NULL,NULL,Kit C,NULL,,,,ARF,10AC0303L,,,NULL,NULL,NULL,NULL,NULL,,,MCL,MCL,,NULL,NULL,NULL,NULL,NULL,NULL,NULL,NULL,NULL,NULL,NULL
1611,DD-FC1-55177-9303,Stop Ring,NULL,NULL,Kit C,NULL,,,,ARF,21RP0465N,,,NULL,NULL,NULL,NULL,NULL,,,MCL,MCL,,NULL,NULL,NULL,NULL,NULL,NULL,NULL,NULL,NULL,NULL,NULL
1612,DD-FC1-42014-4,Stop Screw,NULL,NULL,Kit C,NULL,,,,ARF,TF,,,NULL,NULL,NULL,NULL,NULL,,,MCL,MCL (Cap Del),,NULL,NULL,NULL,NULL,NULL,NULL,NULL,NULL,NULL,NULL,NULL
1613,DD-FC1-42014-5,Stop Screw,NULL,NULL,Kit C,NULL,,,,ARF,22MS0446N,,,NULL,NULL,NULL,NULL,NULL,,,MCL,MCL,,NULL,NULL,NULL,NULL,NULL,NULL,NULL,NULL,NULL,NULL,NULL
1614,YY4-05,Stop Washer,NULL,NULL,Kit C,NULL,,PMC,45#0.5MMSTEELSHEET ,ARF,0,WLOGTF230420180013 ,,NULL,NULL,NULL,NULL,NULL,Awt Mat & Missing Form-017,,Part under TF,Part Under Trial Manufacturing,IPSGPM150820230322 45#0.5MMSTEELSHEET ,NULL,NULL,NULL,NULL,NULL,NULL,NULL,NULL,NULL,NULL,NULL
1615,11165,Valve,NULL,NULL,Kit C,NULL,,,,ARF,88MS0068L,,,NULL,NULL,NULL,NULL,NULL,,,MCL,MCL,,NULL,NULL,NULL,NULL,NULL,NULL,NULL,NULL,NULL,NULL,NULL
1616,GJB60-85/10,Valve,NULL,NULL,Kit C,NULL,,PMC,LY12CZ-90MM,ARF,0,WLOGTF160520220308 ,,NULL,NULL,NULL,NULL,NULL,Awt Mat,,Part under TF,Part Under Trial Manufacturing,check why pending till now. IPSGPM251020220540 LY12CZ-90MM(FV)ALUMINIUMROD,NULL,NULL,NULL,NULL,NULL,NULL,NULL,NULL,NULL,NULL,NULL
1617,KJY-19-3000,Valve,NULL,NULL,Kit C,NULL,,,,ARF,0,,,NULL,NULL,NULL,NULL,NULL,,,MCL,RCL,,NULL,NULL,NULL,NULL,NULL,NULL,NULL,NULL,NULL,NULL,NULL
1618,QDF10-014,Valve,NULL,NULL,Kit C,NULL,,PMC,5160,ARF,0,WLOGTF171220210010 ,,NULL,NULL,NULL,NULL,NULL,Awt Mat & Missing Form-017,,Part under TF,Part Under Trial Manufacturing,Awt mat. Die mfg ok (5160 Mat). Find alterante material. R&P AWT MAT IPSGRP110820220251 (MAT 5160),NULL,NULL,NULL,NULL,NULL,NULL,NULL,NULL,NULL,NULL,NULL
1619,QJY5-1000,Valve,NULL,NULL,Kit C,NULL,,,,ARF,0,,,NULL,NULL,NULL,NULL,NULL,,,MCL,RCL,,NULL,NULL,NULL,NULL,NULL,NULL,NULL,NULL,NULL,NULL,NULL
1620,QXF11A-100,Valve,NULL,NULL,Kit C,NULL,,MS,,ARF,0,WLOGTF190520220219 ,,NULL,NULL,NULL,NULL,NULL,Critical part under review at CRG vide letter by FAI,,Under Trial Test,Under Trial Test,under trial to mcl,NULL,NULL,NULL,NULL,NULL,NULL,NULL,NULL,NULL,NULL,NULL
1621,QXF-12A-100,Valve,NULL,NULL,Kit C,NULL,,,,ARF,20MS0171N,,,NULL,NULL,NULL,NULL,NULL,,,MCL,MCL,,NULL,NULL,NULL,NULL,NULL,NULL,NULL,NULL,NULL,NULL,NULL
1622,T8A.06.00,Valve ,NULL,NULL,Kit C,NULL,,PMC,,ARF,0,WLOGTF060420180022 ,,NULL,NULL,NULL,NULL,NULL,,,Under Trial Test,Under Trial Test (may),,NULL,NULL,NULL,NULL,NULL,NULL,NULL,NULL,NULL,NULL,NULL
1623,QJK1-2000,Valve Assembly,NULL,NULL,Kit C,NULL,,PMC,,ARF,24PM0069N,WLOGTF110320210394 ,81-JF-17-139,NULL,NULL,NULL,NULL,NULL,,,MCL,MCL (MAR),Under Trial Test to awating f-22. SAT (MAR),NULL,NULL,NULL,NULL,NULL,NULL,NULL,NULL,NULL,NULL,NULL
1624,8C73-12x9x1,Washer,NULL,NULL,Kit C,NULL,,,,ARF,21SM0125N,,,NULL,NULL,NULL,NULL,NULL,,,MCL,MCL,,NULL,NULL,NULL,NULL,NULL,NULL,NULL,NULL,NULL,NULL,NULL
1625,BYQ250-2-00-01,Washer,NULL,NULL,Kit C,NULL,,,,ARF,00RP0333L,,,NULL,NULL,NULL,NULL,NULL,,,MCL,MCL,,NULL,NULL,NULL,NULL,NULL,NULL,NULL,NULL,NULL,NULL,NULL
1626,CYT11-135,Washer,NULL,NULL,Kit C,NULL,,,,ARF,22RP0056N,,,NULL,NULL,NULL,NULL,NULL,,,MCL,MCL,,NULL,NULL,NULL,NULL,NULL,NULL,NULL,NULL,NULL,NULL,NULL
1627,DD-FC1-42014-3,Washer,NULL,NULL,Kit C,NULL,,,,ARF,21SM0684L,,,NULL,NULL,NULL,NULL,NULL,,,MCL,MCL,,NULL,NULL,NULL,NULL,NULL,NULL,NULL,NULL,NULL,NULL,NULL
1628,DD-FC1-55167-5201,Washer,NULL,NULL,Kit C,NULL,,,,ARF,22SM0312L,,,NULL,NULL,NULL,NULL,NULL,,,MCL,MCL,,NULL,NULL,NULL,NULL,NULL,NULL,NULL,NULL,NULL,NULL,NULL
1629,DD-FC1-55197-3201,Washer,NULL,NULL,Kit C,NULL,,,,ARF,21PM0696L,,,NULL,NULL,NULL,NULL,NULL,,,MCL,MCL,,NULL,NULL,NULL,NULL,NULL,NULL,NULL,NULL,NULL,NULL,NULL
1630,DD-FC1-55197-3202,Washer,NULL,NULL,Kit C,NULL,,,,ARF,22PM0490L,,,NULL,NULL,NULL,NULL,NULL,,,MCL,MCL,,NULL,NULL,NULL,NULL,NULL,NULL,NULL,NULL,NULL,NULL,NULL
1631,HB1-521GD-4X8X0.8,Washer,NULL,NULL,Kit C,NULL,,,,ARF,99SM0267N,,,NULL,NULL,NULL,NULL,NULL,,,MCL,MCL,,NULL,NULL,NULL,NULL,NULL,NULL,NULL,NULL,NULL,NULL,NULL
1632,J7I-4102-196,Washer,NULL,NULL,Kit C,NULL,,,,ARF,21PM0596N,,,NULL,NULL,NULL,NULL,NULL,,,MCL,MCL,,NULL,NULL,NULL,NULL,NULL,NULL,NULL,NULL,NULL,NULL,NULL
1633,QDF10-105,Washer,NULL,NULL,Kit C,NULL,,,,ARF,00SM1392N,,,NULL,NULL,NULL,NULL,NULL,,,MCL,MCL,,NULL,NULL,NULL,NULL,NULL,NULL,NULL,NULL,NULL,NULL,NULL
1634,QDF10-110,Washer,NULL,NULL,Kit C,NULL,,,,ARF,00SM1393N,,,NULL,NULL,NULL,NULL,NULL,,,MCL,MCL,,NULL,NULL,NULL,NULL,NULL,NULL,NULL,NULL,NULL,NULL,NULL
1635,YJ1-114,Washer,NULL,NULL,Kit C,NULL,,,,ARF,20MS0162N,,,NULL,NULL,NULL,NULL,NULL,,,MCL,MCL,,NULL,NULL,NULL,NULL,NULL,NULL,NULL,NULL,NULL,NULL,NULL
1636,YXF10-002,Washer,NULL,NULL,Kit C,NULL,,,,ARF,20SM0250N,,,NULL,NULL,NULL,NULL,NULL,,,MCL,MCL,,NULL,NULL,NULL,NULL,NULL,NULL,NULL,NULL,NULL,NULL,NULL
1637,YXF11-002,Washer,NULL,NULL,Kit C,NULL,,,,ARF,96SM0042N,,,NULL,NULL,NULL,NULL,NULL,,,MCL,MCL,,NULL,NULL,NULL,NULL,NULL,NULL,NULL,NULL,NULL,NULL,NULL
1638,16D106-12-8.8,Protect Ring,NULL,NULL,Kit C,NULL,,,,ARF,0,,,NULL,NULL,NULL,NULL,NULL,,,MCL,MCL (Cap Del),,NULL,NULL,NULL,NULL,NULL,NULL,NULL,NULL,NULL,NULL,NULL
1639,HB1-521GD10X14X0.5,Spacer,NULL,NULL,Kit C,NULL,,,,ARF,17SM0084L,,,NULL,NULL,NULL,NULL,NULL,,,MCL,MCL,,NULL,NULL,NULL,NULL,NULL,NULL,NULL,NULL,NULL,NULL,NULL
1640,YXF78-00-06,Seal Ring,NULL,NULL,Kit C,NULL,,R&P,,ARF,TF,,,NULL,NULL,NULL,NULL,NULL,,,MCL,MCL (Component not open),,NULL,NULL,NULL,NULL,NULL,NULL,NULL,NULL,NULL,NULL,NULL
1641,GB859-4CdD,Elastic Washer,NULL,NULL,Kit C,NULL,,,,ARF,0,New Kit C 732 items,,NULL,NULL,NULL,NULL,NULL,,,Outsourced,Sourcing Completed,,NULL,NULL,NULL,NULL,NULL,NULL,NULL,NULL,NULL,NULL,NULL
1642,HB1-521LB4X8X0.5,Washer,NULL,NULL,Kit C,NULL,,,,ARF,00SM1465L,,,NULL,NULL,NULL,NULL,NULL,,,MCL,MCL,,NULL,NULL,NULL,NULL,NULL,NULL,NULL,NULL,NULL,NULL,NULL
1643,HB1-521GD10X16X1,Plain Washer,NULL,NULL,Kit C,NULL,,,,ARF,83SM0038L,,,NULL,NULL,NULL,NULL,NULL,,,MCL,MCL,,NULL,NULL,NULL,NULL,NULL,NULL,NULL,NULL,NULL,NULL,NULL
1644,HB6275M3,Nut,NULL,NULL,Kit C,NULL,,,,ARF,23MS0128L,,,NULL,NULL,NULL,NULL,NULL,,,MCL,MCL,,NULL,NULL,NULL,NULL,NULL,NULL,NULL,NULL,NULL,NULL,NULL
1645,HB6275M4,Nut,NULL,NULL,Kit C,NULL,,,,ARF,87MS0145L,,,NULL,NULL,NULL,NULL,NULL,,,MCL,MCL,,NULL,NULL,NULL,NULL,NULL,NULL,NULL,NULL,NULL,NULL,NULL
1646,4X1X1GB1018H62M,Gasket,NULL,NULL,Kit C,NULL,,,,ARF,0,New Kit C 732 items,,NULL,NULL,NULL,NULL,NULL,LM sent to Electric shop,,Under Indigenization,Under Indigenization,Dimension variation,NULL,NULL,NULL,NULL,NULL,NULL,NULL,NULL,NULL,NULL,NULL
1647,5GB859,Spring Washer,NULL,NULL,Kit C,NULL,,,,ARF,0,New Kit C 732 items,,NULL,NULL,NULL,NULL,NULL,,,Outsourced,Sourcing Completed,,NULL,NULL,NULL,NULL,NULL,NULL,NULL,NULL,NULL,NULL,NULL
1648,5X3X1GB1018H62M,Gasket,NULL,NULL,Kit C,NULL,,,,ARF,0,New Kit C 732 items,,NULL,NULL,NULL,NULL,NULL,LM sent to Electric shop,,Under Indigenization,Under Indigenization,Dimension variation,NULL,NULL,NULL,NULL,NULL,NULL,NULL,NULL,NULL,NULL,NULL
1649,6GB859,Spring Washer,NULL,NULL,Kit C,NULL,,,,ARF,0,New Kit C 732 items,,NULL,NULL,NULL,NULL,NULL,,,Outsourced,Sourcing Completed,,NULL,NULL,NULL,NULL,NULL,NULL,NULL,NULL,NULL,NULL,NULL
1650,8GB859,Stop Washer,NULL,NULL,Kit C,NULL,,,,ARF,0,New Kit C 732 items,,NULL,NULL,NULL,NULL,NULL,,,Outsourced,Sourcing Completed,,NULL,NULL,NULL,NULL,NULL,NULL,NULL,NULL,NULL,NULL,NULL
1651,8X4X1GB1018H62M,Gasket,NULL,NULL,Kit C,NULL,,,,ARF,0,New Kit C 732 items,,NULL,NULL,NULL,NULL,NULL,LM sent to Electric shop,,Under Indigenization,Under Indigenization,Dimension variation,NULL,NULL,NULL,NULL,NULL,NULL,NULL,NULL,NULL,NULL,NULL
1652,GB1993.2.5,Spring Washer ,NULL,NULL,Kit C,NULL,,,,ARF,0,New Kit C 732 items,,NULL,NULL,NULL,NULL,NULL,,,Outsourced,Sourcing Completed,,NULL,NULL,NULL,NULL,NULL,NULL,NULL,NULL,NULL,NULL,NULL
1653,GB1993.3,Spring Washer ,NULL,NULL,Kit C,NULL,,,,ARF,0,New Kit C 732 items,,NULL,NULL,NULL,NULL,NULL,,,Outsourced,Sourcing Completed,,NULL,NULL,NULL,NULL,NULL,NULL,NULL,NULL,NULL,NULL,NULL
1654,HB1-205G-M2.5X6,Screw,NULL,NULL,Kit C,NULL,,,,ARF,23MS0120L,,,NULL,NULL,NULL,NULL,NULL,,,MCL,MCL,,NULL,NULL,NULL,NULL,NULL,NULL,NULL,NULL,NULL,NULL,NULL
1655,HB1-521GD2.5X6X0.5,Washer,NULL,NULL,Kit C,NULL,,PMC,,ARF,TF,,,NULL,NULL,NULL,NULL,NULL,,,MCL,MCL,,NULL,NULL,NULL,NULL,NULL,NULL,NULL,NULL,NULL,NULL,NULL
1656,HB1-202G-M3?8,Screw,NULL,NULL,Kit C,NULL,,,,ARF,95MS0053L,,,NULL,NULL,NULL,NULL,NULL,,,MCL,MCL,,NULL,NULL,NULL,NULL,NULL,NULL,NULL,NULL,NULL,NULL,NULL
1657,HB1-202G-M3X12,Screw,NULL,NULL,Kit C,NULL,,,,ARF,93MS0003L,,,NULL,NULL,NULL,NULL,NULL,,,MCL,MCL,,NULL,NULL,NULL,NULL,NULL,NULL,NULL,NULL,NULL,NULL,NULL
1658,HB1-202G-M3X4,Screw,NULL,NULL,Kit C,NULL,,,,ARF,23MS0121L,,,NULL,NULL,NULL,NULL,NULL,,,MCL,MCL,,NULL,NULL,NULL,NULL,NULL,NULL,NULL,NULL,NULL,NULL,NULL
1659,HB1-202G-M3X6,Screw,NULL,NULL,Kit C,NULL,,,,ARF,89MS0366L,,,NULL,NULL,NULL,NULL,NULL,,,MCL,MCL,,NULL,NULL,NULL,NULL,NULL,NULL,NULL,NULL,NULL,NULL,NULL
1660,HB1-202G-M3X7,Screw,NULL,NULL,Kit C,NULL,,,,ARF,23MS0119L,,,NULL,NULL,NULL,NULL,NULL,,,MCL,MCL,,NULL,NULL,NULL,NULL,NULL,NULL,NULL,NULL,NULL,NULL,NULL
1661,HB1-202G-M3X8,Screw,NULL,NULL,Kit C,NULL,,,,ARF,95MS0053L,,,NULL,NULL,NULL,NULL,NULL,,,MCL,MCL,,NULL,NULL,NULL,NULL,NULL,NULL,NULL,NULL,NULL,NULL,NULL
1662,HB1-202G-M4X12,Screw,NULL,NULL,Kit C,NULL,,,,ARF,89MS0335L,,,NULL,NULL,NULL,NULL,NULL,,,MCL,MCL,,NULL,NULL,NULL,NULL,NULL,NULL,NULL,NULL,NULL,NULL,NULL
1663,HB1-202G-M4X18,Screw,NULL,NULL,Kit C,NULL,,,,ARF,90MS0055L,,,NULL,NULL,NULL,NULL,NULL,,,MCL,MCL,,NULL,NULL,NULL,NULL,NULL,NULL,NULL,NULL,NULL,NULL,NULL
1664,HB1-203G-M3X10,Screw,NULL,NULL,Kit C,NULL,,,,ARF,01MS0110L,,,NULL,NULL,NULL,NULL,NULL,,,MCL,MCL,,NULL,NULL,NULL,NULL,NULL,NULL,NULL,NULL,NULL,NULL,NULL
1665,HB1-203G-M3X12,Screw,NULL,NULL,Kit C,NULL,,,,ARF,03MS0410L,,,NULL,NULL,NULL,NULL,NULL,,,MCL,MCL,,NULL,NULL,NULL,NULL,NULL,NULL,NULL,NULL,NULL,NULL,NULL
1666,HB1-203G-M3X16,Screw,NULL,NULL,Kit C,NULL,,,,ARF,81MS0362L,,,NULL,NULL,NULL,NULL,NULL,,,MCL,MCL,,NULL,NULL,NULL,NULL,NULL,NULL,NULL,NULL,NULL,NULL,NULL
1667,HB1-203G-M3X6,Screw,NULL,NULL,Kit C,NULL,,,,ARF,23MS0115L,,,NULL,NULL,NULL,NULL,NULL,,,MCL,MCL,,NULL,NULL,NULL,NULL,NULL,NULL,NULL,NULL,NULL,NULL,NULL
1668,HB1-205G-M4X10,90? Sunk Screw,NULL,NULL,Kit C,NULL,,,,ARF,01MS0665L,,,NULL,NULL,NULL,NULL,NULL,,,MCL,MCL,,NULL,NULL,NULL,NULL,NULL,NULL,NULL,NULL,NULL,NULL,NULL
1669,HB1-205G-M5X22,90? Sunk Screw,NULL,NULL,Kit C,NULL,,,,ARF,03MS0221L,,,NULL,NULL,NULL,NULL,NULL,,,MCL,MCL,,NULL,NULL,NULL,NULL,NULL,NULL,NULL,NULL,NULL,NULL,NULL
1670,HB1-521G4X7X0.5,Gasket,NULL,NULL,Kit C,NULL,,,,ARF,00SM0974L,,,NULL,NULL,NULL,NULL,NULL,,,MCL,MCL,,NULL,NULL,NULL,NULL,NULL,NULL,NULL,NULL,NULL,NULL,NULL
1671,HB1-521GD-4X8X0.5,Washer,NULL,NULL,Kit C,NULL,,,,ARF,01SM0043L,,,NULL,NULL,NULL,NULL,NULL,,,MCL,MCL,,NULL,NULL,NULL,NULL,NULL,NULL,NULL,NULL,NULL,NULL,NULL
1672,HB1-521GD-5?12?1.5,Washer,NULL,NULL,Kit C,NULL,,,,ARF,99SM0273N,,,NULL,NULL,NULL,NULL,NULL,,,MCL,MCL,,NULL,NULL,NULL,NULL,NULL,NULL,NULL,NULL,NULL,NULL,NULL
1673,HB6255M4HB0-9-D,Hexagon Nut,NULL,NULL,Kit C,NULL,,,,ARF,86MS0009L,,,NULL,NULL,NULL,NULL,NULL,,,MCL,MCL,,NULL,NULL,NULL,NULL,NULL,NULL,NULL,NULL,NULL,NULL,NULL
1674,HB1-221G-M2X10,Screw,NULL,NULL,Kit C,NULL,,,,ARF,23MS0123L,,,NULL,NULL,NULL,NULL,NULL,,,MCL,MCL,,NULL,NULL,NULL,NULL,NULL,NULL,NULL,NULL,NULL,NULL,NULL
1675,HB1-221G-M4X12,Screw,NULL,NULL,Kit C,NULL,,,,ARF,89MS0152L,,,NULL,NULL,NULL,NULL,NULL,,,MCL,MCL,,NULL,NULL,NULL,NULL,NULL,NULL,NULL,NULL,NULL,NULL,NULL
1676,HB1-521GD2X5X0.3,Washer,NULL,NULL,Kit C,NULL,,,,ARF,23SM0129L,,,NULL,NULL,NULL,NULL,NULL,,,MCL,MCL,,NULL,NULL,NULL,NULL,NULL,NULL,NULL,NULL,NULL,NULL,NULL
1677,HB1-521GD4X8X0.5,Washer,NULL,NULL,Kit C,NULL,,,,ARF,01SM0043L,,,NULL,NULL,NULL,NULL,NULL,,,MCL,MCL,,NULL,NULL,NULL,NULL,NULL,NULL,NULL,NULL,NULL,NULL,NULL
1678,2.5GB859,Star Wahser,NULL,NULL,Kit C,NULL,,,,ARF,0,New Kit C 732 items,,NULL,NULL,NULL,NULL,NULL,,,Outsourced,Sourcing Completed,,NULL,NULL,NULL,NULL,NULL,NULL,NULL,NULL,NULL,NULL,NULL
1679,3GB589,Spring Washer,NULL,NULL,Kit C,NULL,,,,ARF,0,New Kit C 732 items,,NULL,NULL,NULL,NULL,NULL,,,Outsourced,Sourcing Completed,,NULL,NULL,NULL,NULL,NULL,NULL,NULL,NULL,NULL,NULL,NULL
1680,HB1-521GD-3X6X0.5,Washer,NULL,NULL,Kit C,NULL,,,,ARF,01SM0253L,,,NULL,NULL,NULL,NULL,NULL,,,MCL,MCL,,NULL,NULL,NULL,NULL,NULL,NULL,NULL,NULL,NULL,NULL,NULL
1681,HB1-521GD-4X8X1,Washer,NULL,NULL,Kit C,NULL,,,,ARF,99SM0269N,,,NULL,NULL,NULL,NULL,NULL,,,MCL,MCL,,NULL,NULL,NULL,NULL,NULL,NULL,NULL,NULL,NULL,NULL,NULL
1682,HB1-521G-M3X6X0.5,Washer,NULL,NULL,Kit C,NULL,,,,ARF,23SM0131L,,,NULL,NULL,NULL,NULL,NULL,,,MCL,MCL,,NULL,NULL,NULL,NULL,NULL,NULL,NULL,NULL,NULL,NULL,NULL
1683,HB1-521G-M4X8X0.8,Washer,NULL,NULL,Kit C,NULL,,,,ARF,99SM0267N,,,NULL,NULL,NULL,NULL,NULL,,,MCL,MCL,,NULL,NULL,NULL,NULL,NULL,NULL,NULL,NULL,NULL,NULL,NULL
1684,HB1-521G-M5X10X1,Washer,NULL,NULL,Kit C,NULL,,,,ARF,23SM0232N,,,NULL,NULL,NULL,NULL,NULL,,,MCL,MCL,,NULL,NULL,NULL,NULL,NULL,NULL,NULL,NULL,NULL,NULL,NULL
1685,HB1-521FA10X50X2.5,Washer,NULL,NULL,Kit C,NULL,,,,ARF,23MS0151L,,,NULL,NULL,NULL,NULL,NULL,,,MCL,MCL,,NULL,NULL,NULL,NULL,NULL,NULL,NULL,NULL,NULL,NULL,NULL
1686,HB1-521FA3X6X0.5,Washer,NULL,NULL,Kit C,NULL,,,,ARF,16SM0185L,,,NULL,NULL,NULL,NULL,NULL,,,MCL,MCL,,NULL,NULL,NULL,NULL,NULL,NULL,NULL,NULL,NULL,NULL,NULL
1687,HB1-521GD10X22X2.5,Washer,NULL,NULL,Kit C,NULL,,,,ARF,23MS0152L,,,NULL,NULL,NULL,NULL,NULL,,,MCL,MCL,,NULL,NULL,NULL,NULL,NULL,NULL,NULL,NULL,NULL,NULL,NULL
1688,HB1-203FA-M3x8,Screw,NULL,NULL,Kit C,NULL,,,,ARF,23MS0153L,,,NULL,NULL,NULL,NULL,NULL,,,MCL,MCL,,NULL,NULL,NULL,NULL,NULL,NULL,NULL,NULL,NULL,NULL,NULL
1689,HB1-203FA-M3X9,Screw,NULL,NULL,Kit C,NULL,,,,ARF,22MS0067L,,,NULL,NULL,NULL,NULL,NULL,,,MCL,MCL,,NULL,NULL,NULL,NULL,NULL,NULL,NULL,NULL,NULL,NULL,NULL
1690,HB1-203FA-M4X10,Screw,NULL,NULL,Kit C,NULL,,,,ARF,23MS0114L,,,NULL,NULL,NULL,NULL,NULL,,,MCL,MCL,,NULL,NULL,NULL,NULL,NULL,NULL,NULL,NULL,NULL,NULL,NULL
1691,HB1-521FA-M3x7x0.5,Washer,NULL,NULL,Kit C,NULL,,,,ARF,87SM0009L,,,NULL,NULL,NULL,NULL,NULL,,,MCL,MCL,,NULL,NULL,NULL,NULL,NULL,NULL,NULL,NULL,NULL,NULL,NULL
1692,HB1-521FAM3X8X0.5,Washer,NULL,NULL,Kit C,NULL,,,,ARF,23SM0130L,,,NULL,NULL,NULL,NULL,NULL,,,MCL,MCL,,NULL,NULL,NULL,NULL,NULL,NULL,NULL,NULL,NULL,NULL,NULL
1693,HB1-521FA-3X6X0.8,Washer,NULL,NULL,Kit C,NULL,,,,ARF,21SM0457N,,,NULL,NULL,NULL,NULL,NULL,,,MCL,MCL,,NULL,NULL,NULL,NULL,NULL,NULL,NULL,NULL,NULL,NULL,NULL
1694,HB1-202G-M2X6,Screw,NULL,NULL,Kit C,NULL,,,,ARF,05MS0075L,,,NULL,NULL,NULL,NULL,NULL,,,MCL,MCL,,NULL,NULL,NULL,NULL,NULL,NULL,NULL,NULL,NULL,NULL,NULL
1695,HB1-203G-M2X5,Screw,NULL,NULL,Kit C,NULL,,,,ARF,23MS0113L,,,NULL,NULL,NULL,NULL,NULL,,,MCL,MCL,,NULL,NULL,NULL,NULL,NULL,NULL,NULL,NULL,NULL,NULL,NULL
1696,K8.960.001,Rivet ,NULL,NULL,Kit C,NULL,,,,ARF,03MS0680L,,,NULL,NULL,NULL,NULL,NULL,,,MCL,MCL,,NULL,NULL,NULL,NULL,NULL,NULL,NULL,NULL,NULL,NULL,NULL
1697,HB1-205G-M3?12,Screw,NULL,NULL,Kit C,NULL,,,,ARF,89MS0434L,,,NULL,NULL,NULL,NULL,NULL,,,MCL,MCL,,NULL,NULL,NULL,NULL,NULL,NULL,NULL,NULL,NULL,NULL,NULL
1698,HB1-202G-M2.5?5,Screw,NULL,NULL,Kit C,NULL,,,,ARF,23MS0122L,,,NULL,NULL,NULL,NULL,NULL,,,MCL,MCL,,NULL,NULL,NULL,NULL,NULL,NULL,NULL,NULL,NULL,NULL,NULL
1699,HB1-202G-M2.5X5,Screw,NULL,NULL,Kit C,NULL,,,,ARF,23MS0122L,,,NULL,NULL,NULL,NULL,NULL,,,MCL,MCL,,NULL,NULL,NULL,NULL,NULL,NULL,NULL,NULL,NULL,NULL,NULL
1700,HB1-202G-M2X10,Screw,NULL,NULL,Kit C,NULL,,,,ARF,23MS0118L,,,NULL,NULL,NULL,NULL,NULL,,,MCL,MCL,,NULL,NULL,NULL,NULL,NULL,NULL,NULL,NULL,NULL,NULL,NULL
1701,HB1-203G-M4X20,Screw,NULL,NULL,Kit C,NULL,,,,ARF,23MS0126L,,,NULL,NULL,NULL,NULL,NULL,,,MCL,MCL,,NULL,NULL,NULL,NULL,NULL,NULL,NULL,NULL,NULL,NULL,NULL
1702,HB1-205G-M2X7,Screw,NULL,NULL,Kit C,NULL,,,,ARF,23MS0154L,,,NULL,NULL,NULL,NULL,NULL,,,MCL,MCL,,NULL,NULL,NULL,NULL,NULL,NULL,NULL,NULL,NULL,NULL,NULL
1703,HB1-205G-M3X12,Screw,NULL,NULL,Kit C,NULL,,,,ARF,89MS0434L,,,NULL,NULL,NULL,NULL,NULL,,,MCL,MCL,,NULL,NULL,NULL,NULL,NULL,NULL,NULL,NULL,NULL,NULL,NULL
1704,HB1-521FA-2x5x0.5,Washer,NULL,NULL,Kit C,NULL,,,,ARF,23SM0150L,,,NULL,NULL,NULL,NULL,NULL,,,MCL,MCL,,NULL,NULL,NULL,NULL,NULL,NULL,NULL,NULL,NULL,NULL,NULL
1705,HB1-521FA-3?6?0.8,Washer,NULL,NULL,Kit C,NULL,,,,ARF,21SM0457N,,,NULL,NULL,NULL,NULL,NULL,,,MCL,MCL,,NULL,NULL,NULL,NULL,NULL,NULL,NULL,NULL,NULL,NULL,NULL
1706,HB1-521FA-5?8?0.5,Washer,NULL,NULL,Kit C,NULL,,,,ARF,17SM0711L,,,NULL,NULL,NULL,NULL,NULL,,,MCL,MCL,,NULL,NULL,NULL,NULL,NULL,NULL,NULL,NULL,NULL,NULL,NULL
1707,HB1-521GD6?12?1,Gasket,NULL,NULL,Kit C,NULL,,,,ARF,99SM0277N,,,NULL,NULL,NULL,NULL,NULL,,,MCL,MCL,,NULL,NULL,NULL,NULL,NULL,NULL,NULL,NULL,NULL,NULL,NULL
1708,GB93-872,Spring Washer,NULL,NULL,Kit C,NULL,,,,ARF,0,New Kit C 732 items,,NULL,NULL,NULL,NULL,NULL,,,Outsourced,Sourcing Completed,,NULL,NULL,NULL,NULL,NULL,NULL,NULL,NULL,NULL,NULL,NULL
1709,HB1-202G-M2X4,Screw,NULL,NULL,Kit C,NULL,,,,ARF,23MS0124L,,,NULL,NULL,NULL,NULL,NULL,,,MCL,MCL,,NULL,NULL,NULL,NULL,NULL,NULL,NULL,NULL,NULL,NULL,NULL
1710,HB1-205LA-M3X10,Screw,NULL,NULL,Kit C,NULL,,,,ARF,95MS0067L,,,NULL,NULL,NULL,NULL,NULL,,,MCL,MCL,,NULL,NULL,NULL,NULL,NULL,NULL,NULL,NULL,NULL,NULL,NULL
1711,Q/3A4-92-32,Retainer Ring,NULL,NULL,Kit C,NULL,,,,ARF,00RP0103L,,,NULL,NULL,NULL,NULL,NULL,,,MCL,MCL,,NULL,NULL,NULL,NULL,NULL,NULL,NULL,NULL,NULL,NULL,NULL
1712,Q/3A4-92-34,Retainer Ring,NULL,NULL,Kit C,NULL,,,,ARF,16RP0038L,,,NULL,NULL,NULL,NULL,NULL,,,MCL,MCL,,NULL,NULL,NULL,NULL,NULL,NULL,NULL,NULL,NULL,NULL,NULL
1713,Q/3A4-92-28,Retainer Ring,NULL,NULL,Kit C,NULL,,,,ARF,00RP0057L,,,NULL,NULL,NULL,NULL,NULL,,,MCL,MCL,,NULL,NULL,NULL,NULL,NULL,NULL,NULL,NULL,NULL,NULL,NULL
1714,Q/3A4-92-33,Retainer Ring,NULL,NULL,Kit C,NULL,,,,ARF,00RP0104L,,,NULL,NULL,NULL,NULL,NULL,,,MCL,MCL,,NULL,NULL,NULL,NULL,NULL,NULL,NULL,NULL,NULL,NULL,NULL
1715,Q/3A4-92-31,Retainer Ring,NULL,NULL,Kit C,NULL,,,,ARF,00RP0102L,,,NULL,NULL,NULL,NULL,NULL,,,MCL,MCL,,NULL,NULL,NULL,NULL,NULL,NULL,NULL,NULL,NULL,NULL,NULL
1716,Q/3A4-92-14,Retainer Ring,NULL,NULL,Kit C,NULL,,,,ARF,00RP0052L,,,NULL,NULL,NULL,NULL,NULL,,,MCL,MCL,,NULL,NULL,NULL,NULL,NULL,NULL,NULL,NULL,NULL,NULL,NULL
1717,Q/3A4-92-18,Retainer Ring,NULL,NULL,Kit C,NULL,,,,ARF,16RP0042L,,,NULL,NULL,NULL,NULL,NULL,,,MCL,MCL,,NULL,NULL,NULL,NULL,NULL,NULL,NULL,NULL,NULL,NULL,NULL
1718,YDT12-003,Safety Pin,NULL,NULL,Kit C,NULL,,MS,,ARF,23MS0456N,WLOGTF210320230010 ,,NULL,NULL,NULL,NULL,NULL,,,MCL,MCL (JAN),MCL (15 JAN),NULL,NULL,NULL,NULL,NULL,NULL,NULL,NULL,NULL,NULL,NULL
1719,16D106-24-20-B,Retainer Ring,NULL,NULL,Kit C,NULL,,,,ARF,23MS0212N,,,NULL,NULL,NULL,NULL,NULL,,,MCL,MCL,,NULL,NULL,NULL,NULL,NULL,NULL,NULL,NULL,NULL,NULL,NULL
1720,YDT12-006,Bolt,NULL,NULL,Kit C,NULL,,,,ARF,23MS0210N,,,NULL,NULL,NULL,NULL,NULL,,,MCL,MCL,,NULL,NULL,NULL,NULL,NULL,NULL,NULL,NULL,NULL,NULL,NULL
1721,HB6276M5,Nut,NULL,NULL,Kit C,NULL,,,,ARF,09MS0101N,,,NULL,NULL,NULL,NULL,NULL,,,MCL,MCL,,NULL,NULL,NULL,NULL,NULL,NULL,NULL,NULL,NULL,NULL,NULL
1722,16D106-16-10.2-B,Protective Ring,NULL,NULL,Kit C,NULL,,,,ARF,23MS0213N,,,NULL,NULL,NULL,NULL,NULL,,,MCL,MCL,,NULL,NULL,NULL,NULL,NULL,NULL,NULL,NULL,NULL,NULL,NULL
1723,16D106-36-30.5-B,Protective Ring,NULL,NULL,Kit C,NULL,,,,ARF,23MS0211N,,,NULL,NULL,NULL,NULL,NULL,,,MCL,MCL,,NULL,NULL,NULL,NULL,NULL,NULL,NULL,NULL,NULL,NULL,NULL
1724,QYF44-01,Casing,NULL,NULL,Kit C,NULL,,PMC,,ARF,0,WLOGTF210320230001 ,,NULL,NULL,NULL,NULL,NULL,,,Under Trial Test,Under trial Test,,NULL,NULL,NULL,NULL,NULL,NULL,NULL,NULL,NULL,NULL,NULL
1725,QYF44A-01,Spring,NULL,NULL,Kit C,NULL,,SP,,ARF,0,New Kit C 732 items,,NULL,NULL,NULL,NULL,NULL,LM sent to ACC shop 2. check status of delay,,Part under TF,Part Under Trial Manufacturing,"Mat testing report was done to identify & finlize material in April, 24. Under TF since april. Check what is the delay. chck curent status urgently. New KIT C item",NULL,NULL,NULL,NULL,NULL,NULL,NULL,NULL,NULL,NULL,NULL
1726,HB1-101F5x18x2,Bolt,NULL,NULL,Kit C,NULL,,,,ARF,23MS0116L,,,NULL,NULL,NULL,NULL,NULL,,,MCL,MCL,,NULL,NULL,NULL,NULL,NULL,NULL,NULL,NULL,NULL,NULL,NULL
1727,HB1-402FA-M5,Nut,NULL,NULL,Kit C,NULL,,,,ARF,23MS0117L,,,NULL,NULL,NULL,NULL,NULL,,,MCL,MCL,,NULL,NULL,NULL,NULL,NULL,NULL,NULL,NULL,NULL,NULL,NULL
1728,HB1-521FA3X7X1,Gasket,NULL,NULL,Kit C,NULL,,,,ARF,99SM0265N,,,NULL,NULL,NULL,NULL,NULL,,,MCL,MCL,,NULL,NULL,NULL,NULL,NULL,NULL,NULL,NULL,NULL,NULL,NULL
1729,QS110A-002-2,Spring,NULL,NULL,Kit C,NULL,,,,ARF,23SP0225N,,,NULL,NULL,NULL,NULL,NULL,,,MCL,MCL,,NULL,NULL,NULL,NULL,NULL,NULL,NULL,NULL,NULL,NULL,NULL
1730,QS110A-002-3,Spring,NULL,NULL,Kit C,NULL,,,,ARF,23SP0226N,,,NULL,NULL,NULL,NULL,NULL,,,MCL,MCL,,NULL,NULL,NULL,NULL,NULL,NULL,NULL,NULL,NULL,NULL,NULL
1731,QS110A-003,Head,NULL,NULL,Kit C,NULL,,MS,,ARF,0,New Kit C 732 items,,NULL,NULL,NULL,NULL,NULL,LM sent to ACC shop 2. check status of delay,,Under Indigenization,Under Indigenization,56A V19 22 Mar. U/FES. Find reply urgent,NULL,NULL,NULL,NULL,NULL,NULL,NULL,NULL,NULL,NULL,NULL
1732,QS110A-004,Pipe Joint,NULL,NULL,Kit C,NULL,,MS, LY-12CZ 50MM,ARF,0,WLOGTF290520230003 ,,NULL,NULL,NULL,NULL,NULL,Awt Mat & Missing Form-017,,Part under TF,Part Under Trial Manufacturing,IPSGMS051020230774 LY-12cz 50MM,NULL,NULL,NULL,NULL,NULL,NULL,NULL,NULL,NULL,NULL,NULL
1733,HB1-203FA3-M4x17,Screw,NULL,NULL,Kit C,NULL,,,,ARF,23MS0112L,,,NULL,NULL,NULL,NULL,NULL,,,MCL,MCL,,NULL,NULL,NULL,NULL,NULL,NULL,NULL,NULL,NULL,NULL,NULL
1734,HB1-203FA-M5x13,Screw,NULL,NULL,Kit C,NULL,,,,ARF,23MS0127L,,,NULL,NULL,NULL,NULL,NULL,,,MCL,MCL,,NULL,NULL,NULL,NULL,NULL,NULL,NULL,NULL,NULL,NULL,NULL
1735,HB1-521FA3?6?0.5,Washer,NULL,NULL,Kit C,NULL,,,,ARF,16SM0185L,,,NULL,NULL,NULL,NULL,NULL,,,MCL,MCL,,NULL,NULL,NULL,NULL,NULL,NULL,NULL,NULL,NULL,NULL,NULL
1736,HB1-521FA4?7?0.8,Washer,NULL,NULL,Kit C,NULL,,,,ARF,00SM1605L,,,NULL,NULL,NULL,NULL,NULL,,,MCL,MCL,,NULL,NULL,NULL,NULL,NULL,NULL,NULL,NULL,NULL,NULL,NULL
1737,HB1-521FA5?8?0.8,Washer,NULL,NULL,Kit C,NULL,,,,ARF,17SM0711L,,,NULL,NULL,NULL,NULL,NULL,,,MCL,MCL,,NULL,NULL,NULL,NULL,NULL,NULL,NULL,NULL,NULL,NULL,NULL
1738,JY27496E09B98P,Connector,NULL,NULL,Kit C,NULL,,,,ARF,0,New Kit C 732 items,,NULL,NULL,NULL,NULL,NULL,,,Outsourced,Sourcing Completed,,NULL,NULL,NULL,NULL,NULL,NULL,NULL,NULL,NULL,NULL,NULL
1739,QHF1A-000-01,Casing,NULL,NULL,Kit C,NULL,,,,ARF,0,New Kit C 732 items,,NULL,NULL,NULL,NULL,NULL,,,Outsourced,Sourcing Completed,,NULL,NULL,NULL,NULL,NULL,NULL,NULL,NULL,NULL,NULL,NULL
1740,3GB859-65M,Spring Washer,NULL,NULL,Kit C,NULL,,,,ARF,0,New Kit C 732 items,,NULL,NULL,NULL,NULL,NULL,,,Outsourced,Sourcing Completed,,NULL,NULL,NULL,NULL,NULL,NULL,NULL,NULL,NULL,NULL,NULL
1741,4GB59-65Mn,Spring Washer,NULL,NULL,Kit C,NULL,,,,ARF,0,New Kit C 732 items,,NULL,NULL,NULL,NULL,NULL,,,Outsourced,Sourcing Completed,,NULL,NULL,NULL,NULL,NULL,NULL,NULL,NULL,NULL,NULL,NULL
1742,4GB85-65M,Spring Washer,NULL,NULL,Kit C,NULL,,,,ARF,0,New Kit C 732 items,,NULL,NULL,NULL,NULL,NULL,,,Outsourced,Sourcing Completed,,NULL,NULL,NULL,NULL,NULL,NULL,NULL,NULL,NULL,NULL,NULL
1743,HB1-521-12X20X2,Joint Ring,NULL,NULL,Kit C,NULL,,,,ARF,18MS0644L,,,NULL,NULL,NULL,NULL,NULL,,,MCL,MCL,,NULL,NULL,NULL,NULL,NULL,NULL,NULL,NULL,NULL,NULL,NULL
1744,HB1-521-16X25X2.5,Washer,NULL,NULL,Kit C,NULL,,,,ARF,12MS1344L,,,NULL,NULL,NULL,NULL,NULL,,,MCL,MCL,,NULL,NULL,NULL,NULL,NULL,NULL,NULL,NULL,NULL,NULL,NULL
1745,HB1-521-6X10X1,Washer,NULL,NULL,Kit C,NULL,,,,ARF,08SM0749L,,,NULL,NULL,NULL,NULL,NULL,,,MCL,MCL,,NULL,NULL,NULL,NULL,NULL,NULL,NULL,NULL,NULL,NULL,NULL
1746,HB1-521-8X14X1.5,Washer,NULL,NULL,Kit C,NULL,,,,ARF,21SM0164L,,,NULL,NULL,NULL,NULL,NULL,,,MCL,MCL,,NULL,NULL,NULL,NULL,NULL,NULL,NULL,NULL,NULL,NULL,NULL
1747,YXF78-00-03/1,Washer,NULL,NULL,Kit C,NULL,,,,ARF,0,New Kit C 732 items,,NULL,NULL,NULL,NULL,NULL,,,Outsourced,Sourcing Completed,,NULL,NULL,NULL,NULL,NULL,NULL,NULL,NULL,NULL,NULL,NULL
1748,YXF78-00-03/2,Washer,NULL,NULL,Kit C,NULL,,MS,,ARF,23MS0439N,WLOGTF210320230006 ,,NULL,NULL,NULL,NULL,NULL,,,MCL,MCL(DEC),,NULL,NULL,NULL,NULL,NULL,NULL,NULL,NULL,NULL,NULL,NULL
1749,YXF78-00-04,Valve,NULL,NULL,Kit C,NULL,,MS,,ARF,0,New Kit C 732 items,,NULL,NULL,NULL,NULL,NULL,LM sent to ACC shop 2. check status of delay,,Under Indigenization,U/FES,89A V19 25 April. Find reply urgent,NULL,NULL,NULL,NULL,NULL,NULL,NULL,NULL,NULL,NULL,NULL
1750,YXF78-00-08A,Piston Rod,NULL,NULL,Kit C,NULL,,,,ARF,0,New Kit C 732 items,,NULL,NULL,NULL,NULL,NULL,LM sent to ACC shop 2. check status of delay,,Under Indigenization,U/DWG,U/DWG. Urgently finalize and load TF,NULL,NULL,NULL,NULL,NULL,NULL,NULL,NULL,NULL,NULL,NULL
1751,YLF11-00-2-1,Buzzer Plate,NULL,NULL,Kit C,NULL,,,,ARF,0,New Kit C 732 items,,NULL,NULL,NULL,NULL,NULL,,,Outsourced,Sourcing Completed,,NULL,NULL,NULL,NULL,NULL,NULL,NULL,NULL,NULL,NULL,NULL
1752,YLF11-00-3,Casing,NULL,NULL,Kit C,NULL,,,,ARF,81PM0307L,,,NULL,NULL,NULL,NULL,NULL,,,MCL,MCL,,NULL,NULL,NULL,NULL,NULL,NULL,NULL,NULL,NULL,NULL,NULL
1753,YLF11-00-4,Threaded Plug,NULL,NULL,Kit C,NULL,,,,ARF,81MS0306L,,,NULL,NULL,NULL,NULL,NULL,,,MCL,MCL,,NULL,NULL,NULL,NULL,NULL,NULL,NULL,NULL,NULL,NULL,NULL
1754,YLF11-00-6,Spacer,NULL,NULL,Kit C,NULL,,,,ARF,81MS0308L,,,NULL,NULL,NULL,NULL,NULL,,,MCL,MCL,,NULL,NULL,NULL,NULL,NULL,NULL,NULL,NULL,NULL,NULL,NULL
1755,YLF12-00-1,Cap,NULL,NULL,Kit C,NULL,,,,ARF,0,New Kit C 732 items,,NULL,NULL,NULL,NULL,NULL,,,Under Trial Test,"Under Trial Test (Apr, 24)",,NULL,NULL,NULL,NULL,NULL,NULL,NULL,NULL,NULL,NULL,NULL
1756,YLF8-00-3-2,Filter Washer,NULL,NULL,Kit C,NULL,,,,ARF,0,New Kit C 732 items,,NULL,NULL,NULL,NULL,NULL,,,Outsourced,Sourcing Completed,,NULL,NULL,NULL,NULL,NULL,NULL,NULL,NULL,NULL,NULL,NULL
1757,HB1-106-12X36X4,Bolt,NULL,NULL,Kit C,NULL,,,,ARF,01MS0349L,,,NULL,NULL,NULL,NULL,NULL,,,MCL,MCL,,NULL,NULL,NULL,NULL,NULL,NULL,NULL,NULL,NULL,NULL,NULL
1758,HB1-404M12,Nut,NULL,NULL,Kit C,NULL,,,,ARF,90MS0081L,,,NULL,NULL,NULL,NULL,NULL,,,MCL,MCL,,NULL,NULL,NULL,NULL,NULL,NULL,NULL,NULL,NULL,NULL,NULL
1759,HB1-521LB12X22X2.5,Gasket,NULL,NULL,Kit C,NULL,,,,ARF,23MS0125L,,,NULL,NULL,NULL,NULL,NULL,,,MCL,MCL,,NULL,NULL,NULL,NULL,NULL,NULL,NULL,NULL,NULL,NULL,NULL
1760,HB4-69-4,Plug Cap,NULL,NULL,Kit C,NULL,,,,ARF,09MS0700L,,,NULL,NULL,NULL,NULL,NULL,,,MCL,MCL,,NULL,NULL,NULL,NULL,NULL,NULL,NULL,NULL,NULL,NULL,NULL
1761,YDT16-001,Adjusting Washer,NULL,NULL,Kit C,NULL,,,,ARF,23MS0234N,,,NULL,NULL,NULL,NULL,NULL,,,MCL,MCL,,NULL,NULL,NULL,NULL,NULL,NULL,NULL,NULL,NULL,NULL,NULL
1762,YDT16-002,Nut,NULL,NULL,Kit C,NULL,,,,ARF,23MS0283N,,,NULL,NULL,NULL,NULL,NULL,,,MCL,MCL,,NULL,NULL,NULL,NULL,NULL,NULL,NULL,NULL,NULL,NULL,NULL
1763,YDT13-004,Nut,NULL,NULL,Kit C,NULL,,MS,,ARF,24MS0077N,WLOGTF210320230004 ,,NULL,NULL,NULL,NULL,NULL,AWT F-022,,MCL,MCL (APRIL),UNDERT TRIAL TEST TO AWT F-022,NULL,NULL,NULL,NULL,NULL,NULL,NULL,NULL,NULL,NULL,NULL
1764,RL41-000-05,Adjusting Gasket,NULL,NULL,Kit C,NULL,,PMC,2CR13-0.5MM STEEL SHEET,ARF,0,WLOGTF040420230004 ,,NULL,NULL,NULL,NULL,NULL,Awt Mat & Missing Form-017,,Part under TF,Part Under Trial Manufacturing,IPSGPM150520230165  2CR13-0.5MM STEEL SHEET,NULL,NULL,NULL,NULL,NULL,NULL,NULL,NULL,NULL,NULL,NULL
1765,RL41-000-06,Retainer Ring,NULL,NULL,Kit C,NULL,,,,ARF,0,New Kit C 732 items,,NULL,NULL,NULL,NULL,NULL,LM sent to ACC shop 2. check status of delay,,Part under TF,Part Under Trial Manufacturing,can be mfg 52A V19. Part was having incomplete information of HT & ST. same has been found and marked ot shop for TF. U/TF. Mat avaialbe. Push it forward for urgent mfg,NULL,NULL,NULL,NULL,NULL,NULL,NULL,NULL,NULL,NULL,NULL
1766,RL41-000-07,Spring Seat,NULL,NULL,Kit C,NULL,,MS,,ARF,0,WLOGTF310320230002 ,,NULL,NULL,NULL,NULL,NULL,,,Under Trial Test,Under Trial Test (26-03-24),56A V19 15 Mar,NULL,NULL,NULL,NULL,NULL,NULL,NULL,NULL,NULL,NULL,NULL
1767,RL41-000-08,Regulating Spring,NULL,NULL,Kit C,NULL,,SP,,ARF,0,WLOGTF290320230002 ,,NULL,NULL,NULL,NULL,NULL,,,Under Trial Test,Under Trial Test,,NULL,NULL,NULL,NULL,NULL,NULL,NULL,NULL,NULL,NULL,NULL
1768,RL41-000-09,Valve,NULL,NULL,Kit C,NULL,,MS,,ARF,0,WLOGTF210320230003 ,,NULL,NULL,NULL,NULL,NULL,,,Under Trial Test,Under Trial Test (FEB),Part Under Trial Manufacturing to Under Trial Test (26 feb),NULL,NULL,NULL,NULL,NULL,NULL,NULL,NULL,NULL,NULL,NULL
1769,RL41-000-10,Guard Ring,NULL,NULL,Kit C,NULL,,PMC,,ARF,0,WLOGTF130120220022 ,,NULL,NULL,NULL,NULL,NULL,,,Under Trial Test,Under Trial Test (May),,NULL,NULL,NULL,NULL,NULL,NULL,NULL,NULL,NULL,NULL,NULL
1770,RL41-000-11,Shield,NULL,NULL,Kit C,NULL,,MS,,ARF,24MS0074N,WLOGTF100420230001 ,,NULL,NULL,NULL,NULL,NULL,,,MCL,MCL (EXPECTED) FIMS,,NULL,NULL,NULL,NULL,NULL,NULL,NULL,NULL,NULL,NULL,NULL
1771,RL41-000-12,Guard Ring,NULL,NULL,Kit C,NULL,,R&P,,ARF,0,WLOGTF170420230002 ,,NULL,NULL,NULL,NULL,NULL,,,Under Trial Test,Under Trial Test,,NULL,NULL,NULL,NULL,NULL,NULL,NULL,NULL,NULL,NULL,NULL
1772,QXF23-00-5,Ring,NULL,NULL,Kit C,NULL,,,,ARF,23SP0227N,,,NULL,NULL,NULL,NULL,NULL,,,MCL,MCL,,NULL,NULL,NULL,NULL,NULL,NULL,NULL,NULL,NULL,NULL,NULL
1773,GB8696-Zn.D,Spring Washer ,NULL,NULL,Kit C,NULL,,,,ARF,0,New Kit C 732 items,,NULL,NULL,NULL,NULL,NULL,,,Outsourced,Sourcing Completed,,NULL,NULL,NULL,NULL,NULL,NULL,NULL,NULL,NULL,NULL,NULL
1774,J7-4102-113,Nut,NULL,NULL,Kit C,NULL,,,,ARF,23MS0238N,,,NULL,NULL,NULL,NULL,NULL,,,MCL,MCL,,NULL,NULL,NULL,NULL,NULL,NULL,NULL,NULL,NULL,NULL,NULL
1775,J7-4102-16A,Spacer,NULL,NULL,Kit C,NULL,,PMC,,ARF,TF,,,NULL,NULL,NULL,NULL,NULL,,,MCL,MCL,,NULL,NULL,NULL,NULL,NULL,NULL,NULL,NULL,NULL,NULL,NULL
1776,J7-4102-315,Bolt,NULL,NULL,Kit C,NULL,,MS,,ARF,TF,,,NULL,NULL,NULL,NULL,NULL,,,MCL,MCL,,NULL,NULL,NULL,NULL,NULL,NULL,NULL,NULL,NULL,NULL,NULL
1777,16D106-30-26,Protective Ring,NULL,NULL,Kit C,NULL,,R&P,,ARF,0,New Kit C 732 items,,NULL,NULL,NULL,NULL,NULL,,,Part under TF,Under rework,Unsat due to Hard Material. Handed over by AFM Sohail to Machine Shop. find out what is the rework.,NULL,NULL,NULL,NULL,NULL,NULL,NULL,NULL,NULL,NULL,NULL
1778,YS126B-012,Oil Filter,NULL,NULL,Kit C,NULL,,,,ARF,0,New Kit C 732 items,,NULL,NULL,NULL,NULL,NULL,,,Outsourced,Sourcing Completed,,NULL,NULL,NULL,NULL,NULL,NULL,NULL,NULL,NULL,NULL,NULL
1779,19X-YXF63-01,Valve Core,NULL,NULL,Kit C,NULL,,MS,,ARF,0,New Kit C 732 items,,NULL,NULL,NULL,NULL,NULL,LM sent to ACC shop 2. check status of delay,,Under Indigenization,U/FES,56A V19 15 Mar. Check reply urgently,NULL,NULL,NULL,NULL,NULL,NULL,NULL,NULL,NULL,NULL,NULL
1780,19X-YXF63-02,Spring,NULL,NULL,Kit C,NULL,,,,ARF,0,New Kit C 732 items,,NULL,NULL,NULL,NULL,NULL,LM sent to ACC shop 2. check status of delay,,Under Indigenization,Under Indigenization,U/DWG. Urgently finalize and load TF,NULL,NULL,NULL,NULL,NULL,NULL,NULL,NULL,NULL,NULL,NULL
1781,19X-YXF63-03,Casing,NULL,NULL,Kit C,NULL,,,,ARF,0,New Kit C 732 items,,NULL,NULL,NULL,NULL,NULL,LM sent to ACC shop 2. check status of delay,,Under Indigenization,Mat / HT Req,,NULL,NULL,NULL,NULL,NULL,NULL,NULL,NULL,NULL,NULL,NULL
1782,YXF64/1Y-0002,Valve Seat ,NULL,NULL,Kit C,NULL,,MS,,ARF,0,New Kit C 732 items,,NULL,NULL,NULL,NULL,NULL,LM sent to ACC shop 2. check status of delay,,Under Indigenization,U/FES,89A V19 25 April. Find reply urgent,NULL,NULL,NULL,NULL,NULL,NULL,NULL,NULL,NULL,NULL,NULL
1783,6GB859-87,Spring Washer,NULL,NULL,Kit C,NULL,,,,ARF,0,New Kit C 732 items,,NULL,NULL,NULL,NULL,NULL,,,Outsourced,Sourcing Completed,,NULL,NULL,NULL,NULL,NULL,NULL,NULL,NULL,NULL,NULL,NULL
1784,YYS2-102,Pipe Joint,NULL,NULL,Kit C,NULL,,,,ARF,0,New Kit C 732 items,,NULL,NULL,NULL,NULL,NULL,Finalize mat specs and load,,Under Indigenization,Mat / HT Req,Mat / HT Req,NULL,NULL,NULL,NULL,NULL,NULL,NULL,NULL,NULL,NULL,NULL
1785,1092/2-01-15,Sealing Washer,NULL,NULL,Kit C,NULL,,,,ARF,0,New Kit C 732 items,,NULL,NULL,NULL,NULL,NULL,Expedite Die design urgently,,Under Indigenization,Under Indigenization,Die under DWG,NULL,NULL,NULL,NULL,NULL,NULL,NULL,NULL,NULL,NULL,NULL
1786,FA3-11-2J7,Rubber Seal,NULL,NULL,Kit C,NULL,,TMS,,ARF,0,New Kit C 732 items,81-JF-17-271,NULL,NULL,NULL,NULL,NULL,,,Die under TF,Die Under Trial MFG,Check status ,NULL,NULL,NULL,NULL,NULL,NULL,NULL,NULL,NULL,NULL,NULL
1787,FA3-13-2J7,Sealing Ring,NULL,NULL,Kit C,NULL,,,,ARF,23RP0246N,,,NULL,NULL,NULL,NULL,NULL,,,MCL,MCL,,NULL,NULL,NULL,NULL,NULL,NULL,NULL,NULL,NULL,NULL,NULL
1788,FA3-15-2.5J7,Sealing Ring,NULL,NULL,Kit C,NULL,,,,ARF,22RP0076N,,,NULL,NULL,NULL,NULL,NULL,,,MCL,MCL,,NULL,NULL,NULL,NULL,NULL,NULL,NULL,NULL,NULL,NULL,NULL
1789,FA3-2.2-1.5J7,Rubber Seal,NULL,NULL,Kit C,NULL,,,,ARF,22RP0320N,,,NULL,NULL,NULL,NULL,NULL,,,MCL,MCL,,NULL,NULL,NULL,NULL,NULL,NULL,NULL,NULL,NULL,NULL,NULL
1790,FA3-20.5-2.4J7,Sealing Ring,NULL,NULL,Kit C,NULL,,,,ARF,22RP0095N,,,NULL,NULL,NULL,NULL,NULL,,,MCL,MCL,,NULL,NULL,NULL,NULL,NULL,NULL,NULL,NULL,NULL,NULL,NULL
1791,FA3-26-2.5J6,Rubber Seal,NULL,NULL,Kit C,NULL,,R&P,,ARF,TF,WLOGTF290820220063 ,,NULL,NULL,NULL,NULL,NULL,,,MCL,MCL(DEC). Al die part,ALUMINUM DIE PART,NULL,NULL,NULL,NULL,NULL,NULL,NULL,NULL,NULL,NULL,NULL
1792,FA3-6-2J7,Rubber Seal,NULL,NULL,Kit C,NULL,,,,ARF,22RP0321N,,,NULL,NULL,NULL,NULL,NULL,,,MCL,MCL,,NULL,NULL,NULL,NULL,NULL,NULL,NULL,NULL,NULL,NULL,NULL
1793,Q/3A4-92-16,Retainner Ring,NULL,NULL,Kit C,NULL,,,,ARF,14PM0281L,,,NULL,NULL,NULL,NULL,NULL,,,MCL,MCL,,NULL,NULL,NULL,NULL,NULL,NULL,NULL,NULL,NULL,NULL,NULL
1794,Q/3A4-94J1-6,Seal Ring,NULL,NULL,Kit C,NULL,,,,ARF,14RP0106L,,,NULL,NULL,NULL,NULL,NULL,,,MCL,MCL,,NULL,NULL,NULL,NULL,NULL,NULL,NULL,NULL,NULL,NULL,NULL
1795,YDF33-1013,COVER,NULL,NULL,Kit C,NULL,,,,ARF,#N/A,,,NULL,NULL,NULL,NULL,NULL,,,Under Indigenization,U/DWG,U/DWG. Urgently finalize and load TF,NULL,NULL,NULL,NULL,NULL,NULL,NULL,NULL,NULL,NULL,NULL
1796,YDF33-2002,BUSH,NULL,NULL,Kit C,NULL,,MS,,ARF,#N/A,,,NULL,NULL,NULL,NULL,NULL,Check Delay,,Under Indigenization,U/FES,07/05/2024. Why reply is still awaited,NULL,NULL,NULL,NULL,NULL,NULL,NULL,NULL,NULL,NULL,NULL
1797,YDF33-2003,SLIDE VALVE,NULL,NULL,Kit C,NULL,,,,ARF,#N/A,,,NULL,NULL,NULL,NULL,NULL,Critical parts having internal tolerance mating issues. Finalize disposal,,Under Indigenization,U/FES (Problematic),case to be reviewed for beyond capability due to shafts beyond mating cpabaility and tolerance limits. Mating parts having internal polisihing/ grinnding issues which cannot be achieved. Tolerances are not available. Case was already highlighted by CRG for lapping of chinese semi finished products but same could not be achieved at ARF due to internal mating tolerances issues,NULL,NULL,NULL,NULL,NULL,NULL,NULL,NULL,NULL,NULL,NULL
1798,YDF33-2004,BUSHING,NULL,NULL,Kit C,NULL,,,,ARF,#N/A,,,NULL,NULL,NULL,NULL,NULL,Critical parts having internal tolerance mating issues. Finalize disposal,,Under Indigenization,U/FES (Problematic),case to be reviewed for beyond capability due to shafts beyond mating cpabaility and tolerance limits. Mating parts having internal polisihing/ grinnding issues which cannot be achieved. Tolerances are not available. Case was already highlighted by CRG for lapping of chinese semi finished products but same could not be achieved at ARF due to internal mating tolerances issues,NULL,NULL,NULL,NULL,NULL,NULL,NULL,NULL,NULL,NULL,NULL
1799,YDF23-105,UPPER VALVE,NULL,NULL,Kit C,NULL,,,,ARF,#N/A,,,NULL,NULL,NULL,NULL,NULL,under dwg,,Under Indigenization,U/DWG,U/DWG. Urgently finalize and load TF,NULL,NULL,NULL,NULL,NULL,NULL,NULL,NULL,NULL,NULL,NULL
1800,DD-FC1-69000-1/4,Rubber Protection Cover,NULL,NULL,Kit A,NULL,MACHINING,,,AMF,,,,NULL,NULL,NULL,NULL,NULL,,,MCL,MCL,Sat ,NULL,NULL,NULL,NULL,NULL,NULL,NULL,NULL,NULL,NULL,NULL
1801,DD-FC1-51101-6103,Rubber Pad,NULL,NULL,Kit A,NULL,MACHINING,,,AMF,,,,NULL,NULL,NULL,NULL,NULL,,,MCL,MCL,,NULL,NULL,NULL,NULL,NULL,NULL,NULL,NULL,NULL,NULL,NULL
1802,DD-FC1-61101-26,Right Angle Pipe Joint,NULL,NULL,Kit B,NULL,MACHINING,,,AMF,,,,NULL,NULL,NULL,NULL,NULL,,,MCL,MCL,,NULL,NULL,NULL,NULL,NULL,NULL,NULL,NULL,NULL,NULL,NULL
1803,DD-FC1-61001-18,Three Way Joint,NULL,NULL,Kit B,NULL,MACHINING,,,AMF,,,,NULL,NULL,NULL,NULL,NULL,,,MCL,MCL,,NULL,NULL,NULL,NULL,NULL,NULL,NULL,NULL,NULL,NULL,NULL
1804,DD-FC1-61001-17,Three Way Joint,NULL,NULL,Kit B,NULL,MACHINING,,,AMF,,,,NULL,NULL,NULL,NULL,NULL,,,MCL,MCL,,NULL,NULL,NULL,NULL,NULL,NULL,NULL,NULL,NULL,NULL,NULL
1805,DD-FC1-01000-103,Gasket,NULL,NULL,Kit B,NULL,MACHINING,,,AMF,,,,NULL,NULL,NULL,NULL,NULL,,,MCL,MCL,,NULL,NULL,NULL,NULL,NULL,NULL,NULL,NULL,NULL,NULL,NULL
1806,DD-FC1-62021-80/3,Pipe Clip,NULL,NULL,Kit B,NULL,MACHINING,,,AMF,,,,NULL,NULL,NULL,NULL,NULL,,,MCL,MCL,,NULL,NULL,NULL,NULL,NULL,NULL,NULL,NULL,NULL,NULL,NULL
1807,DD-FC1-94076-7,Gasket,NULL,NULL,Kit B,NULL,MACHINING,,,AMF,,,,NULL,NULL,NULL,NULL,NULL,,,MCL,MCL,,NULL,NULL,NULL,NULL,NULL,NULL,NULL,NULL,NULL,NULL,NULL
1808,DD-FC1-68115-1100-Z,Clamp,NULL,NULL,Kit B,NULL,MACHINING,,,AMF,,,,NULL,NULL,NULL,NULL,NULL,,,MCL,MCL,,NULL,NULL,NULL,NULL,NULL,NULL,NULL,NULL,NULL,NULL,NULL
1809,DD-FC1-68115-1100-Y,Clamp,NULL,NULL,Kit B,NULL,MACHINING,,,AMF,,,,NULL,NULL,NULL,NULL,NULL,,,MCL,MCL,,NULL,NULL,NULL,NULL,NULL,NULL,NULL,NULL,NULL,NULL,NULL
1810,DD-FC1-68074-1201,Special Bolt,NULL,NULL,Kit B,NULL,MACHINING,,,AMF,,,,NULL,NULL,NULL,NULL,NULL,,,MCL,MCL,unsat (due to threads),NULL,NULL,NULL,NULL,NULL,NULL,NULL,NULL,NULL,NULL,NULL
1811,DD-FC1-64021-1,Screw,NULL,NULL,Kit B,NULL,MACHINING,,,AMF,,,,NULL,NULL,NULL,NULL,NULL,,,MCL,MCL,Sat,NULL,NULL,NULL,NULL,NULL,NULL,NULL,NULL,NULL,NULL,NULL
1812,DD-FC1-62021-921H,Pipe Clamp,NULL,NULL,Kit B,NULL,MACHINING,,,AMF,,,,NULL,NULL,NULL,NULL,NULL,,,MCL,MCL,,NULL,NULL,NULL,NULL,NULL,NULL,NULL,NULL,NULL,NULL,NULL
1813,DD-FC1-62021-910,Pipe Clamp,NULL,NULL,Kit B,NULL,MACHINING,,,AMF,,,,NULL,NULL,NULL,NULL,NULL,,,MCL,MCL,,NULL,NULL,NULL,NULL,NULL,NULL,NULL,NULL,NULL,NULL,NULL
1814,DD-FC1-55197-30,Pipe Clamp,NULL,NULL,Kit B,NULL,MACHINING,,,AMF,,,,NULL,NULL,NULL,NULL,NULL,,,MCL,MCL,,NULL,NULL,NULL,NULL,NULL,NULL,NULL,NULL,NULL,NULL,NULL
1815,DD-FC1-55187-20,Pipe Clamp,NULL,NULL,Kit B,NULL,MACHINING,,,AMF,,,,NULL,NULL,NULL,NULL,NULL,,,MCL,MCL,Sat,NULL,NULL,NULL,NULL,NULL,NULL,NULL,NULL,NULL,NULL,NULL
1816,DD-FC1-55177-910,Clamp,NULL,NULL,Kit B,NULL,MACHINING,,,AMF,,,,NULL,NULL,NULL,NULL,NULL,,,MCL,MCL,,NULL,NULL,NULL,NULL,NULL,NULL,NULL,NULL,NULL,NULL,NULL
1817,DD-FC1-55177-420,Pipe Clamp,NULL,NULL,Kit B,NULL,MACHINING,,,AMF,,,,NULL,NULL,NULL,NULL,NULL,,,MCL,MCL,,NULL,NULL,NULL,NULL,NULL,NULL,NULL,NULL,NULL,NULL,NULL
1818,DD-FC1-55167-510,Clamp,NULL,NULL,Kit B,NULL,MACHINING,,,AMF,,,,NULL,NULL,NULL,NULL,NULL,,,MCL,MCL,,NULL,NULL,NULL,NULL,NULL,NULL,NULL,NULL,NULL,NULL,NULL
1819,DD-FC1-55156-340,Pipe Clamp,NULL,NULL,Kit B,NULL,MACHINING,,,AMF,,,,NULL,NULL,NULL,NULL,NULL,,,MCL,MCL,,NULL,NULL,NULL,NULL,NULL,NULL,NULL,NULL,NULL,NULL,NULL
1820,DD-FC1-55156-330,Pipe Clamp,NULL,NULL,Kit B,NULL,MACHINING,,,AMF,,,,NULL,NULL,NULL,NULL,NULL,,,MCL,MCL,,NULL,NULL,NULL,NULL,NULL,NULL,NULL,NULL,NULL,NULL,NULL
1821,DD-FC1-55156-320,Pipe Clamp,NULL,NULL,Kit B,NULL,MACHINING,,,AMF,,,,NULL,NULL,NULL,NULL,NULL,,,MCL,MCL,,NULL,NULL,NULL,NULL,NULL,NULL,NULL,NULL,NULL,NULL,NULL
1822,DD-FC1-55146-260,Pipe Clamp,NULL,NULL,Kit B,NULL,MACHINING,,,AMF,,,,NULL,NULL,NULL,NULL,NULL,,,MCL,MCL,,NULL,NULL,NULL,NULL,NULL,NULL,NULL,NULL,NULL,NULL,NULL
1823,DD-FC1-55135-60,Pipe Clip,NULL,NULL,Kit B,NULL,MACHINING,,,AMF,,,,NULL,NULL,NULL,NULL,NULL,,,MCL,MCL,,NULL,NULL,NULL,NULL,NULL,NULL,NULL,NULL,NULL,NULL,NULL
1824,DD-FC1-41005-8,Safety Washer,NULL,NULL,Kit B,NULL,MACHINING,,,AMF,,,,NULL,NULL,NULL,NULL,NULL,,,MCL,MCL,,NULL,NULL,NULL,NULL,NULL,NULL,NULL,NULL,NULL,NULL,NULL
1825,DD-FC1-41005-7,Washer,NULL,NULL,Kit B,NULL,MACHINING,,,AMF,,,,NULL,NULL,NULL,NULL,NULL,,,MCL,MCL,,NULL,NULL,NULL,NULL,NULL,NULL,NULL,NULL,NULL,NULL,NULL
1826,DD-FC1-02151-17,Washer,NULL,NULL,Kit B,NULL,MACHINING,,,AMF,,,,NULL,NULL,NULL,NULL,NULL,,,MCL,MCL,,NULL,NULL,NULL,NULL,NULL,NULL,NULL,NULL,NULL,NULL,NULL
1827,DD-FC1-55156-5003,Hoop,NULL,NULL,Kit B,NULL,MACHINING,,,AMF,,,,NULL,NULL,NULL,NULL,NULL,,,MCL,MCL,,NULL,NULL,NULL,NULL,NULL,NULL,NULL,NULL,NULL,NULL,NULL
1828,DD-FC1-55135-1102,Washer,NULL,NULL,Kit C,NULL,MACHINING,,,AMF,,,,NULL,NULL,NULL,NULL,NULL,,,MCL,MCL,Sat,NULL,NULL,NULL,NULL,NULL,NULL,NULL,NULL,NULL,NULL,NULL
1829,3s222x3.5-J7,Seal Ring,NULL,NULL,Kit C,NULL,DIE PART,,,AMF,,,81-JF-17-62,NULL,NULL,NULL,NULL,NULL,,,MCL,MCL,,NULL,NULL,NULL,NULL,NULL,NULL,NULL,NULL,NULL,NULL,NULL
1830,3S98X2.5-FX4,Seal Ring,NULL,NULL,Kit C,NULL,DIE PART,,,AMF,,,81-JF-17-163,NULL,NULL,NULL,NULL,NULL,,,MCL,MCL,,NULL,NULL,NULL,NULL,NULL,NULL,NULL,NULL,NULL,NULL,NULL
1831,BYQ250-00-03,Rubber Washer,NULL,NULL,Kit C,NULL,DIE PART,,,AMF,,,81-JF-17-277,NULL,NULL,NULL,NULL,NULL,,,MCL,MCL,,NULL,NULL,NULL,NULL,NULL,NULL,NULL,NULL,NULL,NULL,NULL
1832,FR227-0007,Seal Ring,NULL,NULL,Kit C,NULL,DIE PART,,,AMF,,,81-JF-17-278,NULL,NULL,NULL,NULL,NULL,,,MCL,MCL,,NULL,NULL,NULL,NULL,NULL,NULL,NULL,NULL,NULL,NULL,NULL
1833,FR306-114A,Diaphragm,NULL,NULL,Kit C,NULL,DIE PART,,,AMF,,,81-JF-17-253,NULL,NULL,NULL,NULL,NULL,,,MCL,MCL,,NULL,NULL,NULL,NULL,NULL,NULL,NULL,NULL,NULL,NULL,NULL
1834,Q/4A4-48-52x2,Rubber Ring,NULL,NULL,Kit C,NULL,DIE PART,,,AMF,,,81-JF-17-230,NULL,NULL,NULL,NULL,NULL,,,MCL,MCL,,NULL,NULL,NULL,NULL,NULL,NULL,NULL,NULL,NULL,NULL,NULL
1835,QJK1-1000,Valve Assembly,NULL,NULL,Kit C,NULL,DIE PART,,,AMF,,,81-JF-17-137,NULL,NULL,NULL,NULL,NULL,,,MCL,MCL,,NULL,NULL,NULL,NULL,NULL,NULL,NULL,NULL,NULL,NULL,NULL
1836,QJY5-0006,Rubber Ring,NULL,NULL,Kit C,NULL,DIE PART,,,AMF,,,81-JF-17-249,NULL,NULL,NULL,NULL,NULL,,,MCL,MCL,,NULL,NULL,NULL,NULL,NULL,NULL,NULL,NULL,NULL,NULL,NULL
1837,RDK4A-010,Seal Ring,NULL,NULL,Kit C,NULL,DIE PART,,,AMF,,,81-JF-17-115,NULL,NULL,NULL,NULL,NULL,,,MCL,MCL,,NULL,NULL,NULL,NULL,NULL,NULL,NULL,NULL,NULL,NULL,NULL
1838,RDK4A-011,Seal Ring,NULL,NULL,Kit C,NULL,DIE PART,,,AMF,,,81-JF-17-114,NULL,NULL,NULL,NULL,NULL,,,MCL,MCL,,NULL,NULL,NULL,NULL,NULL,NULL,NULL,NULL,NULL,NULL,NULL
1839,RYF10A-014,Diaphragm Assembly,NULL,NULL,Kit C,NULL,DIE PART,,,AMF,,,81-JF-17-254,NULL,NULL,NULL,NULL,NULL,,,MCL,MCL,,NULL,NULL,NULL,NULL,NULL,NULL,NULL,NULL,NULL,NULL,NULL
1840,YDT31-0009,Stopper,NULL,NULL,Kit C,NULL,DIE PART,,,AMF,,,81-JF-17-200,NULL,NULL,NULL,NULL,NULL,,,MCL,MCL,,NULL,NULL,NULL,NULL,NULL,NULL,NULL,NULL,NULL,NULL,NULL
1841,DD-FC1-67011-503,Gasket,NULL,NULL,Kit A,NULL,MACHINING,,,AMF,,,,NULL,NULL,NULL,NULL,NULL,,,MCL,MCL,Sat ,NULL,NULL,NULL,NULL,NULL,NULL,NULL,NULL,NULL,NULL,NULL
1842,DD-FC1-94061-1,Gasket,NULL,NULL,Kit A,NULL,MACHINING,,,AMF,,,,NULL,NULL,NULL,NULL,NULL,,,MCL,MCL,Sat ,NULL,NULL,NULL,NULL,NULL,NULL,NULL,NULL,NULL,NULL,NULL
1843,DD-FC1-55187-1,Current Limiting Three Way Joint,NULL,NULL,Kit B,NULL,FORGING,,,AMF,,,,NULL,NULL,NULL,NULL,NULL,,,Under Trial Test,Part under trial,SAT,NULL,NULL,NULL,NULL,NULL,NULL,NULL,NULL,NULL,NULL,NULL
1844,DD-FC1-55177-801,Elbow Pipe Joint,NULL,NULL,Kit B,NULL,FORGING,,,AMF,,,,NULL,NULL,NULL,NULL,NULL,,,Under Trial Test,Part under trial,SAT,NULL,NULL,NULL,NULL,NULL,NULL,NULL,NULL,NULL,NULL,NULL
1845,DD-FC1-55177-21,Joint,NULL,NULL,Kit B,NULL,FORGING,,,AMF,,,,NULL,NULL,NULL,NULL,NULL,,,Under Trial Test,Part under trial,SAT,NULL,NULL,NULL,NULL,NULL,NULL,NULL,NULL,NULL,NULL,NULL
1846,DD-FC1-55177-19,Three Way Joint,NULL,NULL,Kit B,NULL,FORGING,,,AMF,,,,NULL,NULL,NULL,NULL,NULL,,,Under Trial Test,Part under trial,SAT,NULL,NULL,NULL,NULL,NULL,NULL,NULL,NULL,NULL,NULL,NULL
1847,DD-FC1-55177-17,Three Way Joint,NULL,NULL,Kit B,NULL,FORGING,,,AMF,,,,NULL,NULL,NULL,NULL,NULL,,,Under Trial Test,Part under trial,SAT,NULL,NULL,NULL,NULL,NULL,NULL,NULL,NULL,NULL,NULL,NULL
1848,DD-FC1-55177-15,Three Way Joint,NULL,NULL,Kit B,NULL,FORGING,,,AMF,,,,NULL,NULL,NULL,NULL,NULL,,,Under Trial Test,Part under trial,SAT,NULL,NULL,NULL,NULL,NULL,NULL,NULL,NULL,NULL,NULL,NULL
1849,DD-FC1-55177-13,Three Way Joint,NULL,NULL,Kit B,NULL,FORGING,,,AMF,,,,NULL,NULL,NULL,NULL,NULL,,,Under Trial Test,Part under trial,Under Trial at ARF,NULL,NULL,NULL,NULL,NULL,NULL,NULL,NULL,NULL,NULL,NULL
1850,DD-FC1-55167-21,Joint,NULL,NULL,Kit B,NULL,FORGING,,,AMF,,,,NULL,NULL,NULL,NULL,NULL,,,Under Trial Test,Part under trial,SAT,NULL,NULL,NULL,NULL,NULL,NULL,NULL,NULL,NULL,NULL,NULL
1851,DD-FC1-55167-19,Joint,NULL,NULL,Kit B,NULL,FORGING,,,AMF,,,,NULL,NULL,NULL,NULL,NULL,,,Under Trial Test,Part under trial,UNSAT,NULL,NULL,NULL,NULL,NULL,NULL,NULL,NULL,NULL,NULL,NULL
1852,DD-FC1-55167-17,Three Way Joint,NULL,NULL,Kit B,NULL,FORGING,,,AMF,,,,NULL,NULL,NULL,NULL,NULL,,,Under Trial Test,Part under trial,SAT,NULL,NULL,NULL,NULL,NULL,NULL,NULL,NULL,NULL,NULL,NULL
1853,DD-FC1-55167-15,Three Way Joint,NULL,NULL,Kit B,NULL,FORGING,,,AMF,,,,NULL,NULL,NULL,NULL,NULL,,,Under Trial Test,Part under trial,SAT,NULL,NULL,NULL,NULL,NULL,NULL,NULL,NULL,NULL,NULL,NULL
1854,DD-FC1-55167-13,Three Way Joint,NULL,NULL,Kit B,NULL,FORGING,,,AMF,,,,NULL,NULL,NULL,NULL,NULL,,,Under Trial Test,Part under trial,Under Trial at ARF,NULL,NULL,NULL,NULL,NULL,NULL,NULL,NULL,NULL,NULL,NULL
1855,DD-FC1-55167-11,Three Way Joint,NULL,NULL,Kit B,NULL,FORGING,,,AMF,,,,NULL,NULL,NULL,NULL,NULL,,,Under Trial Test,Part under trial,SAT,NULL,NULL,NULL,NULL,NULL,NULL,NULL,NULL,NULL,NULL,NULL
1856,DD-FC1-55156-3,Three Way Joint,NULL,NULL,Kit B,NULL,FORGING,,,AMF,,,,NULL,NULL,NULL,NULL,NULL,,,Under Trial Test,Part under trial,Under Trial at ARF,NULL,NULL,NULL,NULL,NULL,NULL,NULL,NULL,NULL,NULL,NULL
1857,DD-FC1-55156-2,Three Way Joint,NULL,NULL,Kit B,NULL,FORGING,,,AMF,,,,NULL,NULL,NULL,NULL,NULL,,,Under Trial Test,Part under trial,Under Trial at ARF,NULL,NULL,NULL,NULL,NULL,NULL,NULL,NULL,NULL,NULL,NULL
1858,DD-FC1-55156-1,Three Way Joint,NULL,NULL,Kit B,NULL,FORGING,,,AMF,,,,NULL,NULL,NULL,NULL,NULL,,,Under Trial Test,Part under trial,SAT,NULL,NULL,NULL,NULL,NULL,NULL,NULL,NULL,NULL,NULL,NULL
1859,DD-FC1-55146-4,Three Way Joint,NULL,NULL,Kit B,NULL,FORGING,,,AMF,,,,NULL,NULL,NULL,NULL,NULL,,,Under Trial Test,Part under trial,SAT,NULL,NULL,NULL,NULL,NULL,NULL,NULL,NULL,NULL,NULL,NULL
1860,DD-FC1-55146-3,Three Way Joint,NULL,NULL,Kit B,NULL,FORGING,,,AMF,,,,NULL,NULL,NULL,NULL,NULL,,,Under Trial Test,Part under trial,SAT,NULL,NULL,NULL,NULL,NULL,NULL,NULL,NULL,NULL,NULL,NULL
1861,DD-FC1-55146-2,Three Way Joint,NULL,NULL,Kit B,NULL,FORGING,,,AMF,,,,NULL,NULL,NULL,NULL,NULL,,,Under Trial Test,Part under trial,SAT,NULL,NULL,NULL,NULL,NULL,NULL,NULL,NULL,NULL,NULL,NULL
1862,DD-FC1-55123-1,Four Way Pipe Joint With Limiting Hole,NULL,NULL,Kit B,NULL,FORGING,,,AMF,,,,NULL,NULL,NULL,NULL,NULL,,,Under Trial Test,Part under trial,SAT,NULL,NULL,NULL,NULL,NULL,NULL,NULL,NULL,NULL,NULL,NULL
1863,DD-FC1-61001-28,Connector,NULL,NULL,Kit B,NULL,FORGING,,,AMF,,,,NULL,NULL,NULL,NULL,NULL,,,Part under TF,Mat rejected. New material under preperation,Mat rejected,NULL,NULL,NULL,NULL,NULL,NULL,NULL,NULL,NULL,NULL,NULL
1864,DD-FC1-61001-27,Connector,NULL,NULL,Kit B,NULL,FORGING,,,AMF,,,,NULL,NULL,NULL,NULL,NULL,,,Part under TF,Mat rejected. New material under preperation,Mat rejected,NULL,NULL,NULL,NULL,NULL,NULL,NULL,NULL,NULL,NULL,NULL
1865,DD-FC1-55197-7001,90 Through Bulkhead Connector,NULL,NULL,Kit B,NULL,FORGING,,,AMF,,,,NULL,NULL,NULL,NULL,NULL,,,Under Trial Test,Part under trial,Under Trial at ARF,NULL,NULL,NULL,NULL,NULL,NULL,NULL,NULL,NULL,NULL,NULL
1866,DD-FC1-55156-140,Four Way Pipe Connector With Locking Nut,NULL,NULL,Kit B,NULL,FORGING,,,AMF,,,,NULL,NULL,NULL,NULL,NULL,,,Under Trial Test,Part under trial,Under Assy at AMF,NULL,NULL,NULL,NULL,NULL,NULL,NULL,NULL,NULL,NULL,NULL
1867,DD-FC1-55156-5800,Three-Way Elbow Joint With Locking Nut,NULL,NULL,Kit B,NULL,FORGING,,,AMF,,,,NULL,NULL,NULL,NULL,NULL,,,Under Trial Test,Part under trial,Under Assy at AMF,NULL,NULL,NULL,NULL,NULL,NULL,NULL,NULL,NULL,NULL,NULL
1868,DD-FC1-61001-19,Three-Way Pipe Joint,NULL,NULL,Kit B,NULL,FORGING,,,AMF,,,,NULL,NULL,NULL,NULL,NULL,,,Part under TF,Mat rejected. New material under preperation,Mat rejected,NULL,NULL,NULL,NULL,NULL,NULL,NULL,NULL,NULL,NULL,NULL
1869,DD-FC1-62021-12010,Swan Neck Connector,NULL,NULL,Kit B,NULL,FORGING,,,AMF,,,,NULL,NULL,NULL,NULL,NULL,,,Under Trial Test,Part under trial,Under Assy at AMF,NULL,NULL,NULL,NULL,NULL,NULL,NULL,NULL,NULL,NULL,NULL
1870,FZ204-0011,Rubber Gasket,NULL,NULL,Kit C,NULL,DIE PART,,,AMF,,,81-JF-17-296,NULL,NULL,NULL,NULL,NULL,,,MCL,MCL,30 May MCL,NULL,NULL,NULL,NULL,NULL,NULL,NULL,NULL,NULL,NULL,NULL
1871,QDF42-0017,Rubber Cup,NULL,NULL,Kit C,NULL,DIE PART,,,AMF,,,81-JF-17-328,NULL,NULL,NULL,NULL,NULL,,,Part under TF,Die under Rework at ARF,02 Aug state remarks,NULL,NULL,NULL,NULL,NULL,NULL,NULL,NULL,NULL,NULL,NULL
1872,QJY2B-0011,Seal Ring,NULL,NULL,Kit C,NULL,DIE PART,,,AMF,,,81-JF-17-281,NULL,NULL,NULL,NULL,NULL,,,Part under TF,Die under Rework at ARF,02 Aug state remarks,NULL,NULL,NULL,NULL,NULL,NULL,NULL,NULL,NULL,NULL,NULL
1873,QJY5-0008,Rubber Ring,NULL,NULL,Kit C,NULL,DIE PART,,,AMF,,,81-JF-17-263,NULL,NULL,NULL,NULL,NULL,,,MCL,MCL,30 May MCL,NULL,NULL,NULL,NULL,NULL,NULL,NULL,NULL,NULL,NULL,NULL
1874,RHF1-105,Sealing Washer,NULL,NULL,Kit C,NULL,DIE PART,,,AMF,,,81-JF-17-317,NULL,NULL,NULL,NULL,NULL,,,Part under TF,Die under Rework at ARF,02 Aug state remarks,NULL,NULL,NULL,NULL,NULL,NULL,NULL,NULL,NULL,NULL,NULL
1875,YZL25-1402,Dust Ring,NULL,NULL,Kit C,NULL,DIE PART,,,AMF,,,81-JF-17-280,NULL,NULL,NULL,NULL,NULL,,,Under Trial Test,Part trial Ok. Dwg to be ammended and can be marked in Aug MCL,,NULL,NULL,NULL,NULL,NULL,NULL,NULL,NULL,NULL,NULL,NULL
1876,YZL26-2006,Seal Ring,NULL,NULL,Kit C,NULL,DIE PART,,,AMF,,,81-JF-17-98,NULL,NULL,NULL,NULL,NULL,,,Under Trial Test,Rubber part vulcanized. Part / die under qualification,,NULL,NULL,NULL,NULL,NULL,NULL,NULL,NULL,NULL,NULL,NULL
1877,NZ35-4-1.5-5080,Seal Ring,NULL,NULL,Kit C,NULL,DIE PART,,,AMF,,,81-JF-17-169,NULL,NULL,NULL,NULL,NULL,,,Part under TF,Die under Rework at ARF,02 Aug state remarks,NULL,NULL,NULL,NULL,NULL,NULL,NULL,NULL,NULL,NULL,NULL
1878,DD-FC1-42014-6,Seal Ring,NULL,NULL,Kit C,NULL,DIE PART,,,AMF,,,81-JF-17-293,NULL,NULL,NULL,NULL,NULL,,,Under Trial Test,PENDING DIES,,NULL,NULL,NULL,NULL,NULL,NULL,NULL,NULL,NULL,NULL,NULL
1879,DD-FC1-55167-2111,Rubber Gasket,NULL,NULL,Kit C,NULL,DIE PART,,,AMF,,,81-JF-17-261,NULL,NULL,NULL,NULL,NULL,,,MCL,MCL,02 Aug MCL,NULL,NULL,NULL,NULL,NULL,NULL,NULL,NULL,NULL,NULL,NULL
1880,DD-FC1-55167-2113,Rubber Ring,NULL,NULL,Kit C,NULL,DIE PART,,,AMF,,,81-JF-17-193,NULL,NULL,NULL,NULL,NULL,,,Under Trial Test,PENDING DIES,,NULL,NULL,NULL,NULL,NULL,NULL,NULL,NULL,NULL,NULL,NULL
1881,DD-FC1-55177-3111,Rubber Ring,NULL,NULL,Kit C,NULL,DIE PART,,,AMF,,,81-JF-17-326,NULL,NULL,NULL,NULL,NULL,,,Under Trial Test,PENDING DIES,,NULL,NULL,NULL,NULL,NULL,NULL,NULL,NULL,NULL,NULL,NULL
1882,DD-FC1-55177-3113,Rubber Ring,NULL,NULL,Kit C,NULL,DIE PART,,,AMF,,,81-JF-17-193,NULL,NULL,NULL,NULL,NULL,,,Under Trial Test,PENDING DIES,,NULL,NULL,NULL,NULL,NULL,NULL,NULL,NULL,NULL,NULL,NULL
1883,FYX101-0004,X Sealing Ring,NULL,NULL,KIT C,NULL,DIE PART,,,AMF,,,81-JF-17-276,NULL,NULL,NULL,NULL,NULL,,,Beyond Capability,Rubber part vulcanized. Part / die under qualification,,NULL,NULL,NULL,NULL,NULL,NULL,NULL,NULL,NULL,NULL,NULL
1884,J7-4102-115,Rubber Seal,NULL,NULL,Kit C,NULL,DIE PART,,,AMF,,,81-JF-17-286,NULL,NULL,NULL,NULL,NULL,,,Under Trial Test,PENDING DIES,,NULL,NULL,NULL,NULL,NULL,NULL,NULL,NULL,NULL,NULL,NULL
1885,J7I-4102-311,Seal Ring (Felt),NULL,NULL,Kit C,NULL,DIE PART,,,AMF(EX,,,,NULL,NULL,NULL,NULL,NULL,,,Die under TF,DIES UNDER DESIGN BY AMF,,NULL,NULL,NULL,NULL,NULL,NULL,NULL,NULL,NULL,NULL,NULL
1886,KJY-15-2006,Seal Ring,NULL,NULL,Kit C,NULL,DIE PART,,,AMF(EX,,,,NULL,NULL,NULL,NULL,NULL,,,Die under TF,DIES UNDER DESIGN BY AMF,,NULL,NULL,NULL,NULL,NULL,NULL,NULL,NULL,NULL,NULL,NULL
1887,KJY-19-1010,Valve Seat,NULL,NULL,Kit C,NULL,DIE PART,,,AMF,,,81-JF-17-239,NULL,NULL,NULL,NULL,NULL,,,Part under TF,PENDING DIES,02 Aug state remarks,NULL,NULL,NULL,NULL,NULL,NULL,NULL,NULL,NULL,NULL,NULL
1888,NZ35H-34.5-3-5080,Seal Ring,NULL,NULL,Kit C,NULL,DIE PART,,,AMF,,,81-JF-17-198,NULL,NULL,NULL,NULL,NULL,,,Part under TF,PENDING DIES,02 Aug state remarks,NULL,NULL,NULL,NULL,NULL,NULL,NULL,NULL,NULL,NULL,NULL
1889,NZ35H-50-3-FS6265,Seal Ring,NULL,NULL,Kit C,NULL,DIE PART,,,AMF(EX,,,81-JF17-367,NULL,NULL,NULL,NULL,NULL,,,Die under TF,Under TF at ARF,DIE MFG AT ARF & PART UNDER TF. TASK TO BE SHIFTED TO ARF,NULL,NULL,NULL,NULL,NULL,NULL,NULL,NULL,NULL,NULL,NULL
1890,NZ35H-68-3.5-FS6265,Seal Ring,NULL,NULL,Kit C,NULL,DIE PART,,,AMF(EX,,,81-JF17-374,NULL,NULL,NULL,NULL,NULL,,,Die under TF,Under TF at ARF,DIE UNDER MFG AT ARF. TASK TO BE SHIFTED TO ARF,NULL,NULL,NULL,NULL,NULL,NULL,NULL,NULL,NULL,NULL,NULL
1891,Q/3A4-93J1-16,Seal Ring,NULL,NULL,Kit C,NULL,DIE PART,,,AMF,,,81-JF-17-146,NULL,NULL,NULL,NULL,NULL,,,Part under TF,Part under TF,,NULL,NULL,NULL,NULL,NULL,NULL,NULL,NULL,NULL,NULL,NULL
1892,Q/3A4-94J1-4,Seal Ring,NULL,NULL,Kit C,NULL,DIE PART,,,AMF,,,81-JF-17-192,NULL,NULL,NULL,NULL,NULL,,,Part under TF,PENDING DIES,02 Aug state remarks,NULL,NULL,NULL,NULL,NULL,NULL,NULL,NULL,NULL,NULL,NULL
1893,QDK8A-0004,Seal Ring,NULL,NULL,Kit C,NULL,DIE PART,,,AMF,,,81-JF-17-264,NULL,NULL,NULL,NULL,NULL,,,Part under TF,PENDING DIES,02 Aug state remarks,NULL,NULL,NULL,NULL,NULL,NULL,NULL,NULL,NULL,NULL,NULL
1894,QHF1A-000-19,Seal Ring,NULL,NULL,Kit C,NULL,DIE PART,,,AMF(EX,,,,NULL,NULL,NULL,NULL,NULL,,,Die under TF,DIES UNDER DESIGN BY AMF,,NULL,NULL,NULL,NULL,NULL,NULL,NULL,NULL,NULL,NULL,NULL
1895,QHF1A-100-02,Seal Ring,NULL,NULL,Kit C,NULL,DIE PART,,,AMF(EX,,,,NULL,NULL,NULL,NULL,NULL,,,Die under TF,DIES UNDER DESIGN BY AMF,,NULL,NULL,NULL,NULL,NULL,NULL,NULL,NULL,NULL,NULL,NULL
1896,QHF1A-100-04,Seal Ring,NULL,NULL,Kit C,NULL,DIE PART,,,AMF,,,81-JF-17-272,NULL,NULL,NULL,NULL,NULL,,,Part under TF,PENDING DIES,02 Aug state remarks,NULL,NULL,NULL,NULL,NULL,NULL,NULL,NULL,NULL,NULL,NULL
1897,QJY2B-0018,Seal Ring,NULL,NULL,Kit C,NULL,DIE PART,,,AMF,,,81-JF-17-288,NULL,NULL,NULL,NULL,NULL,,,Under Trial Test,PENDING DIES,,NULL,NULL,NULL,NULL,NULL,NULL,NULL,NULL,NULL,NULL,NULL
1898,QMO-33-J1S,Seal Ring,NULL,NULL,Kit C,NULL,DIE PART,,,AMF,,,81-JF-17-236,NULL,NULL,NULL,NULL,NULL,,,Part under TF,PENDING DIES,02 Aug state remarks,NULL,NULL,NULL,NULL,NULL,NULL,NULL,NULL,NULL,NULL,NULL
1899,QMO-39-J1,Rubber Mat,NULL,NULL,Kit C,NULL,DIE PART,,,AMF,,,81-JF-17-57,NULL,NULL,NULL,NULL,NULL,,,Under Trial Test,PENDING DIES,,NULL,NULL,NULL,NULL,NULL,NULL,NULL,NULL,NULL,NULL,NULL
1900,QMO-40-J1S,Seal Ring,NULL,NULL,Kit C,NULL,DIE PART,,,AMF,,,81-JF-17-221,NULL,NULL,NULL,NULL,NULL,,,Under Trial Test,PENDING DIES,,NULL,NULL,NULL,NULL,NULL,NULL,NULL,NULL,NULL,NULL,NULL
1901,QXF71-0002,Seal Ring (G401),NULL,NULL,Kit C,NULL,DIE PART,,,AMF(EX,,,,NULL,NULL,NULL,NULL,NULL,,,Die under TF,DIES UNDER DESIGN BY AMF,,NULL,NULL,NULL,NULL,NULL,NULL,NULL,NULL,NULL,NULL,NULL
1902,RDK4A-012,Seal Ring,NULL,NULL,Kit C,NULL,DIE PART,,,AMF,,,81-JF-17-164,NULL,NULL,NULL,NULL,NULL,,,Part under TF,PENDING DIES,02 Aug state remarks,NULL,NULL,NULL,NULL,NULL,NULL,NULL,NULL,NULL,NULL,NULL
1903,RDK4A-203,Seal Ring,NULL,NULL,Kit C,NULL,DIE PART,,,AMF,,,81-JF-17-160,NULL,NULL,NULL,NULL,NULL,,,Under Trial Test,Rubber part vulcanized. Part / die under qualification,,NULL,NULL,NULL,NULL,NULL,NULL,NULL,NULL,NULL,NULL,NULL
1904,RL41-000-03,Seal Ring,NULL,NULL,Kit C,NULL,DIE PART,,,AMF,,,81-JF-17-162,NULL,NULL,NULL,NULL,NULL,,,Under Trial Test,Rubber part vulcanized. Part / die under qualification,,NULL,NULL,NULL,NULL,NULL,NULL,NULL,NULL,NULL,NULL,NULL
1905,RL41-000-04,Filter Seal,NULL,NULL,Kit C,NULL,DIE PART,,,AMF,,,81-JF-17-290,NULL,NULL,NULL,NULL,NULL,,,Under Trial Test,Rubber part vulcanized. Part / die under qualification,,NULL,NULL,NULL,NULL,NULL,NULL,NULL,NULL,NULL,NULL,NULL
1906,YDT15-017,Felt Ring,NULL,NULL,Kit C,NULL,DIE PART,,,AMF(EX,,,,NULL,NULL,NULL,NULL,NULL,,,Die under TF,DIES UNDER DESIGN BY AMF,,NULL,NULL,NULL,NULL,NULL,NULL,NULL,NULL,NULL,NULL,NULL
1907,YDT16-014,Felt Ring,NULL,NULL,Kit C,NULL,DIE PART,,,AMF(EX,,,,NULL,NULL,NULL,NULL,NULL,,,Die under TF,DIES UNDER DESIGN BY AMF,,NULL,NULL,NULL,NULL,NULL,NULL,NULL,NULL,NULL,NULL,NULL
1908,YDT17-017,Felt Ring,NULL,NULL,Kit C,NULL,DIE PART,,,AMF(EX,,,,NULL,NULL,NULL,NULL,NULL,,,Die under TF,DIES UNDER DESIGN BY AMF,,NULL,NULL,NULL,NULL,NULL,NULL,NULL,NULL,NULL,NULL,NULL
1909,YHF1-0002,Seal Ring,NULL,NULL,Kit C,NULL,DIE PART,,,AMF,,,81-JF-17-116,NULL,NULL,NULL,NULL,NULL,,,Under Trial Test,Rubber part vulcanized. Part / die under qualification,,NULL,NULL,NULL,NULL,NULL,NULL,NULL,NULL,NULL,NULL,NULL
1910,YHF1-1006,Seal Ring,NULL,NULL,Kit C,NULL,DIE PART,,,AMF,,,81-JF-17-112,NULL,NULL,NULL,NULL,NULL,,,Under Trial Test,PENDING DIES,,NULL,NULL,NULL,NULL,NULL,NULL,NULL,NULL,NULL,NULL,NULL
1911,YY4-30-1,Seal Ring,NULL,NULL,Kit C,NULL,DIE PART,,,AMF,,,81-JF-17-52,NULL,NULL,NULL,NULL,NULL,,,Under Trial Test,PENDING DIES,,NULL,NULL,NULL,NULL,NULL,NULL,NULL,NULL,NULL,NULL,NULL
1912,YYF53-10,Valve Assembly,NULL,NULL,Kit C,NULL,DIE PART,,,AMF,,,81-JF-17-172,NULL,NULL,NULL,NULL,NULL,,,Part under TF,PENDING DIES,02 Aug state remarks,NULL,NULL,NULL,NULL,NULL,NULL,NULL,NULL,NULL,NULL,NULL
1913,YYL14-00002,Sealing Ring,NULL,NULL,Kit C,NULL,DIE PART,,,AMF,,,81-JF-17-159,NULL,NULL,NULL,NULL,NULL,,,Part under TF,PENDING DIES,02 Aug state remarks,NULL,NULL,NULL,NULL,NULL,NULL,NULL,NULL,NULL,NULL,NULL
1914,YYL19A-1001,Rubber Ring,NULL,NULL,Kit C,NULL,DIE PART,,,AMF,,,81-JF-17-291,NULL,NULL,NULL,NULL,NULL,,,Under Trial Test,Rubber part vulcanized. Part / die under qualification,,NULL,NULL,NULL,NULL,NULL,NULL,NULL,NULL,NULL,NULL,NULL
1915,YYL19A-1002,Rubber Ring,NULL,NULL,Kit C,NULL,DIE PART,,,AMF,,,81-JF-17-167,NULL,NULL,NULL,NULL,NULL,,,Part under TF,Assembling at ARF,,NULL,NULL,NULL,NULL,NULL,NULL,NULL,NULL,NULL,NULL,NULL
1916,YYL28-0003,Seal Ring,NULL,NULL,Kit C,NULL,DIE PART,,,AMF,,,81-JF-17-58,NULL,NULL,NULL,NULL,NULL,,,Under Trial Test,PENDING DIES,,NULL,NULL,NULL,NULL,NULL,NULL,NULL,NULL,NULL,NULL,NULL
1917,YYL29-0004,Seal Ring,NULL,NULL,Kit C,NULL,DIE PART,,,AMF,,,81-JF-17-287,NULL,NULL,NULL,NULL,NULL,,,Under Trial Test,Rubber part vulcanized. Part / die under qualification,,NULL,NULL,NULL,NULL,NULL,NULL,NULL,NULL,NULL,NULL,NULL
1918,YYL29-0005,Seal Ring,NULL,NULL,Kit C,NULL,DIE PART,,,AMF,,,81-JF-17-283,NULL,NULL,NULL,NULL,NULL,,,Under Trial Test,PENDING DIES,,NULL,NULL,NULL,NULL,NULL,NULL,NULL,NULL,NULL,NULL,NULL
1919,DD-FC1-62021-1,Adapter,NULL,NULL,Kit B,NULL,FORGING,,,AMF,,,,NULL,NULL,NULL,NULL,NULL,,,Part under TF,Material under Acceptance at AMF,,NULL,NULL,NULL,NULL,NULL,NULL,NULL,NULL,NULL,NULL,NULL
1920,DD-FC1-55177-11,Four Way Pipe Joint,NULL,NULL,Kit B,NULL,FORGING,,,AMF,,,,NULL,NULL,NULL,NULL,NULL,,,Part under TF,AWT MATERIAL,,NULL,NULL,NULL,NULL,NULL,NULL,NULL,NULL,NULL,NULL,NULL
1921,DD-FC1-55167-604,Three Way Joint,NULL,NULL,Kit B,NULL,FORGING,,,AMF,,,,NULL,NULL,NULL,NULL,NULL,,,Part under TF,AWT MATERIAL,,NULL,NULL,NULL,NULL,NULL,NULL,NULL,NULL,NULL,NULL,NULL
1922,DD-FC1-55167-602,Elbow Pipe Joint,NULL,NULL,Kit B,NULL,FORGING,,,AMF,,,,NULL,NULL,NULL,NULL,NULL,,,Part under TF,AWT MATERIAL,,NULL,NULL,NULL,NULL,NULL,NULL,NULL,NULL,NULL,NULL,NULL
1923,DD-FC1-55156-4,Three Way Joint,NULL,NULL,Kit B,NULL,FORGING,,,AMF,,,,NULL,NULL,NULL,NULL,NULL,,,Part under TF,AWT MATERIAL,,NULL,NULL,NULL,NULL,NULL,NULL,NULL,NULL,NULL,NULL,NULL
1924,DD-FC1-06041-80,Elbow Connector Mnbm,NULL,NULL,Kit B,NULL,FORGING,,,AMF,,,,NULL,NULL,NULL,NULL,NULL,,,Part under TF,Material under Acceptance at AMF,,NULL,NULL,NULL,NULL,NULL,NULL,NULL,NULL,NULL,NULL,NULL
1925,DD-FC1-55123-150,T-Connector With Locking Nut,NULL,NULL,Kit B,NULL,FORGING,,,AMF,,,,NULL,NULL,NULL,NULL,NULL,,,Part under TF,AWT MATERIAL,,NULL,NULL,NULL,NULL,NULL,NULL,NULL,NULL,NULL,NULL,NULL
1926,DD-FC1-55123-160,Pipe Fitting With Locking Nut,NULL,NULL,Kit B,NULL,FORGING,,,AMF,,,,NULL,NULL,NULL,NULL,NULL,,,Part under TF,AWT MATERIAL,,NULL,NULL,NULL,NULL,NULL,NULL,NULL,NULL,NULL,NULL,NULL
1927,DD-FC1-55135-80,Square Elbow Joint With Locking Nut,NULL,NULL,Kit B,NULL,FORGING,,,AMF,,,,NULL,NULL,NULL,NULL,NULL,,,Part under TF,Material under Acceptance at AMF,,NULL,NULL,NULL,NULL,NULL,NULL,NULL,NULL,NULL,NULL,NULL
1928,DD-FC1-55135-90,Three Way Pipe Connector With Locking Nut,NULL,NULL,Kit B,NULL,FORGING,,,AMF,,,,NULL,NULL,NULL,NULL,NULL,,,Part under TF,AWT MATERIAL,,NULL,NULL,NULL,NULL,NULL,NULL,NULL,NULL,NULL,NULL,NULL
1929,DD-FC1-55146-110,Three Way Pipe Connector With Locking Nut,NULL,NULL,Kit B,NULL,FORGING,,,AMF,,,,NULL,NULL,NULL,NULL,NULL,,,Part under TF,Material under Acceptance at AMF,,NULL,NULL,NULL,NULL,NULL,NULL,NULL,NULL,NULL,NULL,NULL
1930,DD-FC1-55146-120,Three Way Pipe Connector With Locking Nut,NULL,NULL,Kit B,NULL,FORGING,,,AMF,,,,NULL,NULL,NULL,NULL,NULL,,,Part under TF,Material under Acceptance at AMF,,NULL,NULL,NULL,NULL,NULL,NULL,NULL,NULL,NULL,NULL,NULL
1931,DD-FC1-55146-130,Three Way Pipe Connector With Locking Nut,NULL,NULL,Kit B,NULL,FORGING,,,AMF,,,,NULL,NULL,NULL,NULL,NULL,,,Part under TF,Material under Acceptance at AMF,,NULL,NULL,NULL,NULL,NULL,NULL,NULL,NULL,NULL,NULL,NULL
1932,DD-FC1-55146-60,Three Way Pipe Connector With Locking Nut,NULL,NULL,Kit B,NULL,FORGING,,,AMF,,,,NULL,NULL,NULL,NULL,NULL,,,Part under TF,Material under Acceptance at AMF,,NULL,NULL,NULL,NULL,NULL,NULL,NULL,NULL,NULL,NULL,NULL
1933,DD-FC1-55146-70,Three Way Pipe Connector With Locking Nut,NULL,NULL,Kit B,NULL,FORGING,,,AMF,,,,NULL,NULL,NULL,NULL,NULL,,,Part under TF,Material under Acceptance at AMF,,NULL,NULL,NULL,NULL,NULL,NULL,NULL,NULL,NULL,NULL,NULL
1934,DD-FC1-55146-80,Three-Way Pipe Connector With Locking Nut,NULL,NULL,Kit B,NULL,FORGING,,,AMF,,,,NULL,NULL,NULL,NULL,NULL,,,Part under TF,Material under Acceptance at AMF,,NULL,NULL,NULL,NULL,NULL,NULL,NULL,NULL,NULL,NULL,NULL
1935,DD-FC1-55146-90,Three Way Pipe Connector With Locking Nut,NULL,NULL,Kit B,NULL,FORGING,,,AMF,,,,NULL,NULL,NULL,NULL,NULL,,,Part under TF,Material under Acceptance at AMF,,NULL,NULL,NULL,NULL,NULL,NULL,NULL,NULL,NULL,NULL,NULL
1936,DD-FC1-55156-110,Three Way Pipe Connector With Locking Nut,NULL,NULL,Kit B,NULL,FORGING,,,AMF,,,,NULL,NULL,NULL,NULL,NULL,,,Part under TF,Material under Acceptance at AMF,,NULL,NULL,NULL,NULL,NULL,NULL,NULL,NULL,NULL,NULL,NULL
1937,DD-FC1-55156-120,Three Way Pipe Connector With Locking Nut,NULL,NULL,Kit B,NULL,FORGING,,,AMF,,,,NULL,NULL,NULL,NULL,NULL,,,Part under TF,AWT MATERIAL,,NULL,NULL,NULL,NULL,NULL,NULL,NULL,NULL,NULL,NULL,NULL
1938,DD-FC1-55156-130,Three Way Pipe Connector With Locking Nut,NULL,NULL,Kit B,NULL,FORGING,,,AMF,,,,NULL,NULL,NULL,NULL,NULL,,,Part under TF,Material under Acceptance at AMF,,NULL,NULL,NULL,NULL,NULL,NULL,NULL,NULL,NULL,NULL,NULL
1939,DD-FC1-55156-150,Pipe Connector With Locking Nut,NULL,NULL,Kit B,NULL,FORGING,,,AMF,,,,NULL,NULL,NULL,NULL,NULL,,,Part under TF,Material under Acceptance at AMF,,NULL,NULL,NULL,NULL,NULL,NULL,NULL,NULL,NULL,NULL,NULL
1940,DD-FC1-55156-160,Three Way Pipe Connector With Locking Nut,NULL,NULL,Kit B,NULL,FORGING,,,AMF,,,,NULL,NULL,NULL,NULL,NULL,,,Part under TF,Material under Acceptance at AMF,,NULL,NULL,NULL,NULL,NULL,NULL,NULL,NULL,NULL,NULL,NULL
1941,DD-FC1-55156-170,Three Way Pipe Connector With Locking Nut,NULL,NULL,Kit B,NULL,FORGING,,,AMF,,,,NULL,NULL,NULL,NULL,NULL,,,Part under TF,Material under Acceptance at AMF,,NULL,NULL,NULL,NULL,NULL,NULL,NULL,NULL,NULL,NULL,NULL
1942,DD-FC1-55156-180,Pipe Connector With Locking Nut,NULL,NULL,Kit B,NULL,FORGING,,,AMF,,,,NULL,NULL,NULL,NULL,NULL,,,Part under TF,Material under Acceptance at AMF,,NULL,NULL,NULL,NULL,NULL,NULL,NULL,NULL,NULL,NULL,NULL
1943,DD-FC1-55156-350,Pipe Connector With Locking Nut,NULL,NULL,Kit B,NULL,FORGING,,,AMF,,,,NULL,NULL,NULL,NULL,NULL,,,Part under TF,AWT MATERIAL,,NULL,NULL,NULL,NULL,NULL,NULL,NULL,NULL,NULL,NULL,NULL
1944,DD-FC1-55156-40,Elbow Connector With Locking Nut,NULL,NULL,Kit B,NULL,FORGING,,,AMF,,,,NULL,NULL,NULL,NULL,NULL,,,Part under TF,AWT MATERIAL,,NULL,NULL,NULL,NULL,NULL,NULL,NULL,NULL,NULL,NULL,NULL
1945,DD-FC1-55156-50,Four Way Pipe Connector With Locking Nut,NULL,NULL,Kit B,NULL,FORGING,,,AMF,,,,NULL,NULL,NULL,NULL,NULL,,,Part under TF,AWT MATERIAL,,NULL,NULL,NULL,NULL,NULL,NULL,NULL,NULL,NULL,NULL,NULL
1946,DD-FC1-55156-5600,Elbow Joint With Locking Nut,NULL,NULL,Kit B,NULL,FORGING,,,AMF,,,,NULL,NULL,NULL,NULL,NULL,,,Part under TF,AWT MATERIAL,,NULL,NULL,NULL,NULL,NULL,NULL,NULL,NULL,NULL,NULL,NULL
1947,DD-FC1-55156-60,Four Way Pipe Connector With Locking Nut,NULL,NULL,Kit B,NULL,FORGING,,,AMF,,,,NULL,NULL,NULL,NULL,NULL,,,Part under TF,AWT MATERIAL,,NULL,NULL,NULL,NULL,NULL,NULL,NULL,NULL,NULL,NULL,NULL
1948,DD-FC1-55156-70,Elbow Connector With Locking Nut,NULL,NULL,Kit B,NULL,FORGING,,,AMF,,,,NULL,NULL,NULL,NULL,NULL,,,Part under TF,AWT MATERIAL,,NULL,NULL,NULL,NULL,NULL,NULL,NULL,NULL,NULL,NULL,NULL
1949,DD-FC1-55156-80,Three Way Pipe Connector With Locking Nut,NULL,NULL,Kit B,NULL,FORGING,,,AMF,,,,NULL,NULL,NULL,NULL,NULL,,,Part under TF,AWT MATERIAL,,NULL,NULL,NULL,NULL,NULL,NULL,NULL,NULL,NULL,NULL,NULL
1950,DD-FC1-55156-8400,Three Way Pipe Connector With Locking Nut,NULL,NULL,Kit B,NULL,FORGING,,,AMF,,,,NULL,NULL,NULL,NULL,NULL,,,Part under TF,AWT MATERIAL,,NULL,NULL,NULL,NULL,NULL,NULL,NULL,NULL,NULL,NULL,NULL
1951,DD-FC1-55156-90,Three-Way Pipe Connector With Locking Nut,NULL,NULL,Kit B,NULL,FORGING,,,AMF,,,,NULL,NULL,NULL,NULL,NULL,,,Part under TF,Material under Acceptance at AMF,,NULL,NULL,NULL,NULL,NULL,NULL,NULL,NULL,NULL,NULL,NULL
1952,DD-FC1-55187-2,T-Shape Flow Limitation Connector,NULL,NULL,Kit B,NULL,FORGING,,,AMF,,,,NULL,NULL,NULL,NULL,NULL,,,Part under TF,AWT MATERIAL,,NULL,NULL,NULL,NULL,NULL,NULL,NULL,NULL,NULL,NULL,NULL
1953,DD-FC1-61001-170,Square Elbow,NULL,NULL,Kit B,NULL,FORGING,,,AMF,,,,NULL,NULL,NULL,NULL,NULL,,,Part under TF,AWT MATERIAL,,NULL,NULL,NULL,NULL,NULL,NULL,NULL,NULL,NULL,NULL,NULL
1954,DD-FC1-61001-410,Swivel Joint,NULL,NULL,Kit B,NULL,FORGING,,,AMF,,,,NULL,NULL,NULL,NULL,NULL,,,Part under TF,Material under Acceptance at AMF,,NULL,NULL,NULL,NULL,NULL,NULL,NULL,NULL,NULL,NULL,NULL
1955,YXF60-0005,Special Washer,NULL,NULL,Kit C,NULL,MACHINING,,,AMF,,,,NULL,NULL,NULL,NULL,NULL,,,Part under TF,AWT MATERIAL,,NULL,NULL,NULL,NULL,NULL,NULL,NULL,NULL,NULL,NULL,NULL
1956,FYX102-0004,X Type Sealing Ring,NULL,NULL,KIT C,NULL,DIE PART,,,AMF,,,81-JF-17-276 ,NULL,NULL,NULL,NULL,NULL,,,Beyond Capability,Rubber part vulcanized. Part / die under qualification,,NULL,NULL,NULL,NULL,NULL,NULL,NULL,NULL,NULL,NULL,NULL
1957,DD-FC1-61001-40,Sealing Splint,NULL,NULL,Kit A,NULL,MACHINING,,,AMF,,,,NULL,NULL,NULL,NULL,NULL,,,Part under TF,AWT MATERIAL,,NULL,NULL,NULL,NULL,NULL,NULL,NULL,NULL,NULL,NULL,NULL
1958,DD-FC1-61101-810,Quick Release Clamp,NULL,NULL,Kit B,NULL,MACHINING,,,AMF,,,,NULL,NULL,NULL,NULL,NULL,,,Part under TF,AWT MATERIAL,,NULL,NULL,NULL,NULL,NULL,NULL,NULL,NULL,NULL,NULL,NULL
1959,DD-FC1-68115-1710,Clamp,NULL,NULL,Kit B,NULL,MACHINING,,,AMF,,,,NULL,NULL,NULL,NULL,NULL,,,Part under TF,AWT MATERIAL,,NULL,NULL,NULL,NULL,NULL,NULL,NULL,NULL,NULL,NULL,NULL
1960,DD-FC1-96011-810,Clamp,NULL,NULL,Kit B,NULL,MACHINING,,,AMF,,,,NULL,NULL,NULL,NULL,NULL,,,Part under TF,AWT MATERIAL,,NULL,NULL,NULL,NULL,NULL,NULL,NULL,NULL,NULL,NULL,NULL
1961,DD-FC1-94061-106,Guaze,NULL,NULL,ADIC TASKED,NULL,BEYOND CAP,,,AMF,,,,NULL,NULL,NULL,NULL,NULL,,,Beyond Capability,BEYOND CAP,,NULL,NULL,NULL,NULL,NULL,NULL,NULL,NULL,NULL,NULL,NULL
1962,19X(Z)-YDT11-1011,External Slip Ring,NULL,NULL,ADIC TASKED,NULL,BEYOND CAP,,,AMF,,,,NULL,NULL,NULL,NULL,NULL,,,Beyond Capability,BEYOND CAP,,NULL,NULL,NULL,NULL,NULL,NULL,NULL,NULL,NULL,NULL,NULL
1963,19X(Z)-YDT11-1013,Internal Slip Ring,NULL,NULL,ADIC TASKED,NULL,BEYOND CAP,,,AMF,,,,NULL,NULL,NULL,NULL,NULL,,,Beyond Capability,BEYOND CAP,,NULL,NULL,NULL,NULL,NULL,NULL,NULL,NULL,NULL,NULL,NULL
1964,FR227-0009,Seal Ring (Inner Slip Ring),NULL,NULL,ADIC TASKED,NULL,BEYOND CAP,,,AMF,,,,NULL,NULL,NULL,NULL,NULL,,,Beyond Capability,BEYOND CAP,,NULL,NULL,NULL,NULL,NULL,NULL,NULL,NULL,NULL,NULL,NULL
1965,FYX102-0007,Outer Slip Ring,NULL,NULL,ADIC TASKED,NULL,BEYOND CAP,,,AMF,,,,NULL,NULL,NULL,NULL,NULL,,,Beyond Capability,BEYOND CAP,,NULL,NULL,NULL,NULL,NULL,NULL,NULL,NULL,NULL,NULL,NULL
1966,YYL27-1001,Retainer Seal,NULL,NULL,ADIC TASKED,NULL,BEYOND CAP,,,AMF,,,,NULL,NULL,NULL,NULL,NULL,,,Beyond Capability,BEYOND CAP,,NULL,NULL,NULL,NULL,NULL,NULL,NULL,NULL,NULL,NULL,NULL
1967,DD-FC1-42034-8,Stopper,NULL,NULL,ADIC TASKED,NULL,BEYOND CAP,,,AMF,,,,NULL,NULL,NULL,NULL,NULL,,,Beyond Capability,BEYOND CAP,,NULL,NULL,NULL,NULL,NULL,NULL,NULL,NULL,NULL,NULL,NULL
1968,DD-FC1-42034-8,Stopper,NULL,NULL,ADIC TASKED,NULL,BEYOND CAP,,,AMF,,,,NULL,NULL,NULL,NULL,NULL,,,Beyond Capability,BEYOND CAP,,NULL,NULL,NULL,NULL,NULL,NULL,NULL,NULL,NULL,NULL,NULL
1969,CLQ-26Z-108,Gasket,NULL,NULL,ADIC TASKED,NULL,BEYOND CAP,,,AMF,,,,NULL,NULL,NULL,NULL,NULL,,,Beyond Capability,BEYOND CAP,,NULL,NULL,NULL,NULL,NULL,NULL,NULL,NULL,NULL,NULL,NULL
1970,DD-FC1-41015-31,Leather Cup,NULL,NULL,ADIC TASKED,NULL,BEYOND CAP,,,AMF,,,,NULL,NULL,NULL,NULL,NULL,,,Beyond Capability,BEYOND CAP,,NULL,NULL,NULL,NULL,NULL,NULL,NULL,NULL,NULL,NULL,NULL
1971,KJY-19-2003,Valve Seat,NULL,NULL,ADIC TASKED,NULL,BEYOND CAP,,,AMF,,,,NULL,NULL,NULL,NULL,NULL,,,Beyond Capability,BEYOND CAP,,NULL,NULL,NULL,NULL,NULL,NULL,NULL,NULL,NULL,NULL,NULL
1972,T5.17.01,Spring Washer,NULL,NULL,ADIC TASKED,NULL,BEYOND CAP,,,AMF,,,,NULL,NULL,NULL,NULL,NULL,,,Beyond Capability,BEYOND CAP,,NULL,NULL,NULL,NULL,NULL,NULL,NULL,NULL,NULL,NULL,NULL
1973,YXF82-3000B,Valve assembly,NULL,NULL,Other,NULL,DIE PART,,,AMF,,,81-JF-17-140,NULL,NULL,NULL,NULL,NULL,,,Part under TF,DIE UNDER TF (Other than Kit),02 Aug state remarks,NULL,NULL,NULL,NULL,NULL,NULL,NULL,NULL,NULL,NULL,NULL
1974,2BYQ150-00-03,Washer,NULL,NULL,Other,NULL,DIE PART,,,AMF,,,81-JF-17-251,NULL,NULL,NULL,NULL,NULL,,,Under Trial Test,DIE UNDER TF (Other than Kit),,NULL,NULL,NULL,NULL,NULL,NULL,NULL,NULL,NULL,NULL,NULL
1975,19X(Z)-BKM-002,WASHER,NULL,NULL,Other,NULL,DIE PART,,,AMF,,,81-JF-17-259,NULL,NULL,NULL,NULL,NULL,,,Under Trial Test,DIE UNDER TF (Other than Kit),,NULL,NULL,NULL,NULL,NULL,NULL,NULL,NULL,NULL,NULL,NULL
1976,85.X1.8(5170),SEAL RING,NULL,NULL,Other,NULL,DIE PART,,,AMF,,,81-JF-17-285,NULL,NULL,NULL,NULL,NULL,,,MCL,MCL,02 Aug MCL,NULL,NULL,NULL,NULL,NULL,NULL,NULL,NULL,NULL,NULL,NULL
1977,QDF10-014,VALVE,NULL,NULL,Other,NULL,DIE PART,,,AMF,,,81-JF-17-298,NULL,NULL,NULL,NULL,NULL,,,Under Trial Test,Under Trial test (Other Than Kit),,NULL,NULL,NULL,NULL,NULL,NULL,NULL,NULL,NULL,NULL,NULL
1978,34A-91,SEAL RING,NULL,NULL,Other,NULL,DIE PART,,,AMF,,,81-F7-10,NULL,NULL,NULL,NULL,NULL,,,Part under TF,DIE UNDER TF (Other than Kit),"16D105-42.5-3.5-B other than kit, jf-17. alternate for this die",NULL,NULL,NULL,NULL,NULL,NULL,NULL,NULL,NULL,NULL,NULL
1979,J7L-5101-1902,Gasket,NULL,NULL,Other,NULL,DIE PART,,,AMF,,,81-F7-265,NULL,NULL,NULL,NULL,NULL,,,Under Trial Test,DIE UNDER TF (Other than Kit),"17D43.1-7.5-1.8-5080. other than kit, jf-17. alternate for this die",NULL,NULL,NULL,NULL,NULL,NULL,NULL,NULL,NULL,NULL,NULL
1980,J7L-6100-6405,SEAL,NULL,NULL,Other,NULL,DIE PART,,,AMF,,,81-F7-272,NULL,NULL,NULL,NULL,NULL,,,Part under TF,DIE UNDER TF (Other than Kit),YL7-004. not JF-17 part. Find relevance,NULL,NULL,NULL,NULL,NULL,NULL,NULL,NULL,NULL,NULL,NULL
1981,L8-7850-502,SEAL RING,NULL,NULL,Other,NULL,DIE PART,,,AMF,,,81-K8-26,NULL,NULL,NULL,NULL,NULL,,,Part under TF,DIE UNDER TF (Other than Kit),YZL33-2013 & QMO-20-J1S available for MCL marking. Check,NULL,NULL,NULL,NULL,NULL,NULL,NULL,NULL,NULL,NULL,NULL
1982,Q/3A4-41J1-48,Seal ring,NULL,NULL,Kit C,NULL,DIE PART,,,AMF,,,81-JF-17-284,NULL,NULL,NULL,NULL,NULL,,,Die under TF,DIE UNDER REWORK AT ARF,Deleted from Kit C but die loaded to AMF for expeditious completion. Die under rework in ARF,NULL,NULL,NULL,NULL,NULL,NULL,NULL,NULL,NULL,NULL,NULL
1983,DD-FC1-51101-2300,EYEBOLT,NULL,NULL,49 (Other),NULL,MACHINING,,,AMF,,,,NULL,NULL,NULL,NULL,NULL,,,State Check,AMF 49 part state check,,NULL,NULL,NULL,NULL,NULL,NULL,NULL,NULL,NULL,NULL,NULL
1984,DD-FC1-51101-6210,LUG BOLT,NULL,NULL,49 (Other),NULL,MACHINING,,,AMF,,,,NULL,NULL,NULL,NULL,NULL,,,State Check,AMF 49 part state check,,NULL,NULL,NULL,NULL,NULL,NULL,NULL,NULL,NULL,NULL,NULL
1985,DD-FC1-51101-6220,LUG BOLT,NULL,NULL,49 (Other),NULL,MACHINING,,,AMF,,,,NULL,NULL,NULL,NULL,NULL,,,State Check,AMF 49 part state check,,NULL,NULL,NULL,NULL,NULL,NULL,NULL,NULL,NULL,NULL,NULL
1986,DD-FC1-51802-610,SUPPORT,NULL,NULL,49 (Other),NULL,MACHINING,,,AMF,,,,NULL,NULL,NULL,NULL,NULL,,,State Check,AMF 49 part state check,,NULL,NULL,NULL,NULL,NULL,NULL,NULL,NULL,NULL,NULL,NULL
1987,DD-FC1-16002-101,BIG HINGE,NULL,NULL,49 (Other),NULL,MACHINING,,,AMF,,,,NULL,NULL,NULL,NULL,NULL,,,State Check,AMF 49 part state check,,NULL,NULL,NULL,NULL,NULL,NULL,NULL,NULL,NULL,NULL,NULL
1988,DD-FC1-16002-102,SMALL HINGE,NULL,NULL,49 (Other),NULL,MACHINING,,,AMF,,,,NULL,NULL,NULL,NULL,NULL,,,State Check,AMF 49 part state check,,NULL,NULL,NULL,NULL,NULL,NULL,NULL,NULL,NULL,NULL,NULL
1989,DD-FC1-20202-610-1,COVER,NULL,NULL,49 (Other),NULL,MACHINING,,,AMF,,,,NULL,NULL,NULL,NULL,NULL,,,State Check,AMF 49 part state check,,NULL,NULL,NULL,NULL,NULL,NULL,NULL,NULL,NULL,NULL,NULL
1990,DD-FC1-20202-630-1,COVER,NULL,NULL,49 (Other),NULL,MACHINING,,,AMF,,,,NULL,NULL,NULL,NULL,NULL,,,State Check,AMF 49 part state check,,NULL,NULL,NULL,NULL,NULL,NULL,NULL,NULL,NULL,NULL,NULL
1991,DD-FC1-26002-133/1,BUSH,NULL,NULL,49 (Other),NULL,MACHINING,,,AMF,,,,NULL,NULL,NULL,NULL,NULL,,,State Check,AMF 49 part state check,,NULL,NULL,NULL,NULL,NULL,NULL,NULL,NULL,NULL,NULL,NULL
1992,DD-FC1-26002-133/2,BUSH,NULL,NULL,49 (Other),NULL,MACHINING,,,AMF,,,,NULL,NULL,NULL,NULL,NULL,,,State Check,AMF 49 part state check,,NULL,NULL,NULL,NULL,NULL,NULL,NULL,NULL,NULL,NULL,NULL
1993,DD-FC1-26002-133/3,BUSH,NULL,NULL,49 (Other),NULL,MACHINING,,,AMF,,,,NULL,NULL,NULL,NULL,NULL,,,State Check,AMF 49 part state check,,NULL,NULL,NULL,NULL,NULL,NULL,NULL,NULL,NULL,NULL,NULL
1994,DD-FC1-27002-9,SPECIAL SCREW,NULL,NULL,49 (Other),NULL,MACHINING,,,AMF,,,,NULL,NULL,NULL,NULL,NULL,,,State Check,AMF 49 part state check,,NULL,NULL,NULL,NULL,NULL,NULL,NULL,NULL,NULL,NULL,NULL
1995,DD-FC1-30003-5/3,WASHER,NULL,NULL,49 (Other),NULL,MACHINING,,,AMF,,,,NULL,NULL,NULL,NULL,NULL,,,State Check,AMF 49 part state check,,NULL,NULL,NULL,NULL,NULL,NULL,NULL,NULL,NULL,NULL,NULL
1996,DD-FC1-30003-5/4,WASHER,NULL,NULL,49 (Other),NULL,MACHINING,,,AMF,,,,NULL,NULL,NULL,NULL,NULL,,,State Check,AMF 49 part state check,,NULL,NULL,NULL,NULL,NULL,NULL,NULL,NULL,NULL,NULL,NULL
1997,DD-FC1-34003-11,BUSH,NULL,NULL,49 (Other),NULL,MACHINING,,,AMF,,,,NULL,NULL,NULL,NULL,NULL,,,State Check,AMF 49 part state check,,NULL,NULL,NULL,NULL,NULL,NULL,NULL,NULL,NULL,NULL,NULL
1998,DD-FC1-34003-21,BUSH,NULL,NULL,49 (Other),NULL,MACHINING,,,AMF,,,,NULL,NULL,NULL,NULL,NULL,,,State Check,AMF 49 part state check,,NULL,NULL,NULL,NULL,NULL,NULL,NULL,NULL,NULL,NULL,NULL
1999,DD-FC1-41005-11,WASHER,NULL,NULL,49 (Other),NULL,MACHINING,,,AMF,,,,NULL,NULL,NULL,NULL,NULL,,,State Check,AMF 49 part state check,,NULL,NULL,NULL,NULL,NULL,NULL,NULL,NULL,NULL,NULL,NULL
2000,DD-FC1-41005-12,LOCKING LINING DISK,NULL,NULL,49 (Other),NULL,MACHINING,,,AMF,,,,NULL,NULL,NULL,NULL,NULL,,,State Check,AMF 49 part state check,,NULL,NULL,NULL,NULL,NULL,NULL,NULL,NULL,NULL,NULL,NULL
2001,DD-FC1-41005-14,NUT,NULL,NULL,49 (Other),NULL,MACHINING,,,AMF,,,,NULL,NULL,NULL,NULL,NULL,,,State Check,AMF 49 part state check,,NULL,NULL,NULL,NULL,NULL,NULL,NULL,NULL,NULL,NULL,NULL
2002,DD-FC1-41005-5,NUT AT SHAFT END,NULL,NULL,49 (Other),NULL,MACHINING,,,AMF,,,,NULL,NULL,NULL,NULL,NULL,,,State Check,AMF 49 part state check,,NULL,NULL,NULL,NULL,NULL,NULL,NULL,NULL,NULL,NULL,NULL
2003,DD-FC1-41005-9,WASHER,NULL,NULL,49 (Other),NULL,MACHINING,,,AMF,,,,NULL,NULL,NULL,NULL,NULL,,,State Check,AMF 49 part state check,,NULL,NULL,NULL,NULL,NULL,NULL,NULL,NULL,NULL,NULL,NULL
2004,DD-FC1-41045-8,AXIS,NULL,NULL,49 (Other),NULL,MACHINING,,,AMF,,,,NULL,NULL,NULL,NULL,NULL,,,State Check,AMF 49 part state check,,NULL,NULL,NULL,NULL,NULL,NULL,NULL,NULL,NULL,NULL,NULL
2005,DD-FC1-41045-9,SHAFT,NULL,NULL,49 (Other),NULL,MACHINING,,,AMF,,,,NULL,NULL,NULL,NULL,NULL,,,State Check,AMF 49 part state check,,NULL,NULL,NULL,NULL,NULL,NULL,NULL,NULL,NULL,NULL,NULL
2006,DD-FC1-41123-9,BOLT,NULL,NULL,49 (Other),NULL,MACHINING,,,AMF,,,,NULL,NULL,NULL,NULL,NULL,,,State Check,AMF 49 part state check,,NULL,NULL,NULL,NULL,NULL,NULL,NULL,NULL,NULL,NULL,NULL
2007,DD-FC1-41143-2,FITTING,NULL,NULL,49 (Other),NULL,MACHINING,,,AMF,,,,NULL,NULL,NULL,NULL,NULL,,,State Check,AMF 49 part state check,,NULL,NULL,NULL,NULL,NULL,NULL,NULL,NULL,NULL,NULL,NULL
2008,DD-FC1-51101-6106,PIN,NULL,NULL,49 (Other),NULL,MACHINING,,,AMF,,,,NULL,NULL,NULL,NULL,NULL,,,State Check,AMF 49 part state check,,NULL,NULL,NULL,NULL,NULL,NULL,NULL,NULL,NULL,NULL,NULL
2009,DD-FC1-55123-510-2,BRACKET,NULL,NULL,49 (Other),NULL,MACHINING,,,AMF,,,,NULL,NULL,NULL,NULL,NULL,,,State Check,AMF 49 part state check,,NULL,NULL,NULL,NULL,NULL,NULL,NULL,NULL,NULL,NULL,NULL
2010,DD-FC1-55135-10,PIPE CLIP,NULL,NULL,49 (Other),NULL,MACHINING,,,AMF,,,,NULL,NULL,NULL,NULL,NULL,,,State Check,AMF 49 part state check,,NULL,NULL,NULL,NULL,NULL,NULL,NULL,NULL,NULL,NULL,NULL
2011,DD-FC1-55135-20,PIPE CLIP,NULL,NULL,49 (Other),NULL,MACHINING,,,AMF,,,,NULL,NULL,NULL,NULL,NULL,,,State Check,AMF 49 part state check,,NULL,NULL,NULL,NULL,NULL,NULL,NULL,NULL,NULL,NULL,NULL
2012,DD-FC1-55135-40,PIPE CLIP,NULL,NULL,49 (Other),NULL,MACHINING,,,AMF,,,,NULL,NULL,NULL,NULL,NULL,,,State Check,AMF 49 part state check,,NULL,NULL,NULL,NULL,NULL,NULL,NULL,NULL,NULL,NULL,NULL
2013,DD-FC1-55135-70,PIPE CLIP,NULL,NULL,49 (Other),NULL,MACHINING,,,AMF,,,,NULL,NULL,NULL,NULL,NULL,,,State Check,AMF 49 part state check,,NULL,NULL,NULL,NULL,NULL,NULL,NULL,NULL,NULL,NULL,NULL
2014,DD-FC1-55156-270,PIPE CLIP,NULL,NULL,49 (Other),NULL,MACHINING,,,AMF,,,,NULL,NULL,NULL,NULL,NULL,,,State Check,AMF 49 part state check,,NULL,NULL,NULL,NULL,NULL,NULL,NULL,NULL,NULL,NULL,NULL
2015,DD-FC1-55167-1101,COMPRESSION NUT,NULL,NULL,49 (Other),NULL,FORGING,,,AMF,,,,NULL,NULL,NULL,NULL,NULL,,,State Check,AMF 49 part state check,,NULL,NULL,NULL,NULL,NULL,NULL,NULL,NULL,NULL,NULL,NULL
2016,DD-FC1-55167-2101,COMPRESSION NUT,NULL,NULL,49 (Other),NULL,FORGING,,,AMF,,,,NULL,NULL,NULL,NULL,NULL,,,State Check,AMF 49 part state check,,NULL,NULL,NULL,NULL,NULL,NULL,NULL,NULL,NULL,NULL,NULL
2017,DD-FC1-55167-3102,THROUGH PIPE CONNECTOR,NULL,NULL,49 (Other),NULL,FORGING,,,AMF,,,,NULL,NULL,NULL,NULL,NULL,,,State Check,AMF 49 part state check,,NULL,NULL,NULL,NULL,NULL,NULL,NULL,NULL,NULL,NULL,NULL
2018,DD-FC1-55167-4101,FOUR WAY PIPE CONNECTOR,NULL,NULL,49 (Other),NULL,FORGING,,,AMF,,,,NULL,NULL,NULL,NULL,NULL,,,State Check,AMF FAI OK. CLEAR FOR MCL MARKING,Under Trial Test,NULL,NULL,NULL,NULL,NULL,NULL,NULL,NULL,NULL,NULL,NULL
2019,DD-FC1-55167-4102,THROUGH PIPE CONNECTOR,NULL,NULL,49 (Other),NULL,FORGING,,,AMF,,,,NULL,NULL,NULL,NULL,NULL,,,State Check,AMF 49 part state check,,NULL,NULL,NULL,NULL,NULL,NULL,NULL,NULL,NULL,NULL,NULL
2020,DD-FC1-55177-1101,T CONNECTOR,NULL,NULL,49 (Other),NULL,FORGING,,,AMF,,,,NULL,NULL,NULL,NULL,NULL,,,State Check,AMF FAI OK. CLEAR FOR MCL MARKING,Under Trial Test,NULL,NULL,NULL,NULL,NULL,NULL,NULL,NULL,NULL,NULL,NULL
2021,DD-FC1-55177-4102,PIPE FITTING,NULL,NULL,49 (Other),NULL,FORGING,,,AMF,,,,NULL,NULL,NULL,NULL,NULL,,,State Check,AMF 49 part state check,,NULL,NULL,NULL,NULL,NULL,NULL,NULL,NULL,NULL,NULL,NULL
2022,DD-FC1-55177-7102,THROUGH PIPE CONNECTOR,NULL,NULL,49 (Other),NULL,FORGING,,,AMF,,,,NULL,NULL,NULL,NULL,NULL,,,State Check,AMF 49 part state check,,NULL,NULL,NULL,NULL,NULL,NULL,NULL,NULL,NULL,NULL,NULL
2023,DD-FC1-61001-2821,WRAP NUT,NULL,NULL,49 (Other),NULL,MACHINING,,,AMF,,,,NULL,NULL,NULL,NULL,NULL,,,State Check,AMF 49 part state check,,NULL,NULL,NULL,NULL,NULL,NULL,NULL,NULL,NULL,NULL,NULL
2024,DD-FC1-61001-2822,TUBE,NULL,NULL,49 (Other),NULL,MACHINING,,,AMF,,,,NULL,NULL,NULL,NULL,NULL,,,State Check,AMF 49 part state check,,NULL,NULL,NULL,NULL,NULL,NULL,NULL,NULL,NULL,NULL,NULL
2025,DD-FC1-61001-5812,TUBE,NULL,NULL,49 (Other),NULL,MACHINING,,,AMF,,,,NULL,NULL,NULL,NULL,NULL,,,State Check,AMF 49 part state check,,NULL,NULL,NULL,NULL,NULL,NULL,NULL,NULL,NULL,NULL,NULL
2026,DD-FC1-61052-19,LINING,NULL,NULL,49 (Other),NULL,MACHINING,,,AMF,,,,NULL,NULL,NULL,NULL,NULL,,,State Check,AMF 49 part state check,,NULL,NULL,NULL,NULL,NULL,NULL,NULL,NULL,NULL,NULL,NULL
2027,DD-FC1-94011-1520G2,PIPE,NULL,NULL,49 (Other),NULL,MACHINING,,,AMF,,,,NULL,NULL,NULL,NULL,NULL,,,State Check,AMF 49 part state check,,NULL,NULL,NULL,NULL,NULL,NULL,NULL,NULL,NULL,NULL,NULL
2028,DD-FC1-94011-231,PLAIN SPIGOT,NULL,NULL,49 (Other),NULL,MACHINING,,,AMF,,,,NULL,NULL,NULL,NULL,NULL,,,State Check,AMF 49 part state check,,NULL,NULL,NULL,NULL,NULL,NULL,NULL,NULL,NULL,NULL,NULL
2029,DD-FC1-94051-4,MOUNTING PLATE,NULL,NULL,49 (Other),NULL,MACHINING,,,AMF,,,,NULL,NULL,NULL,NULL,NULL,,,State Check,AMF 49 part state check,,NULL,NULL,NULL,NULL,NULL,NULL,NULL,NULL,NULL,NULL,NULL
2030,DD-FC1-94051-5,MOUNTING PLATE,NULL,NULL,49 (Other),NULL,MACHINING,,,AMF,,,,NULL,NULL,NULL,NULL,NULL,,,State Check,AMF 49 part state check,,NULL,NULL,NULL,NULL,NULL,NULL,NULL,NULL,NULL,NULL,NULL
2031,DD-FC1-94051-517G1,RETAINER,NULL,NULL,49 (Other),NULL,MACHINING,,,AMF,,,,NULL,NULL,NULL,NULL,NULL,,,State Check,AMF 49 part state check,,NULL,NULL,NULL,NULL,NULL,NULL,NULL,NULL,NULL,NULL,NULL
2032,16D105-11-2-G,SEAL RING,NULL,NULL,Kit C,NULL,,,,ADIC,,,,NULL,NULL,NULL,NULL,NULL,,,Under Indigenization,Collaborated with KRL,,NULL,NULL,NULL,NULL,NULL,NULL,NULL,NULL,NULL,NULL,NULL
2033,16D105-18-2-G,SEAL RING,NULL,NULL,Kit C,NULL,,,,ADIC,,,,NULL,NULL,NULL,NULL,NULL,,,Under Indigenization,Collaborated with KRL,,NULL,NULL,NULL,NULL,NULL,NULL,NULL,NULL,NULL,NULL,NULL
2034,16D105-20.8-2.5-G,SEAL RING,NULL,NULL,Kit C,NULL,,,,ADIC,,,,NULL,NULL,NULL,NULL,NULL,,,Under Indigenization,Collaborated with KRL,,NULL,NULL,NULL,NULL,NULL,NULL,NULL,NULL,NULL,NULL,NULL
2035,16D105-21.3-2.5-G,SEAL RING,NULL,NULL,Kit C,NULL,,,,ADIC,,,,NULL,NULL,NULL,NULL,NULL,,,Under Indigenization,Collaborated with KRL,,NULL,NULL,NULL,NULL,NULL,NULL,NULL,NULL,NULL,NULL,NULL
2036,16D105-21-2.6-G,SEAL RING,NULL,NULL,Kit C,NULL,,,,ADIC,,,,NULL,NULL,NULL,NULL,NULL,,,Under Indigenization,Collaborated with KRL,,NULL,NULL,NULL,NULL,NULL,NULL,NULL,NULL,NULL,NULL,NULL
2037,16D105-25.4-2-X,SEAL RING,NULL,NULL,Kit C,NULL,,,,ADIC,,,,NULL,NULL,NULL,NULL,NULL,,,Under Indigenization,Collaborated with KRL,,NULL,NULL,NULL,NULL,NULL,NULL,NULL,NULL,NULL,NULL,NULL
2038,16D105-26.3-3-G,SEAL RING,NULL,NULL,Kit C,NULL,,,,ADIC,,,,NULL,NULL,NULL,NULL,NULL,,,Under Indigenization,Collaborated with KRL,,NULL,NULL,NULL,NULL,NULL,NULL,NULL,NULL,NULL,NULL,NULL
2039,16D105-28.5-2.5-X,SEAL RING,NULL,NULL,Kit C,NULL,,,,ADIC,,,,NULL,NULL,NULL,NULL,NULL,,,Under Indigenization,Collaborated with KRL,,NULL,NULL,NULL,NULL,NULL,NULL,NULL,NULL,NULL,NULL,NULL
2040,16D105-29.5-3-G,SEAL RING,NULL,NULL,Kit C,NULL,,,,ADIC,,,,NULL,NULL,NULL,NULL,NULL,,,Under Indigenization,Collaborated with KRL,,NULL,NULL,NULL,NULL,NULL,NULL,NULL,NULL,NULL,NULL,NULL
2041,16D105-29.7-2.5-X,SEAL RING,NULL,NULL,Kit C,NULL,,,,ADIC,,,,NULL,NULL,NULL,NULL,NULL,,,Under Indigenization,Collaborated with KRL,,NULL,NULL,NULL,NULL,NULL,NULL,NULL,NULL,NULL,NULL,NULL
2042,16D105-3.3-1.6-X,SEAL RING,NULL,NULL,Kit C,NULL,,,,ADIC,,,,NULL,NULL,NULL,NULL,NULL,,,Under Indigenization,Collaborated with KRL,,NULL,NULL,NULL,NULL,NULL,NULL,NULL,NULL,NULL,NULL,NULL
2043,16D105-3.7-1.5G,SEAL RING,NULL,NULL,Kit C,NULL,,,,ADIC,,,,NULL,NULL,NULL,NULL,NULL,,,Under Indigenization,Collaborated with KRL,,NULL,NULL,NULL,NULL,NULL,NULL,NULL,NULL,NULL,NULL,NULL
2044,16D105-4.5-1.5-G,SEAL RING,NULL,NULL,Kit C,NULL,,,,ADIC,,,,NULL,NULL,NULL,NULL,NULL,,,Under Indigenization,Collaborated with KRL,,NULL,NULL,NULL,NULL,NULL,NULL,NULL,NULL,NULL,NULL,NULL
2045,16D105-6.5-1.8-G,SEAL RING,NULL,NULL,Kit C,NULL,,,,ADIC,,,,NULL,NULL,NULL,NULL,NULL,,,Under Indigenization,Collaborated with KRL,,NULL,NULL,NULL,NULL,NULL,NULL,NULL,NULL,NULL,NULL,NULL
2046,16D105-7.6-1.4-X,SEAL RING,NULL,NULL,Kit C,NULL,,,,ADIC,,,,NULL,NULL,NULL,NULL,NULL,,,Under Indigenization,Collaborated with KRL,,NULL,NULL,NULL,NULL,NULL,NULL,NULL,NULL,NULL,NULL,NULL
2047,16D105-7.8-2.8-X,SEAL RING,NULL,NULL,Kit C,NULL,,,,ADIC,,,,NULL,NULL,NULL,NULL,NULL,,,Under Indigenization,Collaborated with KRL,,NULL,NULL,NULL,NULL,NULL,NULL,NULL,NULL,NULL,NULL,NULL
2048,16D105-9-1.8-G,SEAL RING,NULL,NULL,Kit C,NULL,,,,ADIC,,,,NULL,NULL,NULL,NULL,NULL,,,Under Indigenization,Collaborated with KRL,,NULL,NULL,NULL,NULL,NULL,NULL,NULL,NULL,NULL,NULL,NULL
2049,16D105-5.4-1.5-G,SEAL RING,NULL,NULL,Kit C,NULL,,,,ADIC,,,,NULL,NULL,NULL,NULL,NULL,,,Under Indigenization,Collaborated with KRL,,NULL,NULL,NULL,NULL,NULL,NULL,NULL,NULL,NULL,NULL,NULL
2050,16D105-43-3.5-G,SEAL RING,NULL,NULL,Kit C,NULL,,,,ADIC,,,,NULL,NULL,NULL,NULL,NULL,,,Under Indigenization,Collaborated with KRL,,NULL,NULL,NULL,NULL,NULL,NULL,NULL,NULL,NULL,NULL,NULL
2051,DD-FC1-61201-150,SEAL RING,NULL,NULL,Kit A,NULL,,,,ADIC,,,,NULL,NULL,NULL,NULL,NULL,,,Under Indigenization,Collaborated with KRL,,NULL,NULL,NULL,NULL,NULL,NULL,NULL,NULL,NULL,NULL,NULL
2052,DD-FC1-61201-140,SEAL RING,NULL,NULL,Kit A,NULL,,,,ADIC,,,,NULL,NULL,NULL,NULL,NULL,,,Under Indigenization,Collaborated with KRL,,NULL,NULL,NULL,NULL,NULL,NULL,NULL,NULL,NULL,NULL,NULL
2053,3S3.7X1.5-testG401,SEAL RING (G401),NULL,NULL,Kit C,NULL,,,,ADIC,,,,NULL,NULL,NULL,NULL,NULL,,,Under Indigenization,Collaborated with KRL,,NULL,NULL,NULL,NULL,NULL,NULL,NULL,NULL,NULL,NULL,NULL
2054,3S3.8X1-testG401,SEAL RING (G401),NULL,NULL,Kit C,NULL,,,,ADIC,,,,NULL,NULL,NULL,NULL,NULL,,,Under Indigenization,Collaborated with KRL,,NULL,NULL,NULL,NULL,NULL,NULL,NULL,NULL,NULL,NULL,NULL
2055,3S38X1.5-testG401,SEAL RING (G401),NULL,NULL,Kit C,NULL,,,,ADIC,,,,NULL,NULL,NULL,NULL,NULL,,,Under Indigenization,Collaborated with KRL,,NULL,NULL,NULL,NULL,NULL,NULL,NULL,NULL,NULL,NULL,NULL
2056,3S9.3X2-testG401,SEAL RING (G401),NULL,NULL,Kit C,NULL,,,,ADIC,,,,NULL,NULL,NULL,NULL,NULL,,,Under Indigenization,Collaborated with KRL,,NULL,NULL,NULL,NULL,NULL,NULL,NULL,NULL,NULL,NULL,NULL
2057,NZ35-18-2.5-5176S,SEAL RING (G401),NULL,NULL,Kit C,NULL,,,,ADIC,,,,NULL,NULL,NULL,NULL,NULL,,,Under Indigenization,Collaborated with KRL,,NULL,NULL,NULL,NULL,NULL,NULL,NULL,NULL,NULL,NULL,NULL
2058,NZ35-4-1.5-G401,SEAL RING (G401),NULL,NULL,Kit C,NULL,,,,ADIC,,,,NULL,NULL,NULL,NULL,NULL,,,Under Indigenization,Collaborated with KRL,,NULL,NULL,NULL,NULL,NULL,NULL,NULL,NULL,NULL,NULL,NULL
2059,NZ35-42-3.6-G401,SEAL RING (G401),NULL,NULL,Kit C,NULL,,,,ADIC,,,,NULL,NULL,NULL,NULL,NULL,,,Under Trial Test,Collaborated with KRL,,NULL,NULL,NULL,NULL,NULL,NULL,NULL,NULL,NULL,NULL,NULL
2060,NZ35-7.4-2-TG401,SEAL RING (G401),NULL,NULL,Kit C,NULL,,,,ADIC,,,,NULL,NULL,NULL,NULL,NULL,,,MCL,Collaborated with KRL,,NULL,NULL,NULL,NULL,NULL,NULL,NULL,NULL,NULL,NULL,NULL
2061,NZ35-76-3.5-G401,SEAL RING (G401),NULL,NULL,Kit C,NULL,,,,ADIC,,,,NULL,NULL,NULL,NULL,NULL,,,Under Indigenization,Collaborated with KRL,,NULL,NULL,NULL,NULL,NULL,NULL,NULL,NULL,NULL,NULL,NULL
2062,NZ35-8-2-G401,SEAL RING (G401),NULL,NULL,Kit C,NULL,,,,ADIC,,,,NULL,NULL,NULL,NULL,NULL,,,Under Trial Test,Collaborated with KRL,,NULL,NULL,NULL,NULL,NULL,NULL,NULL,NULL,NULL,NULL,NULL
2063,QHF1B-000-04,SEAL RING (G401),NULL,NULL,Kit C,NULL,,,,ADIC,,,,NULL,NULL,NULL,NULL,NULL,,,Under Indigenization,Collaborated with KRL,,NULL,NULL,NULL,NULL,NULL,NULL,NULL,NULL,NULL,NULL,NULL
2064,FW107-116,SEAL RING (G401),NULL,NULL,Kit C,NULL,,,,ADIC,,,,NULL,NULL,NULL,NULL,NULL,,,Under Indigenization,Collaborated with KRL,,NULL,NULL,NULL,NULL,NULL,NULL,NULL,NULL,NULL,NULL,NULL
2065,FW107-115,SEAL RING (G401),NULL,NULL,Kit C,NULL,,,,ADIC,,,,NULL,NULL,NULL,NULL,NULL,,,Under Indigenization,Collaborated with KRL,,NULL,NULL,NULL,NULL,NULL,NULL,NULL,NULL,NULL,NULL,NULL
2066,DR-1,HEAT-SHRINK TUBE,NULL,NULL,Kit B,NULL,,,,ADIC,,,,NULL,NULL,NULL,NULL,NULL,,,Outsourced,Outsourced,,NULL,NULL,NULL,NULL,NULL,NULL,NULL,NULL,NULL,NULL,NULL
2067,DR-1/2,HEAT-SHRINK TUBE,NULL,NULL,Kit B,NULL,,,,ADIC,,,,NULL,NULL,NULL,NULL,NULL,,,Outsourced,Outsourced,,NULL,NULL,NULL,NULL,NULL,NULL,NULL,NULL,NULL,NULL,NULL
2068,DR-1/4,HEAT-SHRINK TUBE,NULL,NULL,Kit B,NULL,,,,ADIC,,,,NULL,NULL,NULL,NULL,NULL,,,Outsourced,Outsourced,,NULL,NULL,NULL,NULL,NULL,NULL,NULL,NULL,NULL,NULL,NULL
2069,DR-1/8,HEAT-SHRINK TUBE,NULL,NULL,Kit B,NULL,,,,ADIC,,,,NULL,NULL,NULL,NULL,NULL,,,Outsourced,Outsourced,,NULL,NULL,NULL,NULL,NULL,NULL,NULL,NULL,NULL,NULL,NULL
2070,DR1-3/2,HEAT-SHRINK TUBE,NULL,NULL,Kit B,NULL,,,,ADIC,,,,NULL,NULL,NULL,NULL,NULL,,,Outsourced,Outsourced,,NULL,NULL,NULL,NULL,NULL,NULL,NULL,NULL,NULL,NULL,NULL
2071,DR2,HEAT-SHRINK TUBE,NULL,NULL,Kit B,NULL,,,,ADIC,,,,NULL,NULL,NULL,NULL,NULL,,,Outsourced,Outsourced,,NULL,NULL,NULL,NULL,NULL,NULL,NULL,NULL,NULL,NULL,NULL
2072,DR-3/16,HEAT-SHRINK TUBE,NULL,NULL,Kit B,NULL,,,,ADIC,,,,NULL,NULL,NULL,NULL,NULL,,,Outsourced,Outsourced,,NULL,NULL,NULL,NULL,NULL,NULL,NULL,NULL,NULL,NULL,NULL
2073,DR-3/4,HEAT-SHRINK TUBE,NULL,NULL,Kit B,NULL,,,,ADIC,,,,NULL,NULL,NULL,NULL,NULL,,,Outsourced,Outsourced,,NULL,NULL,NULL,NULL,NULL,NULL,NULL,NULL,NULL,NULL,NULL
2074,DR-3/8,HEAT-SHRINK TUBE,NULL,NULL,Kit B,NULL,,,,ADIC,,,,NULL,NULL,NULL,NULL,NULL,,,Outsourced,Outsourced,,NULL,NULL,NULL,NULL,NULL,NULL,NULL,NULL,NULL,NULL,NULL
2075,MIL-LT1/2,HEAT-SHRINK TUBE,NULL,NULL,Kit B,NULL,,,,ADIC,,,,NULL,NULL,NULL,NULL,NULL,,,Outsourced,Outsourced,,NULL,NULL,NULL,NULL,NULL,NULL,NULL,NULL,NULL,NULL,NULL
2076,MIL-LT1/4,HEAT-SHRINK TUBE,NULL,NULL,Kit B,NULL,,,,ADIC,,,,NULL,NULL,NULL,NULL,NULL,,,Outsourced,Outsourced,,NULL,NULL,NULL,NULL,NULL,NULL,NULL,NULL,NULL,NULL,NULL
2077,RNF-100-II-1/2,HEAT-SHRINK TUBE,NULL,NULL,Kit B,NULL,,,,ADIC,,,,NULL,NULL,NULL,NULL,NULL,,,Outsourced,Outsourced,,NULL,NULL,NULL,NULL,NULL,NULL,NULL,NULL,NULL,NULL,NULL
2078,RNF-100-II1/4,HEAT-SHRINK TUBE,NULL,NULL,Kit B,NULL,,,,ADIC,,,,NULL,NULL,NULL,NULL,NULL,,,Outsourced,Outsourced,,NULL,NULL,NULL,NULL,NULL,NULL,NULL,NULL,NULL,NULL,NULL
2079,RT-375-1,HEAT-SHRINK TUBE,NULL,NULL,Kit B,NULL,,,,ADIC,,,,NULL,NULL,NULL,NULL,NULL,,,Outsourced,Outsourced,,NULL,NULL,NULL,NULL,NULL,NULL,NULL,NULL,NULL,NULL,NULL
2080,RT-375-1/2,HEAT-SHRINK TUBE,NULL,NULL,Kit B,NULL,,,,ADIC,,,,NULL,NULL,NULL,NULL,NULL,,,Outsourced,Outsourced,,NULL,NULL,NULL,NULL,NULL,NULL,NULL,NULL,NULL,NULL,NULL
2081,RT-375-1/4,HEAT-SHRINK TUBE,NULL,NULL,Kit B,NULL,,,,ADIC,,,,NULL,NULL,NULL,NULL,NULL,,,Outsourced,Outsourced,,NULL,NULL,NULL,NULL,NULL,NULL,NULL,NULL,NULL,NULL,NULL
2082,RT-375-1/8,HEAT-SHRINK TUBE,NULL,NULL,Kit B,NULL,,,,ADIC,,,,NULL,NULL,NULL,NULL,NULL,,,Outsourced,Outsourced,,NULL,NULL,NULL,NULL,NULL,NULL,NULL,NULL,NULL,NULL,NULL
2083,RT-375-3/16,HEAT-SHRINK TUBE,NULL,NULL,Kit B,NULL,,,,ADIC,,,,NULL,NULL,NULL,NULL,NULL,,,Outsourced,Outsourced,,NULL,NULL,NULL,NULL,NULL,NULL,NULL,NULL,NULL,NULL,NULL
2084,RT-375-3/32,HEAT-SHRINK TUBE,NULL,NULL,Kit B,NULL,,,,ADIC,,,,NULL,NULL,NULL,NULL,NULL,,,Outsourced,Outsourced,,NULL,NULL,NULL,NULL,NULL,NULL,NULL,NULL,NULL,NULL,NULL
2085,RT-375-3/4,HEAT-SHRINK TUBE,NULL,NULL,Kit B,NULL,,,,ADIC,,,,NULL,NULL,NULL,NULL,NULL,,,Outsourced,Outsourced,,NULL,NULL,NULL,NULL,NULL,NULL,NULL,NULL,NULL,NULL,NULL
2086,RT-375-3/8,HEAT-SHRINK TUBE,NULL,NULL,Kit B,NULL,,,,ADIC,,,,NULL,NULL,NULL,NULL,NULL,,,Outsourced,Outsourced,,NULL,NULL,NULL,NULL,NULL,NULL,NULL,NULL,NULL,NULL,NULL
2087,RW-200-1,HEAT-SHRINK TUBE,NULL,NULL,Kit B,NULL,,,,ADIC,,,,NULL,NULL,NULL,NULL,NULL,,,Outsourced,Outsourced,,NULL,NULL,NULL,NULL,NULL,NULL,NULL,NULL,NULL,NULL,NULL
2088,RW-200-1/2,HEAT-SHRINK TUBE,NULL,NULL,Kit B,NULL,,,,ADIC,,,,NULL,NULL,NULL,NULL,NULL,,,Outsourced,Outsourced,,NULL,NULL,NULL,NULL,NULL,NULL,NULL,NULL,NULL,NULL,NULL
2089,RW-200-1/4,HEAT-SHRINK TUBE,NULL,NULL,Kit B,NULL,,,,ADIC,,,,NULL,NULL,NULL,NULL,NULL,,,Outsourced,Outsourced,,NULL,NULL,NULL,NULL,NULL,NULL,NULL,NULL,NULL,NULL,NULL
2090,RW-200-2,HEAT-SHRINK TUBE,NULL,NULL,Kit B,NULL,,,,ADIC,,,,NULL,NULL,NULL,NULL,NULL,,,Outsourced,Outsourced,,NULL,NULL,NULL,NULL,NULL,NULL,NULL,NULL,NULL,NULL,NULL
2091,RW-200-3/4,HEAT-SHRINK TUBE,NULL,NULL,Kit B,NULL,,,,ADIC,,,,NULL,NULL,NULL,NULL,NULL,,,Outsourced,Outsourced,,NULL,NULL,NULL,NULL,NULL,NULL,NULL,NULL,NULL,NULL,NULL
2092,RW-200-3/8,HEAT-SHRINK TUBE,NULL,NULL,Kit B,NULL,,,,ADIC,,,,NULL,NULL,NULL,NULL,NULL,,,Outsourced,Outsourced,,NULL,NULL,NULL,NULL,NULL,NULL,NULL,NULL,NULL,NULL,NULL
2093,HTMS-1,MARKING SLEEVE,NULL,NULL,Kit B,NULL,,,,ADIC,,,,NULL,NULL,NULL,NULL,NULL,,,Outsourced,Outsourced,,NULL,NULL,NULL,NULL,NULL,NULL,NULL,NULL,NULL,NULL,NULL
2094,HTMS-1 1/2,MARKING SLEEVE,NULL,NULL,Kit B,NULL,,,,ADIC,,,,NULL,NULL,NULL,NULL,NULL,,,Outsourced,Outsourced,,NULL,NULL,NULL,NULL,NULL,NULL,NULL,NULL,NULL,NULL,NULL
2095,HTMS-1/2,MARKING SLEEVE,NULL,NULL,Kit B,NULL,,,,ADIC,,,,NULL,NULL,NULL,NULL,NULL,,,Outsourced,Outsourced,,NULL,NULL,NULL,NULL,NULL,NULL,NULL,NULL,NULL,NULL,NULL
2096,HTMS-1/4,MARKING SLEEVE,NULL,NULL,Kit B,NULL,,,,ADIC,,,,NULL,NULL,NULL,NULL,NULL,,,Outsourced,Outsourced,,NULL,NULL,NULL,NULL,NULL,NULL,NULL,NULL,NULL,NULL,NULL
2097,HTMS-1/8,MARKING SLEEVE,NULL,NULL,Kit B,NULL,,,,ADIC,,,,NULL,NULL,NULL,NULL,NULL,,,Outsourced,Outsourced,,NULL,NULL,NULL,NULL,NULL,NULL,NULL,NULL,NULL,NULL,NULL
2098,HTMS-3/2,MARKING SLEEVE,NULL,NULL,Kit B,NULL,,,,ADIC,,,,NULL,NULL,NULL,NULL,NULL,,,Outsourced,Outsourced,,NULL,NULL,NULL,NULL,NULL,NULL,NULL,NULL,NULL,NULL,NULL
2099,TMS-1,MARKING SLEEVE,NULL,NULL,Kit B,NULL,,,,ADIC,,,,NULL,NULL,NULL,NULL,NULL,,,Outsourced,Outsourced,,NULL,NULL,NULL,NULL,NULL,NULL,NULL,NULL,NULL,NULL,NULL
2100,TMS-1 1/2,MARKING SLEEVE,NULL,NULL,Kit B,NULL,,,,ADIC,,,,NULL,NULL,NULL,NULL,NULL,,,Outsourced,Outsourced,,NULL,NULL,NULL,NULL,NULL,NULL,NULL,NULL,NULL,NULL,NULL
2101,TMS-1/2,MARKING SLEEVE,NULL,NULL,Kit B,NULL,,,,ADIC,,,,NULL,NULL,NULL,NULL,NULL,,,Outsourced,Outsourced,,NULL,NULL,NULL,NULL,NULL,NULL,NULL,NULL,NULL,NULL,NULL
2102,TMS-1/4,MARKING SLEEVE,NULL,NULL,Kit B,NULL,,,,ADIC,,,,NULL,NULL,NULL,NULL,NULL,,,Outsourced,Outsourced,,NULL,NULL,NULL,NULL,NULL,NULL,NULL,NULL,NULL,NULL,NULL
2103,TMS-1/8,MARKING SLEEVE,NULL,NULL,Kit B,NULL,,,,ADIC,,,,NULL,NULL,NULL,NULL,NULL,,,Outsourced,Outsourced,,NULL,NULL,NULL,NULL,NULL,NULL,NULL,NULL,NULL,NULL,NULL
2104,202D953-25/86,MOLDED SLEEVE,NULL,NULL,Kit A,NULL,,,,ADIC,,,,NULL,NULL,NULL,NULL,NULL,,,Outsourced,Outsourced,,NULL,NULL,NULL,NULL,NULL,NULL,NULL,NULL,NULL,NULL,NULL
2105,202D932-25/86,MOLDED SLEEVE,NULL,NULL,Kit A,NULL,,,,ADIC,,,,NULL,NULL,NULL,NULL,NULL,,,Outsourced,Outsourced,,NULL,NULL,NULL,NULL,NULL,NULL,NULL,NULL,NULL,NULL,NULL
2106,202D921-25/86,MOLDED SLEEVE,NULL,NULL,Kit A,NULL,,,,ADIC,,,,NULL,NULL,NULL,NULL,NULL,,,Outsourced,Outsourced,,NULL,NULL,NULL,NULL,NULL,NULL,NULL,NULL,NULL,NULL,NULL
2107,202D211-25/86,MOLDED SLEEVE,NULL,NULL,Kit A,NULL,,,,ADIC,,,,NULL,NULL,NULL,NULL,NULL,,,Outsourced,Outsourced,,NULL,NULL,NULL,NULL,NULL,NULL,NULL,NULL,NULL,NULL,NULL
2108,202D121-25/86,MOLDED SLEEVE,NULL,NULL,Kit B,NULL,,,,ADIC,,,,NULL,NULL,NULL,NULL,NULL,,,Outsourced,Outsourced,,NULL,NULL,NULL,NULL,NULL,NULL,NULL,NULL,NULL,NULL,NULL
2109,202A153-25/86,MOLDED SLEEVE,NULL,NULL,Kit B,NULL,,,,ADIC,,,,NULL,NULL,NULL,NULL,NULL,,,Outsourced,Outsourced,,NULL,NULL,NULL,NULL,NULL,NULL,NULL,NULL,NULL,NULL,NULL
2110,202A111-25/86,MOLDED SLEEVE,NULL,NULL,Kit B,NULL,,,,ADIC,,,,NULL,NULL,NULL,NULL,NULL,,,Outsourced,Outsourced,,NULL,NULL,NULL,NULL,NULL,NULL,NULL,NULL,NULL,NULL,NULL
2111,202D142-25/86,MOLDED SLEEVE,NULL,NULL,Kit B,NULL,,,,ADIC,,,,NULL,NULL,NULL,NULL,NULL,,,Outsourced,Outsourced,,NULL,NULL,NULL,NULL,NULL,NULL,NULL,NULL,NULL,NULL,NULL
2112,202D121-12,MOLDED SLEEVE,NULL,NULL,Kit B,NULL,,,,ADIC,,,,NULL,NULL,NULL,NULL,NULL,,,Outsourced,Outsourced,,NULL,NULL,NULL,NULL,NULL,NULL,NULL,NULL,NULL,NULL,NULL
2113,HB6-91-1,CABLE END,NULL,NULL,Kit A,NULL,,,,ADIC,,,,NULL,NULL,NULL,NULL,NULL,,,Outsourced,Outsourced,,NULL,NULL,NULL,NULL,NULL,NULL,NULL,NULL,NULL,NULL,NULL
2114,HB6-91-10Ag,CABLE END,NULL,NULL,Kit A,NULL,,,,ADIC,,,,NULL,NULL,NULL,NULL,NULL,,,Outsourced,Outsourced,,NULL,NULL,NULL,NULL,NULL,NULL,NULL,NULL,NULL,NULL,NULL
2115,HB6-91-12Ag,CABLE END,NULL,NULL,Kit A,NULL,,,,ADIC,,,,NULL,NULL,NULL,NULL,NULL,,,Outsourced,Outsourced,,NULL,NULL,NULL,NULL,NULL,NULL,NULL,NULL,NULL,NULL,NULL
2116,HB6-91-14,CABLE END,NULL,NULL,Kit A,NULL,,,,ADIC,,,,NULL,NULL,NULL,NULL,NULL,,,Outsourced,Outsourced,,NULL,NULL,NULL,NULL,NULL,NULL,NULL,NULL,NULL,NULL,NULL
2117,HB6-91-14Ag,CABLE END,NULL,NULL,Kit A,NULL,,,,ADIC,,,,NULL,NULL,NULL,NULL,NULL,,,Outsourced,Outsourced,,NULL,NULL,NULL,NULL,NULL,NULL,NULL,NULL,NULL,NULL,NULL
2118,HB6-91-16,CABLE END,NULL,NULL,Kit A,NULL,,,,ADIC,,,,NULL,NULL,NULL,NULL,NULL,,,Outsourced,Outsourced,,NULL,NULL,NULL,NULL,NULL,NULL,NULL,NULL,NULL,NULL,NULL
2119,HB6-91-16Ag,CABLE END,NULL,NULL,Kit A,NULL,,,,ADIC,,,,NULL,NULL,NULL,NULL,NULL,,,Outsourced,Outsourced,,NULL,NULL,NULL,NULL,NULL,NULL,NULL,NULL,NULL,NULL,NULL
2120,HB6-91-2,CABLE END,NULL,NULL,Kit A,NULL,,,,ADIC,,,,NULL,NULL,NULL,NULL,NULL,,,Outsourced,Outsourced,,NULL,NULL,NULL,NULL,NULL,NULL,NULL,NULL,NULL,NULL,NULL
2121,HB6-91-21,CABLE END,NULL,NULL,Kit A,NULL,,,,ADIC,,,,NULL,NULL,NULL,NULL,NULL,,,Outsourced,Outsourced,,NULL,NULL,NULL,NULL,NULL,NULL,NULL,NULL,NULL,NULL,NULL
2122,HB6-91-21Ag,CABLE END,NULL,NULL,Kit A,NULL,,,,ADIC,,,,NULL,NULL,NULL,NULL,NULL,,,Outsourced,Outsourced,,NULL,NULL,NULL,NULL,NULL,NULL,NULL,NULL,NULL,NULL,NULL
2123,HB6-91-27,CABLE END,NULL,NULL,Kit A,NULL,,,,ADIC,,,,NULL,NULL,NULL,NULL,NULL,,,Outsourced,Outsourced,,NULL,NULL,NULL,NULL,NULL,NULL,NULL,NULL,NULL,NULL,NULL
2124,HB6-91-3,CABLE END,NULL,NULL,Kit A,NULL,,,,ADIC,,,,NULL,NULL,NULL,NULL,NULL,,,Outsourced,Outsourced,,NULL,NULL,NULL,NULL,NULL,NULL,NULL,NULL,NULL,NULL,NULL
2125,HB6-91-30,CABLE END,NULL,NULL,Kit A,NULL,,,,ADIC,,,,NULL,NULL,NULL,NULL,NULL,,,Outsourced,Outsourced,,NULL,NULL,NULL,NULL,NULL,NULL,NULL,NULL,NULL,NULL,NULL
2126,HB6-91-31,CABLE END,NULL,NULL,Kit A,NULL,,,,ADIC,,,,NULL,NULL,NULL,NULL,NULL,,,Outsourced,Outsourced,,NULL,NULL,NULL,NULL,NULL,NULL,NULL,NULL,NULL,NULL,NULL
2127,HB6-91-33,CABLE END,NULL,NULL,Kit A,NULL,,,,ADIC,,,,NULL,NULL,NULL,NULL,NULL,,,Outsourced,Outsourced,,NULL,NULL,NULL,NULL,NULL,NULL,NULL,NULL,NULL,NULL,NULL
2128,HB6-91-5,CABLE END,NULL,NULL,Kit A,NULL,,,,ADIC,,,,NULL,NULL,NULL,NULL,NULL,,,Outsourced,Outsourced,,NULL,NULL,NULL,NULL,NULL,NULL,NULL,NULL,NULL,NULL,NULL
2129,HB6-91-6Ag,CABLE END,NULL,NULL,Kit A,NULL,,,,ADIC,,,,NULL,NULL,NULL,NULL,NULL,,,Outsourced,Outsourced,,NULL,NULL,NULL,NULL,NULL,NULL,NULL,NULL,NULL,NULL,NULL
2130,162-4030,SPRING WASHER,NULL,NULL,Kit A,NULL,,,,ADIC,,,,NULL,NULL,NULL,NULL,NULL,,,Outsourced,Outsourced,,NULL,NULL,NULL,NULL,NULL,NULL,NULL,NULL,NULL,NULL,NULL
2131,4C13.18D4,SPRING WASHER,NULL,NULL,Kit A,NULL,,,,ADIC,,,,NULL,NULL,NULL,NULL,NULL,,,Outsourced,Outsourced,,NULL,NULL,NULL,NULL,NULL,NULL,NULL,NULL,NULL,NULL,NULL
2132,GB859.10,SPRING WASHER,NULL,NULL,Kit A,NULL,,,,ADIC,,,,NULL,NULL,NULL,NULL,NULL,,,Outsourced,Outsourced,,NULL,NULL,NULL,NULL,NULL,NULL,NULL,NULL,NULL,NULL,NULL
2133,GB859.12,SPRING WASHER,NULL,NULL,Kit A,NULL,,,,ADIC,,,,NULL,NULL,NULL,NULL,NULL,,,Outsourced,Outsourced,,NULL,NULL,NULL,NULL,NULL,NULL,NULL,NULL,NULL,NULL,NULL
2134,GB859.14,SPRING WASHER,NULL,NULL,Kit A,NULL,,,,ADIC,,,,NULL,NULL,NULL,NULL,NULL,,,Outsourced,Outsourced,,NULL,NULL,NULL,NULL,NULL,NULL,NULL,NULL,NULL,NULL,NULL
2135,GB859.16,SPRING WASHER,NULL,NULL,Kit A,NULL,,,,ADIC,,,,NULL,NULL,NULL,NULL,NULL,,,Outsourced,Outsourced,,NULL,NULL,NULL,NULL,NULL,NULL,NULL,NULL,NULL,NULL,NULL
2136,GB859.3,SPRING WASHER,NULL,NULL,Kit A,NULL,,,,ADIC,,,,NULL,NULL,NULL,NULL,NULL,,,Outsourced,Outsourced,,NULL,NULL,NULL,NULL,NULL,NULL,NULL,NULL,NULL,NULL,NULL
2137,GB859.5,SPRING WASHER,NULL,NULL,Kit A,NULL,,,,ADIC,,,,NULL,NULL,NULL,NULL,NULL,,,Outsourced,Outsourced,,NULL,NULL,NULL,NULL,NULL,NULL,NULL,NULL,NULL,NULL,NULL
2138,GB859.6,SPRING WASHER,NULL,NULL,Kit A,NULL,,,,ADIC,,,,NULL,NULL,NULL,NULL,NULL,,,Outsourced,Outsourced,,NULL,NULL,NULL,NULL,NULL,NULL,NULL,NULL,NULL,NULL,NULL
2139,GB859.8,SPRING WASHER,NULL,NULL,Kit A,NULL,,,,ADIC,,,,NULL,NULL,NULL,NULL,NULL,,,Outsourced,Outsourced,,NULL,NULL,NULL,NULL,NULL,NULL,NULL,NULL,NULL,NULL,NULL
2140,GB859-10-65MN,SPRING WASHER,NULL,NULL,Kit A,NULL,,,,ADIC,,,,NULL,NULL,NULL,NULL,NULL,,,Outsourced,Outsourced,,NULL,NULL,NULL,NULL,NULL,NULL,NULL,NULL,NULL,NULL,NULL
2141,GB859-875,SPRING WASHER,NULL,NULL,Kit A,NULL,,,,ADIC,,,,NULL,NULL,NULL,NULL,NULL,,,Outsourced,Outsourced,,NULL,NULL,NULL,NULL,NULL,NULL,NULL,NULL,NULL,NULL,NULL
2142,GB859-87-6-WRG,SPRING WASHER,NULL,NULL,Kit A,NULL,,,,ADIC,,,,NULL,NULL,NULL,NULL,NULL,,,Outsourced,Outsourced,,NULL,NULL,NULL,NULL,NULL,NULL,NULL,NULL,NULL,NULL,NULL
2143,GB93-4-1Cr18Ni9Ti,SPRING WASHER,NULL,NULL,Kit A,NULL,,,,ADIC,,,,NULL,NULL,NULL,NULL,NULL,,,Outsourced,Outsourced,,NULL,NULL,NULL,NULL,NULL,NULL,NULL,NULL,NULL,NULL,NULL
2144,GB93-8-1Cr18Ni9Ti,SPRING WASHER,NULL,NULL,Kit A,NULL,,,,ADIC,,,,NULL,NULL,NULL,NULL,NULL,,,Outsourced,Outsourced,,NULL,NULL,NULL,NULL,NULL,NULL,NULL,NULL,NULL,NULL,NULL
2145,2.5GB93-76-CR,SPRING WASHER,NULL,NULL,Kit C,NULL,,,,ADIC,,,,NULL,NULL,NULL,NULL,NULL,,,Outsourced,Outsourced,,NULL,NULL,NULL,NULL,NULL,NULL,NULL,NULL,NULL,NULL,NULL
2146,4GB859-65Mn,SPRING WASHER,NULL,NULL,Kit C,NULL,,,,ADIC,,,,NULL,NULL,NULL,NULL,NULL,,,Outsourced,Outsourced,,NULL,NULL,NULL,NULL,NULL,NULL,NULL,NULL,NULL,NULL,NULL
2147,8GB859-67,SPRING WASHER,NULL,NULL,Kit C,NULL,,,,ADIC,,,,NULL,NULL,NULL,NULL,NULL,,,Outsourced,Outsourced,,NULL,NULL,NULL,NULL,NULL,NULL,NULL,NULL,NULL,NULL,NULL
2148,3GB859-65Mn,SPRING WASHER,NULL,NULL,Kit C,NULL,,,,ADIC,,,,NULL,NULL,NULL,NULL,NULL,,,Outsourced,Outsourced,,NULL,NULL,NULL,NULL,NULL,NULL,NULL,NULL,NULL,NULL,NULL
2149,MS21140-4,CHEERY RIVET,NULL,NULL,Kit B,NULL,,,,ADIC,,,,NULL,NULL,NULL,NULL,NULL,,,Outsourced,Outsourced,,NULL,NULL,NULL,NULL,NULL,NULL,NULL,NULL,NULL,NULL,NULL
2150,MS21140S-2,CHEERY RIVET,NULL,NULL,Kit B,NULL,,,,ADIC,,,,NULL,NULL,NULL,NULL,NULL,,,Outsourced,Outsourced,,NULL,NULL,NULL,NULL,NULL,NULL,NULL,NULL,NULL,NULL,NULL
2151,MS21140S-3,CHEERY RIVET,NULL,NULL,Kit B,NULL,,,,ADIC,,,,NULL,NULL,NULL,NULL,NULL,,,Outsourced,Outsourced,,NULL,NULL,NULL,NULL,NULL,NULL,NULL,NULL,NULL,NULL,NULL
2152,MS21140S-5,CHEERY RIVET,NULL,NULL,Kit B,NULL,,,,ADIC,,,,NULL,NULL,NULL,NULL,NULL,,,Outsourced,Outsourced,,NULL,NULL,NULL,NULL,NULL,NULL,NULL,NULL,NULL,NULL,NULL
2153,MS21141S-05-03,CHEERY RIVET,NULL,NULL,Kit B,NULL,,,,ADIC,,,,NULL,NULL,NULL,NULL,NULL,,,Outsourced,Outsourced,,NULL,NULL,NULL,NULL,NULL,NULL,NULL,NULL,NULL,NULL,NULL
2154,MS21141S-05-04,CHEERY RIVET,NULL,NULL,Kit B,NULL,,,,ADIC,,,,NULL,NULL,NULL,NULL,NULL,,,Outsourced,Outsourced,,NULL,NULL,NULL,NULL,NULL,NULL,NULL,NULL,NULL,NULL,NULL
2155,GB62BM5-25,NUT,NULL,NULL,Kit B,NULL,,,,ADIC,,,,NULL,NULL,NULL,NULL,NULL,,,Outsourced,Outsourced,,NULL,NULL,NULL,NULL,NULL,NULL,NULL,NULL,NULL,NULL,NULL
2156,3HB6879-52,Graphite Washer,NULL,NULL,Kit A,NULL,,,,ADIC,,,,NULL,NULL,NULL,NULL,NULL,,,Under Indigenization,Collaborated with KRL,,NULL,NULL,NULL,NULL,NULL,NULL,NULL,NULL,NULL,NULL,NULL
2157,HB7466-42,Graphite Washer,NULL,NULL,Kit A,NULL,,,,ADIC,,,,NULL,NULL,NULL,NULL,NULL,,,Under Indigenization,Collaborated with KRL,,NULL,NULL,NULL,NULL,NULL,NULL,NULL,NULL,NULL,NULL,NULL
2158,HB7466-52,Graphite Washer,NULL,NULL,Kit A,NULL,,,,ADIC,,,,NULL,NULL,NULL,NULL,NULL,,,Under Indigenization,Collaborated with KRL,,NULL,NULL,NULL,NULL,NULL,NULL,NULL,NULL,NULL,NULL,NULL
2159,FYX102-0017,SLIP RING,NULL,NULL,Kit C,NULL,,,,ADIC,,,,NULL,NULL,NULL,NULL,NULL,,,Under Indigenization,Collaborated with KRL,,NULL,NULL,NULL,NULL,NULL,NULL,NULL,NULL,NULL,NULL,NULL
2160,FYX101-0007,SLIP RING,NULL,NULL,Kit C,NULL,,,,ADIC,,,,NULL,NULL,NULL,NULL,NULL,,,Under Indigenization,Collaborated with KRL,,NULL,NULL,NULL,NULL,NULL,NULL,NULL,NULL,NULL,NULL,NULL
2161,FR226-106,SLIP RING,NULL,NULL,Kit C,NULL,,,,ADIC,,,,NULL,NULL,NULL,NULL,NULL,,,Under Indigenization,Collaborated with KRL,,NULL,NULL,NULL,NULL,NULL,NULL,NULL,NULL,NULL,NULL,NULL
2162,FYX101-0017,SLIP RING,NULL,NULL,Kit C,NULL,,,,ADIC,,,,NULL,NULL,NULL,NULL,NULL,,,Under Indigenization,Collaborated with KRL,,NULL,NULL,NULL,NULL,NULL,NULL,NULL,NULL,NULL,NULL,NULL
2163,TB6-IA75X3.55,SEAL ASSEMBLY,NULL,NULL,Kit C,NULL,,,,ADIC,,,,NULL,NULL,NULL,NULL,NULL,,,Under Indigenization,Collaborated with KRL,,NULL,NULL,NULL,NULL,NULL,NULL,NULL,NULL,NULL,NULL,NULL
2164,TB4-iB55X3.1,SEAL ASSEMBLY,NULL,NULL,Kit C,NULL,,,,ADIC,,,,NULL,NULL,NULL,NULL,NULL,,,Under Indigenization,Collaborated with KRL,,NULL,NULL,NULL,NULL,NULL,NULL,NULL,NULL,NULL,NULL,NULL
2165,HB3-29-1X43B,RUBBER PAD,NULL,NULL,Kit A,NULL,,,,ADIC,,,,NULL,NULL,NULL,NULL,NULL,,,Under Indigenization,Collaborated with KRL,,NULL,NULL,NULL,NULL,NULL,NULL,NULL,NULL,NULL,NULL,NULL
2166,J130904F-09(500X1.0),RUBBER PAD,NULL,NULL,Kit A,NULL,,,,ADIC,,,,NULL,NULL,NULL,NULL,NULL,,,Under Indigenization,Collaborated with KRL,,NULL,NULL,NULL,NULL,NULL,NULL,NULL,NULL,NULL,NULL,NULL
2167,J130904J-08(360X1.5),RUBBER PAD,NULL,NULL,Kit A,NULL,,,,ADIC,,,,NULL,NULL,NULL,NULL,NULL,,,Under Indigenization,Collaborated with KRL,,NULL,NULL,NULL,NULL,NULL,NULL,NULL,NULL,NULL,NULL,NULL
2168,J130904J-09(400X1.0),RUBBER PAD,NULL,NULL,Kit A,NULL,,,,ADIC,,,,NULL,NULL,NULL,NULL,NULL,,,Under Indigenization,Collaborated with KRL,,NULL,NULL,NULL,NULL,NULL,NULL,NULL,NULL,NULL,NULL,NULL
2169,J130904F-08(500X1.5),RUBBER PAD,NULL,NULL,Kit A,NULL,,,,ADIC,,,,NULL,NULL,NULL,NULL,NULL,,,Under Indigenization,Collaborated with KRL,,NULL,NULL,NULL,NULL,NULL,NULL,NULL,NULL,NULL,NULL,NULL
2170,DD-FC1-06011-30-2,WATER PROOF BAND,NULL,NULL,Kit A,NULL,,,,ADIC,,,,NULL,NULL,NULL,NULL,NULL,,,Under Indigenization,Collaborated with KRL,,NULL,NULL,NULL,NULL,NULL,NULL,NULL,NULL,NULL,NULL,NULL
2171,DD-FC1-06011-40-2-Y,WATER PROOF BAND,NULL,NULL,Kit A,NULL,,,,ADIC,,,,NULL,NULL,NULL,NULL,NULL,,,Under Indigenization,Collaborated with KRL,,NULL,NULL,NULL,NULL,NULL,NULL,NULL,NULL,NULL,NULL,NULL
2172,DD-FC1-06011-40-2-Z,WATER PROOF BAND,NULL,NULL,Kit A,NULL,,,,ADIC,,,,NULL,NULL,NULL,NULL,NULL,,,Under Indigenization,Collaborated with KRL,,NULL,NULL,NULL,NULL,NULL,NULL,NULL,NULL,NULL,NULL,NULL
2173,DD-FC1-06021-6,WATER PROOF BAND,NULL,NULL,Kit A,NULL,,,,ADIC,,,,NULL,NULL,NULL,NULL,NULL,,,Under Indigenization,Collaborated with KRL,,NULL,NULL,NULL,NULL,NULL,NULL,NULL,NULL,NULL,NULL,NULL
2174,DD-FC1-06021-7,WATER PROOF BAND,NULL,NULL,Kit A,NULL,,,,ADIC,,,,NULL,NULL,NULL,NULL,NULL,,,Under Indigenization,Collaborated with KRL,,NULL,NULL,NULL,NULL,NULL,NULL,NULL,NULL,NULL,NULL,NULL
2175,DD-FC1-94011-1580,RUBBER PIPE,NULL,NULL,Kit A,NULL,,,,ADIC,,,,NULL,NULL,NULL,NULL,NULL,,,Under Indigenization,Collaborated with KRL,,NULL,NULL,NULL,NULL,NULL,NULL,NULL,NULL,NULL,NULL,NULL
2176,DD-FC1-94061-110,HOSE,NULL,NULL,Kit A,NULL,,,,ADIC,,,,NULL,NULL,NULL,NULL,NULL,,,Under Indigenization,Collaborated with KRL,,NULL,NULL,NULL,NULL,NULL,NULL,NULL,NULL,NULL,NULL,NULL
2177,DD-FC1-94061-160,HOSE,NULL,NULL,Kit A,NULL,,,,ADIC,,,,NULL,NULL,NULL,NULL,NULL,,,Under Indigenization,Collaborated with KRL,,NULL,NULL,NULL,NULL,NULL,NULL,NULL,NULL,NULL,NULL,NULL
2178,DD-FC1-94021-340,RIPPLE PIPE,NULL,NULL,Kit A,NULL,,,,ADIC,,,,NULL,NULL,NULL,NULL,NULL,,,Under Indigenization,Collaborated with KRL,,NULL,NULL,NULL,NULL,NULL,NULL,NULL,NULL,NULL,NULL,NULL
2179,DD-FC1-94021-330,HOSE,NULL,NULL,Kit A,NULL,,,,ADIC,,,,NULL,NULL,NULL,NULL,NULL,,,Under Indigenization,Collaborated with KRL,,NULL,NULL,NULL,NULL,NULL,NULL,NULL,NULL,NULL,NULL,NULL
2180,DD-FC1-67251-1000-2,RUBBER PIPE,NULL,NULL,Kit A,NULL,,,,ADIC,,,,NULL,NULL,NULL,NULL,NULL,,,Under Indigenization,Collaborated with KRL,,NULL,NULL,NULL,NULL,NULL,NULL,NULL,NULL,NULL,NULL,NULL
2181,DD-FC1-67251-2000-2,RUBBER PIPE,NULL,NULL,Kit A,NULL,,,,ADIC,,,,NULL,NULL,NULL,NULL,NULL,,,Under Indigenization,Collaborated with KRL,,NULL,NULL,NULL,NULL,NULL,NULL,NULL,NULL,NULL,NULL,NULL
2182,Z8-9505-0-3W,RUBBER PIPE,NULL,NULL,Kit A,NULL,,,,ADIC,,,,NULL,NULL,NULL,NULL,NULL,,,Under Indigenization,Collaborated with KRL,,NULL,NULL,NULL,NULL,NULL,NULL,NULL,NULL,NULL,NULL,NULL
2183,5860-JXC-103-3,RUBBER PIPE,NULL,NULL,Kit A,NULL,,,,ADIC,,,,NULL,NULL,NULL,NULL,NULL,,,Under Indigenization,Collaborated with KRL,,NULL,NULL,NULL,NULL,NULL,NULL,NULL,NULL,NULL,NULL,NULL
2184,HTPQ-10X16(C?,WAVE PROOF SLEEVE,NULL,NULL,Kit B,NULL,,,,ADIC,,,,NULL,NULL,NULL,NULL,NULL,,,Under Indigenization,Collaborated with KRL,,NULL,NULL,NULL,NULL,NULL,NULL,NULL,NULL,NULL,NULL,NULL
2185,HTPQ-16X24(C?,WAVE PROOF SLEEVE,NULL,NULL,Kit B,NULL,,,,ADIC,,,,NULL,NULL,NULL,NULL,NULL,,,Under Indigenization,Collaborated with KRL,,NULL,NULL,NULL,NULL,NULL,NULL,NULL,NULL,NULL,NULL,NULL
2186,HTPQ-24X30(C?,WAVE PROOF SLEEVE,NULL,NULL,Kit B,NULL,,,,ADIC,,,,NULL,NULL,NULL,NULL,NULL,,,Under Indigenization,Collaborated with KRL,,NULL,NULL,NULL,NULL,NULL,NULL,NULL,NULL,NULL,NULL,NULL
2187,HTPQ-40X50(C?,WAVE PROOF SLEEVE,NULL,NULL,Kit B,NULL,,,,ADIC,,,,NULL,NULL,NULL,NULL,NULL,,,Under Indigenization,Collaborated with KRL,,NULL,NULL,NULL,NULL,NULL,NULL,NULL,NULL,NULL,NULL,NULL
2188,HTPQ-6X10(C),WAVE PROOF SLEEVE,NULL,NULL,Kit B,NULL,,,,ADIC,,,,NULL,NULL,NULL,NULL,NULL,,,Under Indigenization,Collaborated with KRL,,NULL,NULL,NULL,NULL,NULL,NULL,NULL,NULL,NULL,NULL,NULL
2189,D436-43,T JOINT,NULL,NULL,Kit B,NULL,,,,ADIC,,,,NULL,NULL,NULL,NULL,NULL,,,Under sourcing,Under sourcing,,NULL,NULL,NULL,NULL,NULL,NULL,NULL,NULL,NULL,NULL,NULL
2190,DD-FC1-77011-1310/1,MAIN PIPE,NULL,NULL,Kit A,NULL,,,,ADIC,,,,NULL,NULL,NULL,NULL,NULL,,,Under sourcing,Under sourcing,,NULL,NULL,NULL,NULL,NULL,NULL,NULL,NULL,NULL,NULL,NULL
2191,DD-FC1-77011-1310/2,MAIN PIPE,NULL,NULL,Kit A,NULL,,,,ADIC,,,,NULL,NULL,NULL,NULL,NULL,,,Under sourcing,Under sourcing,,NULL,NULL,NULL,NULL,NULL,NULL,NULL,NULL,NULL,NULL,NULL
2192,DD-FC1-77011-1310/3,MAIN PIPE,NULL,NULL,Kit A,NULL,,,,ADIC,,,,NULL,NULL,NULL,NULL,NULL,,,Under sourcing,Under sourcing,,NULL,NULL,NULL,NULL,NULL,NULL,NULL,NULL,NULL,NULL,NULL
2193,DD-FC1-77011-1310/4,MAIN PIPE,NULL,NULL,Kit A,NULL,,,,ADIC,,,,NULL,NULL,NULL,NULL,NULL,,,Under sourcing,Under sourcing,,NULL,NULL,NULL,NULL,NULL,NULL,NULL,NULL,NULL,NULL,NULL
2194,T5x13,RUBBER HOSE,NULL,NULL,Kit A,NULL,,,,ADIC,,,,NULL,NULL,NULL,NULL,NULL,,,Under Indigenization,Collaborated with KRL,,NULL,NULL,NULL,NULL,NULL,NULL,NULL,NULL,NULL,NULL,NULL
2195,GB/T91-19861x12-S32160,COTTER PIN,NULL,NULL,Kit B,NULL,,,,ADIC,,,,NULL,NULL,NULL,NULL,NULL,,,Under sourcing,Under sourcing,,NULL,NULL,NULL,NULL,NULL,NULL,NULL,NULL,NULL,NULL,NULL
2196,CXF13-106-W,?S?TYPE FITTING PIN,NULL,NULL,Kit C,NULL,,,,ADIC,,,,NULL,NULL,NULL,NULL,NULL,,,Under sourcing,Under sourcing,,NULL,NULL,NULL,NULL,NULL,NULL,NULL,NULL,NULL,NULL,NULL
2197,CLQ-26Z-130,FAN SEAL WASHER,NULL,NULL,Kit C,NULL,,,,ADIC,,,,NULL,NULL,NULL,NULL,NULL,,,Under Indigenization,Collaborated with KRL,,NULL,NULL,NULL,NULL,NULL,NULL,NULL,NULL,NULL,NULL,NULL
2198,YZL26-4502,DUST RING,NULL,NULL,Kit C,NULL,,,,ADIC,,,,NULL,NULL,NULL,NULL,NULL,,,Under Indigenization,Collaborated with KRL,,NULL,NULL,NULL,NULL,NULL,NULL,NULL,NULL,NULL,NULL,NULL
2199,YDT12-011,FELT RING,NULL,NULL,Kit C,NULL,,,,ADIC,,,,NULL,NULL,NULL,NULL,NULL,,,Under sourcing,Under sourcing,,NULL,NULL,NULL,NULL,NULL,NULL,NULL,NULL,NULL,NULL,NULL
2200,HB2-6-6X5,RUBBER INSERT,NULL,NULL,Kit C,NULL,,,,ADIC,,,,NULL,NULL,NULL,NULL,NULL,,,Under Indigenization,Collaborated with KRL,,NULL,NULL,NULL,NULL,NULL,NULL,NULL,NULL,NULL,NULL,NULL
2201,3DT-116,GASKET,NULL,NULL,Kit C,NULL,,,,ADIC,,,,NULL,NULL,NULL,NULL,NULL,,,Under Indigenization,Collaborated with KRL,,NULL,NULL,NULL,NULL,NULL,NULL,NULL,NULL,NULL,NULL,NULL
2202,DD-FC1-41015-28,RUBBER CUP,NULL,NULL,Kit C,NULL,,,,ADIC,,,,NULL,NULL,NULL,NULL,NULL,,,Under Indigenization,Collaborated with KRL,,NULL,NULL,NULL,NULL,NULL,NULL,NULL,NULL,NULL,NULL,NULL
2203,FLB08-012,RUBBER BOWL,NULL,NULL,Kit C,NULL,,,,ADIC,,,,NULL,NULL,NULL,NULL,NULL,,,Under Indigenization,Collaborated with KRL,,NULL,NULL,NULL,NULL,NULL,NULL,NULL,NULL,NULL,NULL,NULL
2204,SLF-HL-180-C1-05,BUSH ,NULL,NULL,Kit A,NULL,,,,ADIC,,,,NULL,NULL,NULL,NULL,NULL,,,Under Indigenization,Collaborated with KRL,,NULL,NULL,NULL,NULL,NULL,NULL,NULL,NULL,NULL,NULL,NULL
2205,DD-FC1-06041-60,CANOPY INFLATABLE SEALS,NULL,NULL,Kit A,NULL,,,,ADIC,,,,NULL,NULL,NULL,NULL,NULL,,,Under sourcing,Under sourcing,,NULL,NULL,NULL,NULL,NULL,NULL,NULL,NULL,NULL,NULL,NULL
2206,DD-FC1-34003-100-3-Y/ZTOOLTEC-CS5-800MM-12MM,FRICTION WASHER,NULL,NULL,Kit A,NULL,,,,ADIC,,,,NULL,NULL,NULL,NULL,NULL,,,Under sourcing,Under sourcing,,NULL,NULL,NULL,NULL,NULL,NULL,NULL,NULL,NULL,NULL,NULL
2207,DD-FC1-34003-100-4-Y/ZTOOLTEC-CS5-970mmX12mm,FRICTION WASHER,NULL,NULL,Kit A,NULL,,,,ADIC,,,,NULL,NULL,NULL,NULL,NULL,,,Under sourcing,Under sourcing,,NULL,NULL,NULL,NULL,NULL,NULL,NULL,NULL,NULL,NULL,NULL
2208,JP1-1.35,SHOCK PAD,NULL,NULL,Kit A,NULL,,,,ADIC,,,,NULL,NULL,NULL,NULL,NULL,,,Under sourcing,Under sourcing,,NULL,NULL,NULL,NULL,NULL,NULL,NULL,NULL,NULL,NULL,NULL
2209,Q/611S124-1.5,LOCK FLAP,NULL,NULL,Kit B,NULL,,,,ADIC,,,,NULL,NULL,NULL,NULL,NULL,,,Under sourcing,Under sourcing,,NULL,NULL,NULL,NULL,NULL,NULL,NULL,NULL,NULL,NULL,NULL
2210,ZJ01,CAPRONE TAPE,NULL,NULL,Kit B,NULL,,,,ADIC,,,,NULL,NULL,NULL,NULL,NULL,,,Under Indigenization,Sample Awaited,,NULL,NULL,NULL,NULL,NULL,NULL,NULL,NULL,NULL,NULL,NULL
2211,H651-566-2,CHINA PIPE,NULL,NULL,Kit B,NULL,,,,ADIC,,,,NULL,NULL,NULL,NULL,NULL,,,Under Indigenization,Collaborated with KRL,,NULL,NULL,NULL,NULL,NULL,NULL,NULL,NULL,NULL,NULL,NULL
2212,HB3-23-64,CLAMP,NULL,NULL,Kit B,NULL,,,,ADIC,,,,NULL,NULL,NULL,NULL,NULL,,,Under Indigenization,Collaborated with KRL,,NULL,NULL,NULL,NULL,NULL,NULL,NULL,NULL,NULL,NULL,NULL
2213,HB3-35LB4-8B,CLAMP,NULL,NULL,Kit B,NULL,,,,ADIC,,,,NULL,NULL,NULL,NULL,NULL,,,Under sourcing,Under sourcing,,NULL,NULL,NULL,NULL,NULL,NULL,NULL,NULL,NULL,NULL,NULL
2214,CA21037-4R,SNAP RING,NULL,NULL,Kit B,NULL,,,,ADIC,,,,NULL,NULL,NULL,NULL,NULL,,,Under Indigenization,Sample Awaited,,NULL,NULL,NULL,NULL,NULL,NULL,NULL,NULL,NULL,NULL,NULL
2215,DD-FC1-20302-70-2,RUBBER PAD,NULL,NULL,Kit A,NULL,,,,ADIC,,,,NULL,NULL,NULL,NULL,NULL,,,Under Indigenization,Sample Awaited,,NULL,NULL,NULL,NULL,NULL,NULL,NULL,NULL,NULL,NULL,NULL
2216,YXY1A-001-2,STRIP,NULL,NULL,Kit C,NULL,,,,ADIC,,,,NULL,NULL,NULL,NULL,NULL,,,Under sourcing,Under sourcing,,NULL,NULL,NULL,NULL,NULL,NULL,NULL,NULL,NULL,NULL,NULL
2217,QHF1A-110,DIAPHRAM ASSEMBLY,NULL,NULL,Kit C,NULL,,,,ADIC,,,,NULL,NULL,NULL,NULL,NULL,,,Under Indigenization,Collaborated with KRL,,NULL,NULL,NULL,NULL,NULL,NULL,NULL,NULL,NULL,NULL,NULL
2218,QHF1A-500,DIAPHRAM ASSEMBLY,NULL,NULL,Kit C,NULL,,,,ADIC,,,,NULL,NULL,NULL,NULL,NULL,,,Under Indigenization,Collaborated with KRL,,NULL,NULL,NULL,NULL,NULL,NULL,NULL,NULL,NULL,NULL,NULL
2219,QHF1A-400,DIAPHRAM ASSEMBLY,NULL,NULL,Kit C,NULL,,,,ADIC,,,,NULL,NULL,NULL,NULL,NULL,,,Under Indigenization,Collaborated with KRL,,NULL,NULL,NULL,NULL,NULL,NULL,NULL,NULL,NULL,NULL,NULL
2220,3DT-013,DIAPHRAM ASSEMBLY,NULL,NULL,Kit C,NULL,,,,ADIC,,,,NULL,NULL,NULL,NULL,NULL,,,Under Indigenization,Collaborated with KRL,,NULL,NULL,NULL,NULL,NULL,NULL,NULL,NULL,NULL,NULL,NULL
2221,CYT7-010,DIAPHRAM ASSEMBLY,NULL,NULL,Kit C,NULL,,,,ADIC,,,,NULL,NULL,NULL,NULL,NULL,,,Under Indigenization,Collaborated with KRL,,NULL,NULL,NULL,NULL,NULL,NULL,NULL,NULL,NULL,NULL,NULL
2222,CYT11-118,DIAPHRAM ASSEMBLY,NULL,NULL,Kit C,NULL,,,,ADIC,,,,NULL,NULL,NULL,NULL,NULL,,,Under Indigenization,Collaborated with KRL,,NULL,NULL,NULL,NULL,NULL,NULL,NULL,NULL,NULL,NULL,NULL
2223,CYT11-109,DIAPHRAM ASSEMBLY,NULL,NULL,Kit C,NULL,,,,ADIC,,,,NULL,NULL,NULL,NULL,NULL,,,Under Indigenization,Collaborated with KRL,,NULL,NULL,NULL,NULL,NULL,NULL,NULL,NULL,NULL,NULL,NULL
2224,FZ508-012,DIAPHRAM ASSEMBLY,NULL,NULL,Kit C,NULL,,,,ADIC,,,,NULL,NULL,NULL,NULL,NULL,,,Under Indigenization,Collaborated with KRL,,NULL,NULL,NULL,NULL,NULL,NULL,NULL,NULL,NULL,NULL,NULL
2225,FZ204-0200,DIAPHRAM ASSEMBLY,NULL,NULL,Kit C,NULL,,,,ADIC,,,,NULL,NULL,NULL,NULL,NULL,,,Under Indigenization,Collaborated with KRL,,NULL,NULL,NULL,NULL,NULL,NULL,NULL,NULL,NULL,NULL,NULL
2226,QYF48A-10,DIAPHRAM ASSEMBLY,NULL,NULL,Kit C,NULL,,,,ADIC,,,,NULL,NULL,NULL,NULL,NULL,,,Under Indigenization,Collaborated with KRL,,NULL,NULL,NULL,NULL,NULL,NULL,NULL,NULL,NULL,NULL,NULL
2227,J4.00.07,DIAPHRAM ASSEMBLY,NULL,NULL,Kit C,NULL,,,,ADIC,,,,NULL,NULL,NULL,NULL,NULL,,,Under Indigenization,Collaborated with KRL,,NULL,NULL,NULL,NULL,NULL,NULL,NULL,NULL,NULL,NULL,NULL
2228,2C6.500.063,Cold-junction cable,NULL,NULL,Kit A,NULL,,,,ADIC,,,,NULL,NULL,NULL,NULL,NULL,,,Under sourcing,Under sourcing,,NULL,NULL,NULL,NULL,NULL,NULL,NULL,NULL,NULL,NULL,NULL
2229,500X180-250,Nose Wheel tyre,NULL,NULL,Kit A,NULL,,,,ADIC,,,,NULL,NULL,NULL,NULL,NULL,,,Beyond Capability,Beyond Capability,,NULL,NULL,NULL,NULL,NULL,NULL,NULL,NULL,NULL,NULL,NULL
2230,DD-FC1-94061-501,Rubber Pad,NULL,NULL,Kit A,NULL,,,,ADIC,,,,NULL,NULL,NULL,NULL,NULL,,,Under Indigenization,Collaborated with KRL,,NULL,NULL,NULL,NULL,NULL,NULL,NULL,NULL,NULL,NULL,NULL
2231,GB859.4,Spring Jasket,NULL,NULL,Kit A,NULL,,,,ADIC,,,,NULL,NULL,NULL,NULL,NULL,,,Outsourced,Outsourced,,NULL,NULL,NULL,NULL,NULL,NULL,NULL,NULL,NULL,NULL,NULL
2232,HB6-91-29,Cable end,NULL,NULL,Kit A,NULL,,,,ADIC,,,,NULL,NULL,NULL,NULL,NULL,,,Outsourced,Outsourced,,NULL,NULL,NULL,NULL,NULL,NULL,NULL,NULL,NULL,NULL,NULL
2233,HM102?5.0,Rubber pad,NULL,NULL,Kit B,NULL,,,,ADIC,,,,NULL,NULL,NULL,NULL,NULL,,,Under Indigenization,Sample Awaited,,NULL,NULL,NULL,NULL,NULL,NULL,NULL,NULL,NULL,NULL,NULL
2234,J210-J1N,Relay,NULL,NULL,Kit A,NULL,,,,ADIC,,,,NULL,NULL,NULL,NULL,NULL,,,Beyond Capability,Beyond Capability,,NULL,NULL,NULL,NULL,NULL,NULL,NULL,NULL,NULL,NULL,NULL
2235,J220-J1N,Relay,NULL,NULL,Kit A,NULL,,,,ADIC,,,,NULL,NULL,NULL,NULL,NULL,,,Beyond Capability,Beyond Capability,,NULL,NULL,NULL,NULL,NULL,NULL,NULL,NULL,NULL,NULL,NULL
2236,J300-J1F,Relay,NULL,NULL,Kit A,NULL,,,,ADIC,,,,NULL,NULL,NULL,NULL,NULL,,,Beyond Capability,Beyond Capability,,NULL,NULL,NULL,NULL,NULL,NULL,NULL,NULL,NULL,NULL,NULL
2237,J300-J1N,Relay,NULL,NULL,Kit A,NULL,,,,ADIC,,,,NULL,NULL,NULL,NULL,NULL,,,Beyond Capability,Beyond Capability,,NULL,NULL,NULL,NULL,NULL,NULL,NULL,NULL,NULL,NULL,NULL
2238,J500-J1N,Relay,NULL,NULL,Kit A,NULL,,,,ADIC,,,,NULL,NULL,NULL,NULL,NULL,,,Beyond Capability,Beyond Capability,,NULL,NULL,NULL,NULL,NULL,NULL,NULL,NULL,NULL,NULL,NULL
2239,981065,Bearing,NULL,NULL,Kit B,NULL,,,,ADIC,,,,NULL,NULL,NULL,NULL,NULL,,,Outsourced,Outsourced,,NULL,NULL,NULL,NULL,NULL,NULL,NULL,NULL,NULL,NULL,NULL
2240,981067,Bearing,NULL,NULL,Kit B,NULL,,,,ADIC,,,,NULL,NULL,NULL,NULL,NULL,,,Outsourced,Outsourced,,NULL,NULL,NULL,NULL,NULL,NULL,NULL,NULL,NULL,NULL,NULL
2241,1018GJB269-87/5,Bearing,NULL,NULL,Kit B,NULL,,,,ADIC,,,,NULL,NULL,NULL,NULL,NULL,,,Outsourced,Outsourced,,NULL,NULL,NULL,NULL,NULL,NULL,NULL,NULL,NULL,NULL,NULL
2242,1026GJB269-87/5,Null,NULL,NULL,Kit B,NULL,,,,ADIC,,,,NULL,NULL,NULL,NULL,NULL,,,Outsourced,Outsourced,,NULL,NULL,NULL,NULL,NULL,NULL,NULL,NULL,NULL,NULL,NULL
2243,3E6571007,20D Jack,NULL,NULL,Kit B,NULL,,,,ADIC,,,,NULL,NULL,NULL,NULL,NULL,,,Outsourced,Outsourced,,NULL,NULL,NULL,NULL,NULL,NULL,NULL,NULL,NULL,NULL,NULL
2244,3E6571030,20# Needle,NULL,NULL,Kit B,NULL,,,,ADIC,,,,NULL,NULL,NULL,NULL,NULL,,,Outsourced,Outsourced,,NULL,NULL,NULL,NULL,NULL,NULL,NULL,NULL,NULL,NULL,NULL
2245,3E6571041,Jack,NULL,NULL,Kit B,NULL,,,,ADIC,,,,NULL,NULL,NULL,NULL,NULL,,,Outsourced,Outsourced,,NULL,NULL,NULL,NULL,NULL,NULL,NULL,NULL,NULL,NULL,NULL
2246,3E8570048,Needle,NULL,NULL,Kit B,NULL,,,,ADIC,,,,NULL,NULL,NULL,NULL,NULL,,,Outsourced,Outsourced,,NULL,NULL,NULL,NULL,NULL,NULL,NULL,NULL,NULL,NULL,NULL
2247,3E8570049,Needle,NULL,NULL,Kit B,NULL,,,,ADIC,,,,NULL,NULL,NULL,NULL,NULL,,,Outsourced,Outsourced,,NULL,NULL,NULL,NULL,NULL,NULL,NULL,NULL,NULL,NULL,NULL
2248,3E8570675,Needle,NULL,NULL,Kit B,NULL,,,,ADIC,,,,NULL,NULL,NULL,NULL,NULL,,,Outsourced,Outsourced,,NULL,NULL,NULL,NULL,NULL,NULL,NULL,NULL,NULL,NULL,NULL
2249,900805GJB269-85/5,Bearing,NULL,NULL,Kit B,NULL,,,,ADIC,,,,NULL,NULL,NULL,NULL,NULL,,,Outsourced,Outsourced,,NULL,NULL,NULL,NULL,NULL,NULL,NULL,NULL,NULL,NULL,NULL
2250,CX-5,Plug Socket,NULL,NULL,Kit B,NULL,,,,ADIC,,,,NULL,NULL,NULL,NULL,NULL,,,Beyond Capability,Beyond Capability,,NULL,NULL,NULL,NULL,NULL,NULL,NULL,NULL,NULL,NULL,NULL
2251,D-150-0174,Shielded Sleeve,NULL,NULL,Kit B,NULL,,,,ADIC,,,,NULL,NULL,NULL,NULL,NULL,,,Outsourced,Outsourced,,NULL,NULL,NULL,NULL,NULL,NULL,NULL,NULL,NULL,NULL,NULL
2252,D-150-0178,Shielded Sleeve,NULL,NULL,Kit B,NULL,,,,ADIC,,,,NULL,NULL,NULL,NULL,NULL,,,Outsourced,Outsourced,,NULL,NULL,NULL,NULL,NULL,NULL,NULL,NULL,NULL,NULL,NULL
2253,D-150-0179,Shielded Sleeve,NULL,NULL,Kit B,NULL,,,,ADIC,,,,NULL,NULL,NULL,NULL,NULL,,,Outsourced,Outsourced,,NULL,NULL,NULL,NULL,NULL,NULL,NULL,NULL,NULL,NULL,NULL
2254,D-150-9133,Wire Connector,NULL,NULL,Kit B,NULL,,,,ADIC,,,,NULL,NULL,NULL,NULL,NULL,,,Outsourced,Outsourced,,NULL,NULL,NULL,NULL,NULL,NULL,NULL,NULL,NULL,NULL,NULL
2255,D-181-2222-90/9,Velding Ring,NULL,NULL,Kit B,NULL,,,,ADIC,,,,NULL,NULL,NULL,NULL,NULL,,,Under sourcing,Under sourcing,,NULL,NULL,NULL,NULL,NULL,NULL,NULL,NULL,NULL,NULL,NULL
2256,D436-36,Splice,NULL,NULL,Kit C,NULL,,,,ADIC,,,,NULL,NULL,NULL,NULL,NULL,,,Outsourced,Outsourced,,NULL,NULL,NULL,NULL,NULL,NULL,NULL,NULL,NULL,NULL,NULL
2257,D436-42,Joint,NULL,NULL,Kit B,NULL,,,,ADIC,,,,NULL,NULL,NULL,NULL,NULL,,,Outsourced,Outsourced,,NULL,NULL,NULL,NULL,NULL,NULL,NULL,NULL,NULL,NULL,NULL
2258,D436-52,Joint,NULL,NULL,Kit B,NULL,,,,ADIC,,,,NULL,NULL,NULL,NULL,NULL,,,Outsourced,Outsourced,,NULL,NULL,NULL,NULL,NULL,NULL,NULL,NULL,NULL,NULL,NULL
2259,D436-53,Joint,NULL,NULL,Kit B,NULL,,,,ADIC,,,,NULL,NULL,NULL,NULL,NULL,,,Outsourced,Outsourced,,NULL,NULL,NULL,NULL,NULL,NULL,NULL,NULL,NULL,NULL,NULL
2260,DD-FC1-42044-20/1,Pipe,NULL,NULL,Kit B,NULL,,,,ADIC,,,,NULL,NULL,NULL,NULL,NULL,,,Under Indigenization,Sample Awaited,,NULL,NULL,NULL,NULL,NULL,NULL,NULL,NULL,NULL,NULL,NULL
2261,DK-621-0411-4P,Bus Plug,NULL,NULL,Kit B,NULL,,,,ADIC,,,,NULL,NULL,NULL,NULL,NULL,,,Outsourced,Outsourced,,NULL,NULL,NULL,NULL,NULL,NULL,NULL,NULL,NULL,NULL,NULL
2262,DK-621-0411-P,Bus Plug,NULL,NULL,Kit B,NULL,,,,ADIC,,,,NULL,NULL,NULL,NULL,NULL,,,Outsourced,Outsourced,,NULL,NULL,NULL,NULL,NULL,NULL,NULL,NULL,NULL,NULL,NULL
2263,DK-621-0439-4S,Bus Plug,NULL,NULL,Kit B,NULL,,,,ADIC,,,,NULL,NULL,NULL,NULL,NULL,,,Outsourced,Outsourced,,NULL,NULL,NULL,NULL,NULL,NULL,NULL,NULL,NULL,NULL,NULL
2264,FJ28-10A,Bulb,NULL,NULL,Kit B,NULL,,,,ADIC,,,,NULL,NULL,NULL,NULL,NULL,,,Beyond Capability,Beyond Capability,,NULL,NULL,NULL,NULL,NULL,NULL,NULL,NULL,NULL,NULL,NULL
2265,FJ28-40MA,Bulb,NULL,NULL,Kit B,NULL,,,,ADIC,,,,NULL,NULL,NULL,NULL,NULL,,,Beyond Capability,Beyond Capability,,NULL,NULL,NULL,NULL,NULL,NULL,NULL,NULL,NULL,NULL,NULL
2266,GB-100,Fuse,NULL,NULL,Kit B,NULL,,,,ADIC,,,,NULL,NULL,NULL,NULL,NULL,,,Beyond Capability,Beyond Capability,,NULL,NULL,NULL,NULL,NULL,NULL,NULL,NULL,NULL,NULL,NULL
2267,GB-150,Intrial Fuse,NULL,NULL,Kit B,NULL,,,,ADIC,,,,NULL,NULL,NULL,NULL,NULL,,,Beyond Capability,Beyond Capability,,NULL,NULL,NULL,NULL,NULL,NULL,NULL,NULL,NULL,NULL,NULL
2268,GB-200,Fuse,NULL,NULL,Kit B,NULL,,,,ADIC,,,,NULL,NULL,NULL,NULL,NULL,,,Beyond Capability,Beyond Capability,,NULL,NULL,NULL,NULL,NULL,NULL,NULL,NULL,NULL,NULL,NULL
2269,GB-50,Fuse,NULL,NULL,Kit B,NULL,,,,ADIC,,,,NULL,NULL,NULL,NULL,NULL,,,Beyond Capability,Beyond Capability,,NULL,NULL,NULL,NULL,NULL,NULL,NULL,NULL,NULL,NULL,NULL
2270,GB-75,Fuse,NULL,NULL,Kit B,NULL,,,,ADIC,,,,NULL,NULL,NULL,NULL,NULL,,,Beyond Capability,Beyond Capability,,NULL,NULL,NULL,NULL,NULL,NULL,NULL,NULL,NULL,NULL,NULL
2271,KSS63-2-55-22-90,Soldering Ring,NULL,NULL,Kit B,NULL,,,,ADIC,,,,NULL,NULL,NULL,NULL,NULL,,,Outsourced,Outsourced,,NULL,NULL,NULL,NULL,NULL,NULL,NULL,NULL,NULL,NULL,NULL
2272,KSS63-3-55-22-90,Soldering Ring,NULL,NULL,Kit B,NULL,,,,ADIC,,,,NULL,NULL,NULL,NULL,NULL,,,Outsourced,Outsourced,,NULL,NULL,NULL,NULL,NULL,NULL,NULL,NULL,NULL,NULL,NULL
2273,KSS63-4-55-22-90,Soldering Ring,NULL,NULL,Kit B,NULL,,,,ADIC,,,,NULL,NULL,NULL,NULL,NULL,,,Outsourced,Outsourced,,NULL,NULL,NULL,NULL,NULL,NULL,NULL,NULL,NULL,NULL,NULL
2274,MS25231,Bulb,NULL,NULL,Kit B,NULL,,,,ADIC,,,,NULL,NULL,NULL,NULL,NULL,,,Outsourced,Outsourced,,NULL,NULL,NULL,NULL,NULL,NULL,NULL,NULL,NULL,NULL,NULL
2275,MS25231-313,Bulb,NULL,NULL,Kit B,NULL,,,,ADIC,,,,NULL,NULL,NULL,NULL,NULL,,,Outsourced,Outsourced,,NULL,NULL,NULL,NULL,NULL,NULL,NULL,NULL,NULL,NULL,NULL
2276,Q/J10-0050(Q611S89),Nut,NULL,NULL,Kit B,NULL,,,,ADIC,,,,NULL,NULL,NULL,NULL,NULL,,,Under sourcing,Under sourcing,,NULL,NULL,NULL,NULL,NULL,NULL,NULL,NULL,NULL,NULL,NULL
2277,S1255,Hot Melt Plate,NULL,NULL,Kit B,NULL,,,,ADIC,,,,NULL,NULL,NULL,NULL,NULL,,,Outsourced,Outsourced,,NULL,NULL,NULL,NULL,NULL,NULL,NULL,NULL,NULL,NULL,NULL
2278,SMT-30100-6427-1-YL,Nameplate,NULL,NULL,Kit B,NULL,,,,ADIC,,,,NULL,NULL,NULL,NULL,NULL,,,Under sourcing,Under sourcing,,NULL,NULL,NULL,NULL,NULL,NULL,NULL,NULL,NULL,NULL,NULL
2279,SMT-40120-6427-1-YL,Nameplate,NULL,NULL,Kit B,NULL,,,,ADIC,,,,NULL,NULL,NULL,NULL,NULL,,,Under Indigenization,Sample Awaited,,NULL,NULL,NULL,NULL,NULL,NULL,NULL,NULL,NULL,NULL,NULL
2280,SMT-50150-6427-1-YLM,Nameplate,NULL,NULL,Kit B,NULL,,,,ADIC,,,,NULL,NULL,NULL,NULL,NULL,,,Under Indigenization,Sample Awaited,,NULL,NULL,NULL,NULL,NULL,NULL,NULL,NULL,NULL,NULL,NULL
2281,U5,Bearing,NULL,NULL,Kit B,NULL,,,,ADIC,,,,NULL,NULL,NULL,NULL,NULL,,,Outsourced,Outsourced,,NULL,NULL,NULL,NULL,NULL,NULL,NULL,NULL,NULL,NULL,NULL
2282,U6,Bearing,NULL,NULL,Kit B,NULL,,,,ADIC,,,,NULL,NULL,NULL,NULL,NULL,,,Outsourced,Outsourced,,NULL,NULL,NULL,NULL,NULL,NULL,NULL,NULL,NULL,NULL,NULL
2283,UC20GJB269-87/5,Bearing,NULL,NULL,Kit B,NULL,,,,ADIC,,,,NULL,NULL,NULL,NULL,NULL,,,Outsourced,Outsourced,,NULL,NULL,NULL,NULL,NULL,NULL,NULL,NULL,NULL,NULL,NULL
2284,UC6,Bearing,NULL,NULL,Kit B,NULL,,,,ADIC,,,,NULL,NULL,NULL,NULL,NULL,,,Outsourced,Outsourced,,NULL,NULL,NULL,NULL,NULL,NULL,NULL,NULL,NULL,NULL,NULL
2285,UG10,Bearing,NULL,NULL,Kit B,NULL,,,,ADIC,,,,NULL,NULL,NULL,NULL,NULL,,,Outsourced,Outsourced,,NULL,NULL,NULL,NULL,NULL,NULL,NULL,NULL,NULL,NULL,NULL
2286,UG15,Bearing,NULL,NULL,Kit B,NULL,,,,ADIC,,,,NULL,NULL,NULL,NULL,NULL,,,Outsourced,Outsourced,,NULL,NULL,NULL,NULL,NULL,NULL,NULL,NULL,NULL,NULL,NULL
2287,UG20,Bearing,NULL,NULL,Kit B,NULL,,,,ADIC,,,,NULL,NULL,NULL,NULL,NULL,,,Outsourced,Outsourced,,NULL,NULL,NULL,NULL,NULL,NULL,NULL,NULL,NULL,NULL,NULL
2288,UG8GJB269,Bearing,NULL,NULL,Kit B,NULL,,,,ADIC,,,,NULL,NULL,NULL,NULL,NULL,,,Outsourced,Outsourced,,NULL,NULL,NULL,NULL,NULL,NULL,NULL,NULL,NULL,NULL,NULL
2289,11748,Filter,NULL,NULL,Kit C,NULL,,,,ADIC,,,,NULL,NULL,NULL,NULL,NULL,,,Beyond Capability,Beyond Capability,,NULL,NULL,NULL,NULL,NULL,NULL,NULL,NULL,NULL,NULL,NULL
2290,6.35B1,Steel Ball,NULL,NULL,Kit C,NULL,,,,ADIC,,,,NULL,NULL,NULL,NULL,NULL,,,Under sourcing,Under sourcing,,NULL,NULL,NULL,NULL,NULL,NULL,NULL,NULL,NULL,NULL,NULL
2291,BK1-2,Switch,NULL,NULL,Kit C,NULL,,,,ADIC,,,,NULL,NULL,NULL,NULL,NULL,,,Beyond Capability,Beyond Capability,,NULL,NULL,NULL,NULL,NULL,NULL,NULL,NULL,NULL,NULL,NULL
2292,BK-8A,Toggle switch,NULL,NULL,Kit C,NULL,,,,ADIC,,,,NULL,NULL,NULL,NULL,NULL,,,Beyond Capability,Beyond Capability,,NULL,NULL,NULL,NULL,NULL,NULL,NULL,NULL,NULL,NULL,NULL
2293,BK-8B,Toggle switch,NULL,NULL,Kit C,NULL,,,,ADIC,,,,NULL,NULL,NULL,NULL,NULL,,,Beyond Capability,Beyond Capability,,NULL,NULL,NULL,NULL,NULL,NULL,NULL,NULL,NULL,NULL,NULL
2294,CGQ-13,Force sensor,NULL,NULL,Kit C,NULL,,,,ADIC,,,,NULL,NULL,NULL,NULL,NULL,,,Under Indigenization,Sample Awaited,,NULL,NULL,NULL,NULL,NULL,NULL,NULL,NULL,NULL,NULL,NULL
2295,CGQ-23,Force sensor,NULL,NULL,Kit C,NULL,,,,ADIC,,,,NULL,NULL,NULL,NULL,NULL,,,Under Indigenization,Sample Awaited,,NULL,NULL,NULL,NULL,NULL,NULL,NULL,NULL,NULL,NULL,NULL
2296,FLB08-013,Rubber Bowl,NULL,NULL,Kit C,NULL,,,,ADIC,,,,NULL,NULL,NULL,NULL,NULL,,,Under Indigenization,Collaborated with KRL,,NULL,NULL,NULL,NULL,NULL,NULL,NULL,NULL,NULL,NULL,NULL
2297,KJY8A-20,Filter,NULL,NULL,Kit C,NULL,,,,ADIC,,,,NULL,NULL,NULL,NULL,NULL,,,Beyond Capability,Beyond Capability,,NULL,NULL,NULL,NULL,NULL,NULL,NULL,NULL,NULL,NULL,NULL
2298,T4.11.00,Filter Head,NULL,NULL,Kit C,NULL,,,,ADIC,,,,NULL,NULL,NULL,NULL,NULL,,,Under sourcing,Under sourcing,,NULL,NULL,NULL,NULL,NULL,NULL,NULL,NULL,NULL,NULL,NULL
2299,TK-16,Toggle Switch,NULL,NULL,Kit C,NULL,,,,ADIC,,,,NULL,NULL,NULL,NULL,NULL,,,Beyond Capability,Beyond Capability,,NULL,NULL,NULL,NULL,NULL,NULL,NULL,NULL,NULL,NULL,NULL
2300,TK-20C,Toggle Switch,NULL,NULL,Kit C,NULL,,,,ADIC,,,,NULL,NULL,NULL,NULL,NULL,,,Beyond Capability,Beyond Capability,,NULL,NULL,NULL,NULL,NULL,NULL,NULL,NULL,NULL,NULL,NULL
2301,WWK-12,Micro Switch,NULL,NULL,Kit C,NULL,,,,ADIC,,,,NULL,NULL,NULL,NULL,NULL,,,Outsourced,Outsourced,,NULL,NULL,NULL,NULL,NULL,NULL,NULL,NULL,NULL,NULL,NULL
2302,WWK-14,Limit Switch,NULL,NULL,Kit C,NULL,,,,ADIC,,,,NULL,NULL,NULL,NULL,NULL,,,Outsourced,Outsourced,,NULL,NULL,NULL,NULL,NULL,NULL,NULL,NULL,NULL,NULL,NULL
2303,WWK-2,Micro Switch,NULL,NULL,Kit C,NULL,,,,ADIC,,,,NULL,NULL,NULL,NULL,NULL,,,Outsourced,Outsourced,,NULL,NULL,NULL,NULL,NULL,NULL,NULL,NULL,NULL,NULL,NULL
2304,YYL19A-2000,Cooling return Filter Cotrage,NULL,NULL,Kit C,NULL,,,,ADIC,,,,NULL,NULL,NULL,NULL,NULL,,,Beyond Capability,Beyond Capability,,NULL,NULL,NULL,NULL,NULL,NULL,NULL,NULL,NULL,NULL,NULL
2305,YYL28-2000,Filter Element,NULL,NULL,Kit C,NULL,,,,ADIC,,,,NULL,NULL,NULL,NULL,NULL,,,Beyond Capability,Beyond Capability,,NULL,NULL,NULL,NULL,NULL,NULL,NULL,NULL,NULL,NULL,NULL
2306,YYL29A-1000,Filter Element,NULL,NULL,Kit C,NULL,,,,ADIC,,,,NULL,NULL,NULL,NULL,NULL,,,Beyond Capability,Beyond Capability,,NULL,NULL,NULL,NULL,NULL,NULL,NULL,NULL,NULL,NULL,NULL
2307,1Cr18Ni9Ti-G16X1,Pipe,NULL,NULL,Kit B,NULL,,,,ADIC,,,,NULL,NULL,NULL,NULL,NULL,,,Outsourced,Outsourced,,NULL,NULL,NULL,NULL,NULL,NULL,NULL,NULL,NULL,NULL,NULL
2308,HLSn40pbSba,Tin Wire,NULL,NULL,Kit A,NULL,,,,ADIC,,,,NULL,NULL,NULL,NULL,NULL,,,Under sourcing,Under sourcing,,NULL,NULL,NULL,NULL,NULL,NULL,NULL,NULL,NULL,NULL,NULL
2309,HLSn60PbsbA?3AA,Tin Wire,NULL,NULL,Kit A,NULL,,,,ADIC,,,,NULL,NULL,NULL,NULL,NULL,,,Under sourcing,Under sourcing,,NULL,NULL,NULL,NULL,NULL,NULL,NULL,NULL,NULL,NULL,NULL
2310,SINOPEC-7023B,Grease,NULL,NULL,Kit A,NULL,,,,ADIC,,,,NULL,NULL,NULL,NULL,NULL,,,Beyond Capability,Beyond Capability,,NULL,NULL,NULL,NULL,NULL,NULL,NULL,NULL,NULL,NULL,NULL
2311,5470,Rubber Compound,NULL,NULL,Kit B,NULL,,,,ADIC,,,,NULL,NULL,NULL,NULL,NULL,,,Under Indigenization,Collaborated with KRL,,NULL,NULL,NULL,NULL,NULL,NULL,NULL,NULL,NULL,NULL,NULL
2312,5860,Rubber Compound,NULL,NULL,Kit B,NULL,,,,ADIC,,,,NULL,NULL,NULL,NULL,NULL,,,Under Indigenization,Collaborated with KRL,,NULL,NULL,NULL,NULL,NULL,NULL,NULL,NULL,NULL,NULL,NULL
2313,1150-?0.5,Rubber Plate,NULL,NULL,Kit B,NULL,,,,ADIC,,,,NULL,NULL,NULL,NULL,NULL,,,Under Indigenization,Collaborated with KRL,,NULL,NULL,NULL,NULL,NULL,NULL,NULL,NULL,NULL,NULL,NULL
2314,1150-?1.0,Rubber Plate,NULL,NULL,Kit B,NULL,,,,ADIC,,,,NULL,NULL,NULL,NULL,NULL,,,Under Indigenization,Collaborated with KRL,,NULL,NULL,NULL,NULL,NULL,NULL,NULL,NULL,NULL,NULL,NULL
2315,1150-?2.0,Rubber Plate,NULL,NULL,Kit B,NULL,,,,ADIC,,,,NULL,NULL,NULL,NULL,NULL,,,Under Indigenization,Collaborated with KRL,,NULL,NULL,NULL,NULL,NULL,NULL,NULL,NULL,NULL,NULL,NULL
2316,1150-?0.5,Rubber Plate,NULL,NULL,Kit B,NULL,,,,ADIC,,,,NULL,NULL,NULL,NULL,NULL,,,Under Indigenization,Collaborated with KRL,,NULL,NULL,NULL,NULL,NULL,NULL,NULL,NULL,NULL,NULL,NULL
2317,1200GJB269-87/5,Bearing,NULL,NULL,Kit B,NULL,,,,ADIC,,,,NULL,NULL,NULL,NULL,NULL,,,Outsourced,Outsourced,,NULL,NULL,NULL,NULL,NULL,NULL,NULL,NULL,NULL,NULL,NULL
2318,1Cr18Ni9Ti G10X0.75,Stainless Steel Pipe,NULL,NULL,Kit B,NULL,,,,ADIC,,,,NULL,NULL,NULL,NULL,NULL,,,Outsourced,Outsourced,,NULL,NULL,NULL,NULL,NULL,NULL,NULL,NULL,NULL,NULL,NULL
2319,1Cr18Ni9TiG12X0.9,Stainless Steel Pipe,NULL,NULL,Kit B,NULL,,,,ADIC,,,,NULL,NULL,NULL,NULL,NULL,,,Outsourced,Outsourced,,NULL,NULL,NULL,NULL,NULL,NULL,NULL,NULL,NULL,NULL,NULL
2320,1Cr18Ni9TiG8X0.65,Stainless Steel Pipe,NULL,NULL,Kit B,NULL,,,,ADIC,,,,NULL,NULL,NULL,NULL,NULL,,,Outsourced,Outsourced,,NULL,NULL,NULL,NULL,NULL,NULL,NULL,NULL,NULL,NULL,NULL
2321,1Cr18Ni9TiG6X0.6,Stainless Steel Pipe,NULL,NULL,Kit B,NULL,,,,ADIC,,,,NULL,NULL,NULL,NULL,NULL,,,Outsourced,Outsourced,,NULL,NULL,NULL,NULL,NULL,NULL,NULL,NULL,NULL,NULL,NULL
2322,5470-?1.0,Rubber Plate,NULL,NULL,Kit B,NULL,,,,ADIC,,,,NULL,NULL,NULL,NULL,NULL,,,Under Indigenization,Collaborated with KRL,,NULL,NULL,NULL,NULL,NULL,NULL,NULL,NULL,NULL,NULL,NULL
2323,5470-?1.5,Rubber Plate,NULL,NULL,Kit B,NULL,,,,ADIC,,,,NULL,NULL,NULL,NULL,NULL,,,Under Indigenization,Collaborated with KRL,,NULL,NULL,NULL,NULL,NULL,NULL,NULL,NULL,NULL,NULL,NULL
2324,5470-?3.0,Rubber Plate,NULL,NULL,Kit B,NULL,,,,ADIC,,,,NULL,NULL,NULL,NULL,NULL,,,Under Indigenization,Collaborated with KRL,,NULL,NULL,NULL,NULL,NULL,NULL,NULL,NULL,NULL,NULL,NULL
2325,5860-?0.5,Rubber Plate,NULL,NULL,Kit B,NULL,,,,ADIC,,,,NULL,NULL,NULL,NULL,NULL,,,Under Indigenization,Collaborated with KRL,,NULL,NULL,NULL,NULL,NULL,NULL,NULL,NULL,NULL,NULL,NULL
2326,5860-?1.0,Rubber Plate,NULL,NULL,Kit B,NULL,,,,ADIC,,,,NULL,NULL,NULL,NULL,NULL,,,Under Indigenization,Collaborated with KRL,,NULL,NULL,NULL,NULL,NULL,NULL,NULL,NULL,NULL,NULL,NULL
2327,5860-?1.5,Rubber Plate,NULL,NULL,Kit B,NULL,,,,ADIC,,,,NULL,NULL,NULL,NULL,NULL,,,Under Indigenization,Collaborated with KRL,,NULL,NULL,NULL,NULL,NULL,NULL,NULL,NULL,NULL,NULL,NULL
2328,5860-?2,Rubber Plate,NULL,NULL,Kit B,NULL,,,,ADIC,,,,NULL,NULL,NULL,NULL,NULL,,,Under Indigenization,Collaborated with KRL,,NULL,NULL,NULL,NULL,NULL,NULL,NULL,NULL,NULL,NULL,NULL
2329,LF2MG06x1,Aluminium Pipe,NULL,NULL,Kit B,NULL,,,,ADIC,,,,NULL,NULL,NULL,NULL,NULL,,,Outsourced,Outsourced,,NULL,NULL,NULL,NULL,NULL,NULL,NULL,NULL,NULL,NULL,NULL
2330,LF2MG08x1,Aluminium Pipe,NULL,NULL,Kit B,NULL,,,,ADIC,,,,NULL,NULL,NULL,NULL,NULL,,,Outsourced,Outsourced,,NULL,NULL,NULL,NULL,NULL,NULL,NULL,NULL,NULL,NULL,NULL
2331,LF2MG12X1,Aluminium Pipe,NULL,NULL,Kit B,NULL,,,,ADIC,,,,NULL,NULL,NULL,NULL,NULL,,,Outsourced,Outsourced,,NULL,NULL,NULL,NULL,NULL,NULL,NULL,NULL,NULL,NULL,NULL
2332,LF2MG14x1,Aluminium Pipe,NULL,NULL,Kit B,NULL,,,,ADIC,,,,NULL,NULL,NULL,NULL,NULL,,,Outsourced,Outsourced,,NULL,NULL,NULL,NULL,NULL,NULL,NULL,NULL,NULL,NULL,NULL
2333,5860(?=0.5),Rubber Pad,NULL,NULL,Kit B,NULL,,,,ADIC,,,,NULL,NULL,NULL,NULL,NULL,,,Under Indigenization,Collaborated with KRL,,NULL,NULL,NULL,NULL,NULL,NULL,NULL,NULL,NULL,NULL,NULL
2334,B107,R/Fabric/One Surface Cured,NULL,NULL,Kit B,NULL,,,,ADIC,,,,NULL,NULL,NULL,NULL,NULL,,,Under Indigenization,Collaborated with KRL,,NULL,NULL,NULL,NULL,NULL,NULL,NULL,NULL,NULL,NULL,NULL
2335,55A0811-12,Wire,NULL,NULL,Kit B,NULL,,,,ADIC,,,,NULL,NULL,NULL,NULL,NULL,,,Outsourced,Outsourced,,NULL,NULL,NULL,NULL,NULL,NULL,NULL,NULL,NULL,NULL,NULL
2336,55A0811-14,Wire,NULL,NULL,Kit B,NULL,,,,ADIC,,,,NULL,NULL,NULL,NULL,NULL,,,Outsourced,Outsourced,,NULL,NULL,NULL,NULL,NULL,NULL,NULL,NULL,NULL,NULL,NULL
2337,55A0811-16,Wire,NULL,NULL,Kit B,NULL,,,,ADIC,,,,NULL,NULL,NULL,NULL,NULL,,,Outsourced,Outsourced,,NULL,NULL,NULL,NULL,NULL,NULL,NULL,NULL,NULL,NULL,NULL
2338,55A0811-20,Wire,NULL,NULL,Kit B,NULL,,,,ADIC,,,,NULL,NULL,NULL,NULL,NULL,,,Outsourced,Outsourced,,NULL,NULL,NULL,NULL,NULL,NULL,NULL,NULL,NULL,NULL,NULL
2339,55A0811-22,Wire,NULL,NULL,Kit B,NULL,,,,ADIC,,,,NULL,NULL,NULL,NULL,NULL,,,Outsourced,Outsourced,,NULL,NULL,NULL,NULL,NULL,NULL,NULL,NULL,NULL,NULL,NULL
2340,55A0812-20,Wire,NULL,NULL,Kit B,NULL,,,,ADIC,,,,NULL,NULL,NULL,NULL,NULL,,,Outsourced,Outsourced,,NULL,NULL,NULL,NULL,NULL,NULL,NULL,NULL,NULL,NULL,NULL
2341,55A0812-22,Wire,NULL,NULL,Kit B,NULL,,,,ADIC,,,,NULL,NULL,NULL,NULL,NULL,,,Outsourced,Outsourced,,NULL,NULL,NULL,NULL,NULL,NULL,NULL,NULL,NULL,NULL,NULL
2342,55A1111-22,Wire,NULL,NULL,Kit B,NULL,,,,ADIC,,,,NULL,NULL,NULL,NULL,NULL,,,Outsourced,Outsourced,,NULL,NULL,NULL,NULL,NULL,NULL,NULL,NULL,NULL,NULL,NULL
2343,55A1121-20,Wire,NULL,NULL,Kit B,NULL,,,,ADIC,,,,NULL,NULL,NULL,NULL,NULL,,,Outsourced,Outsourced,,NULL,NULL,NULL,NULL,NULL,NULL,NULL,NULL,NULL,NULL,NULL
2344,55A1121-22,Wire,NULL,NULL,Kit B,NULL,,,,ADIC,,,,NULL,NULL,NULL,NULL,NULL,,,Outsourced,Outsourced,,NULL,NULL,NULL,NULL,NULL,NULL,NULL,NULL,NULL,NULL,NULL
2345,55A1151-22,Wire,NULL,NULL,Kit B,NULL,,,,ADIC,,,,NULL,NULL,NULL,NULL,NULL,,,Outsourced,Outsourced,,NULL,NULL,NULL,NULL,NULL,NULL,NULL,NULL,NULL,NULL,NULL
2346,HCTE-0281,Corrugated Pipe,NULL,NULL,Kit B,NULL,,,,ADIC,,,,NULL,NULL,NULL,NULL,NULL,,,Outsourced,Outsourced,,NULL,NULL,NULL,NULL,NULL,NULL,NULL,NULL,NULL,NULL,NULL
2347,HCTE-0375,Bellows,NULL,NULL,Kit B,NULL,,,,ADIC,,,,NULL,NULL,NULL,NULL,NULL,,,Outsourced,Outsourced,,NULL,NULL,NULL,NULL,NULL,NULL,NULL,NULL,NULL,NULL,NULL
2348,LF2MG10X1,Alum Tube,NULL,NULL,Kit B,NULL,,,,ADIC,,,,NULL,NULL,NULL,NULL,NULL,,,Outsourced,Outsourced,,NULL,NULL,NULL,NULL,NULL,NULL,NULL,NULL,NULL,NULL,NULL
2349,LF2MG15X1,Aluminium Pipe,NULL,NULL,Kit B,NULL,,,,ADIC,,,,NULL,NULL,NULL,NULL,NULL,,,Outsourced,Outsourced,,NULL,NULL,NULL,NULL,NULL,NULL,NULL,NULL,NULL,NULL,NULL
2350,LF2MG16X1,Aluminium Pipe,NULL,NULL,Kit B,NULL,,,,ADIC,,,,NULL,NULL,NULL,NULL,NULL,,,Outsourced,Outsourced,,NULL,NULL,NULL,NULL,NULL,NULL,NULL,NULL,NULL,NULL,NULL
2351,MS21141S-05-02,Flat Rivet Cherry,NULL,NULL,Kit B,NULL,,,,ADIC,,,,NULL,NULL,NULL,NULL,NULL,,,Outsourced,Outsourced,,NULL,NULL,NULL,NULL,NULL,NULL,NULL,NULL,NULL,NULL,NULL
2352,FG-14-21-100,HOSE,NULL,NULL,Kit A,NULL,,,,ADIC,,,,NULL,NULL,NULL,NULL,NULL,,,Beyond Capability,Beyond Capability,,NULL,NULL,NULL,NULL,NULL,NULL,NULL,NULL,NULL,NULL,NULL
2353,FG-14-21-200,HOSE,NULL,NULL,Kit A,NULL,,,,ADIC,,,,NULL,NULL,NULL,NULL,NULL,,,Beyond Capability,Beyond Capability,,NULL,NULL,NULL,NULL,NULL,NULL,NULL,NULL,NULL,NULL,NULL
2354,FG-20-3-100,HOSE,NULL,NULL,Kit A,NULL,,,,ADIC,,,,NULL,NULL,NULL,NULL,NULL,,,Beyond Capability,Beyond Capability,,NULL,NULL,NULL,NULL,NULL,NULL,NULL,NULL,NULL,NULL,NULL
2355,FG-20-3-200,HOSE,NULL,NULL,Kit A,NULL,,,,ADIC,,,,NULL,NULL,NULL,NULL,NULL,,,Beyond Capability,Beyond Capability,,NULL,NULL,NULL,NULL,NULL,NULL,NULL,NULL,NULL,NULL,NULL
2356,FG-6-21-100,HOSE,NULL,NULL,Kit A,NULL,,,,ADIC,,,,NULL,NULL,NULL,NULL,NULL,,,Beyond Capability,Beyond Capability,,NULL,NULL,NULL,NULL,NULL,NULL,NULL,NULL,NULL,NULL,NULL
2357,FG-6-21-1000,HOSE,NULL,NULL,Kit A,NULL,,,,ADIC,,,,NULL,NULL,NULL,NULL,NULL,,,Beyond Capability,Beyond Capability,,NULL,NULL,NULL,NULL,NULL,NULL,NULL,NULL,NULL,NULL,NULL
2358,FG-6-21-200,HOSE,NULL,NULL,Kit A,NULL,,,,ADIC,,,,NULL,NULL,NULL,NULL,NULL,,,Beyond Capability,Beyond Capability,,NULL,NULL,NULL,NULL,NULL,NULL,NULL,NULL,NULL,NULL,NULL
2359,FG-6-21-300,HOSE,NULL,NULL,Kit A,NULL,,,,ADIC,,,,NULL,NULL,NULL,NULL,NULL,,,Beyond Capability,Beyond Capability,,NULL,NULL,NULL,NULL,NULL,NULL,NULL,NULL,NULL,NULL,NULL
2360,FG-6-21-400,HOSE,NULL,NULL,Kit A,NULL,,,,ADIC,,,,NULL,NULL,NULL,NULL,NULL,,,Beyond Capability,Beyond Capability,,NULL,NULL,NULL,NULL,NULL,NULL,NULL,NULL,NULL,NULL,NULL
2361,FG-6-21-700,HOSE,NULL,NULL,Kit A,NULL,,,,ADIC,,,,NULL,NULL,NULL,NULL,NULL,,,Beyond Capability,Beyond Capability,,NULL,NULL,NULL,NULL,NULL,NULL,NULL,NULL,NULL,NULL,NULL
2362,FG-6-21-800,HOSE,NULL,NULL,Kit A,NULL,,,,ADIC,,,,NULL,NULL,NULL,NULL,NULL,,,Beyond Capability,Beyond Capability,,NULL,NULL,NULL,NULL,NULL,NULL,NULL,NULL,NULL,NULL,NULL
2363,FG-6-21-900,HOSE,NULL,NULL,Kit A,NULL,,,,ADIC,,,,NULL,NULL,NULL,NULL,NULL,,,Beyond Capability,Beyond Capability,,NULL,NULL,NULL,NULL,NULL,NULL,NULL,NULL,NULL,NULL,NULL
2364,FG-8-21-100,HOSE,NULL,NULL,Kit A,NULL,,,,ADIC,,,,NULL,NULL,NULL,NULL,NULL,,,Beyond Capability,Beyond Capability,,NULL,NULL,NULL,NULL,NULL,NULL,NULL,NULL,NULL,NULL,NULL
2365,FG-8-21-1000,HOSE,NULL,NULL,Kit A,NULL,,,,ADIC,,,,NULL,NULL,NULL,NULL,NULL,,,Beyond Capability,Beyond Capability,,NULL,NULL,NULL,NULL,NULL,NULL,NULL,NULL,NULL,NULL,NULL
2366,FG-8-21-200,HOSE,NULL,NULL,Kit A,NULL,,,,ADIC,,,,NULL,NULL,NULL,NULL,NULL,,,Beyond Capability,Beyond Capability,,NULL,NULL,NULL,NULL,NULL,NULL,NULL,NULL,NULL,NULL,NULL
2367,FG-8-21-300,HOSE,NULL,NULL,Kit A,NULL,,,,ADIC,,,,NULL,NULL,NULL,NULL,NULL,,,Beyond Capability,Beyond Capability,,NULL,NULL,NULL,NULL,NULL,NULL,NULL,NULL,NULL,NULL,NULL
2368,FG-8-21-400,HOSE,NULL,NULL,Kit A,NULL,,,,ADIC,,,,NULL,NULL,NULL,NULL,NULL,,,Beyond Capability,Beyond Capability,,NULL,NULL,NULL,NULL,NULL,NULL,NULL,NULL,NULL,NULL,NULL
2369,FG-8-21-500,HOSE,NULL,NULL,Kit A,NULL,,,,ADIC,,,,NULL,NULL,NULL,NULL,NULL,,,Beyond Capability,Beyond Capability,,NULL,NULL,NULL,NULL,NULL,NULL,NULL,NULL,NULL,NULL,NULL
2370,FG-8-21-600,HOSE,NULL,NULL,Kit A,NULL,,,,ADIC,,,,NULL,NULL,NULL,NULL,NULL,,,Beyond Capability,Beyond Capability,,NULL,NULL,NULL,NULL,NULL,NULL,NULL,NULL,NULL,NULL,NULL
2371,FG-8-21-700,HOSE,NULL,NULL,Kit A,NULL,,,,ADIC,,,,NULL,NULL,NULL,NULL,NULL,,,Beyond Capability,Beyond Capability,,NULL,NULL,NULL,NULL,NULL,NULL,NULL,NULL,NULL,NULL,NULL
2372,FG-8-21-800,HOSE,NULL,NULL,Kit A,NULL,,,,ADIC,,,,NULL,NULL,NULL,NULL,NULL,,,Beyond Capability,Beyond Capability,,NULL,NULL,NULL,NULL,NULL,NULL,NULL,NULL,NULL,NULL,NULL
2373,FG-8-21-900,HOSE,NULL,NULL,Kit A,NULL,,,,ADIC,,,,NULL,NULL,NULL,NULL,NULL,,,Beyond Capability,Beyond Capability,,NULL,NULL,NULL,NULL,NULL,NULL,NULL,NULL,NULL,NULL,NULL
2374,DD-FC1-51503-4210,Corrugated Hose,NULL,NULL,Kit A,NULL,,,,ADIC,,,,NULL,NULL,NULL,NULL,NULL,,,Under Indigenization,Collaborated with KRL,Newly added (ARF B/Cap),NULL,NULL,NULL,NULL,NULL,NULL,NULL,NULL,NULL,NULL,NULL
2375,DD-FC1-94021-320,Corrugated Hose,NULL,NULL,Kit A,NULL,,,,ADIC,,,,NULL,NULL,NULL,NULL,NULL,,,Under Indigenization,Collaborated with KRL,Newly added (ARF B/Cap),NULL,NULL,NULL,NULL,NULL,NULL,NULL,NULL,NULL,NULL,NULL
2376,DD-FC1-94021-310,Corrugated Hose,NULL,NULL,Kit A,NULL,,,,ADIC,,,,NULL,NULL,NULL,NULL,NULL,,,Under Indigenization,Sample Awaited,Newly added (ARF B/Cap),NULL,NULL,NULL,NULL,NULL,NULL,NULL,NULL,NULL,NULL,NULL
2377,DD-FC1-51503-5210,Corrugated Hose,NULL,NULL,Kit A,NULL,,,,ADIC,,,,NULL,NULL,NULL,NULL,NULL,,,Under Indigenization,Collaborated with KRL,Newly added (ARF B/Cap),NULL,NULL,NULL,NULL,NULL,NULL,NULL,NULL,NULL,NULL,NULL
2378,DD-FC1-51101-6110,Corrugated Hose,NULL,NULL,Kit A,NULL,,,,ADIC,,,,NULL,NULL,NULL,NULL,NULL,,,Under Indigenization,Collaborated with KRL,Newly added (ARF B/Cap),NULL,NULL,NULL,NULL,NULL,NULL,NULL,NULL,NULL,NULL,NULL
2379,Q/611S-57-1,Quick Operating Lock,NULL,NULL,Kit B,NULL,,,,ADIC,,,,NULL,NULL,NULL,NULL,NULL,,,Under Indigenization,Sample Awaited,Newly added (ARF B/Cap),NULL,NULL,NULL,NULL,NULL,NULL,NULL,NULL,NULL,NULL,NULL
2380,Q/611S-52-1,Quick Operating Lock,NULL,NULL,Kit B,NULL,,,,ADIC,,,,NULL,NULL,NULL,NULL,NULL,,,Under sourcing,Under sourcing,Newly added (ARF B/Cap),NULL,NULL,NULL,NULL,NULL,NULL,NULL,NULL,NULL,NULL,NULL
2381,DD-FC1-01000-104,BOLT,NULL,NULL,Kit A,NULL,,,,ADIC,,,,NULL,NULL,NULL,NULL,NULL,,,Under Indigenization,Collaborated with KRL,Newly added (ARF B/Cap),NULL,NULL,NULL,NULL,NULL,NULL,NULL,NULL,NULL,NULL,NULL
2382,DD-FC1-01000-102,BOLT,NULL,NULL,Kit A,NULL,,,,ADIC,,,,NULL,NULL,NULL,NULL,NULL,,,Under Indigenization,Collaborated with KRL,Newly added (ARF B/Cap),NULL,NULL,NULL,NULL,NULL,NULL,NULL,NULL,NULL,NULL,NULL
2383,DD-FC1-01000-101,BOLT,NULL,NULL,Kit A,NULL,,,,ADIC,,,,NULL,NULL,NULL,NULL,NULL,,,Under Indigenization,collaborated with KRL,Newly added (ARF B/Cap),NULL,NULL,NULL,NULL,NULL,NULL,NULL,NULL,NULL,NULL,NULL
2384,OCT110067-71,SEAL,NULL,NULL,Kit A,NULL,,,,ADIC,,,,NULL,NULL,NULL,NULL,NULL,,,Under Indigenization,Sample Awaited,Newly added (ARF B/Cap),NULL,NULL,NULL,NULL,NULL,NULL,NULL,NULL,NULL,NULL,NULL
2385,145-150-25-2-043,SEALING RING,NULL,NULL,Kit A,NULL,,,,ADIC,,,,NULL,NULL,NULL,NULL,NULL,,,Under Indigenization,Sample Awaited,Newly added (ARF B/Cap),NULL,NULL,NULL,NULL,NULL,NULL,NULL,NULL,NULL,NULL,NULL
2386,102-108-25-2-043OCT100980-80,SEAL RING,NULL,NULL,Kit A,NULL,,,,ADIC,,,,NULL,NULL,NULL,NULL,NULL,,,Under Indigenization,Sample Awaited,Newly added (ARF B/Cap),NULL,NULL,NULL,NULL,NULL,NULL,NULL,NULL,NULL,NULL,NULL
2387,100-105-25-2-043OCT100980-80,RING,NULL,NULL,Kit A,NULL,,,,ADIC,,,,NULL,NULL,NULL,NULL,NULL,,,Under Indigenization,Sample Awaited,Newly added (ARF B/Cap),NULL,NULL,NULL,NULL,NULL,NULL,NULL,NULL,NULL,NULL,NULL
2388,085-095-058-2-043OCT100980-80,SEAL,NULL,NULL,Kit A,NULL,,,,ADIC,,,,NULL,NULL,NULL,NULL,NULL,,,Under Indigenization,Sample Awaited,Newly added (ARF B/Cap),NULL,NULL,NULL,NULL,NULL,NULL,NULL,NULL,NULL,NULL,NULL
2389,078-084-36-2-043OCT100980-80,SEALING RING,NULL,NULL,Kit A,NULL,,,,ADIC,,,,NULL,NULL,NULL,NULL,NULL,,,Under Indigenization,Sample Awaited,Newly added (ARF B/Cap),NULL,NULL,NULL,NULL,NULL,NULL,NULL,NULL,NULL,NULL,NULL
2390,070-075-25-2-043OCT100980-80,RUBBER RING,NULL,NULL,Kit A,NULL,,,,ADIC,,,,NULL,NULL,NULL,NULL,NULL,,,Under Indigenization,Sample Awaited,Newly added (ARF B/Cap),NULL,NULL,NULL,NULL,NULL,NULL,NULL,NULL,NULL,NULL,NULL
2391,065-070-25-2-043OCT100980-80,SEAL RING,NULL,NULL,Kit A,NULL,,,,ADIC,,,,NULL,NULL,NULL,NULL,NULL,,,Under Indigenization,Sample Awaited,Newly added (ARF B/Cap),NULL,NULL,NULL,NULL,NULL,NULL,NULL,NULL,NULL,NULL,NULL
2392,030-034-25-2-043AOCT100980-80,SEAL,NULL,NULL,Kit A,NULL,,,,ADIC,,,,NULL,NULL,NULL,NULL,NULL,,,Under Indigenization,Sample Awaited,Newly added (ARF B/Cap),NULL,NULL,NULL,NULL,NULL,NULL,NULL,NULL,NULL,NULL,NULL
2393,017-021-2-2-043OCT100980-80,SEAL,NULL,NULL,Kit A,NULL,,,,ADIC,,,,NULL,NULL,NULL,NULL,NULL,,,Under Indigenization,Sample Awaited,Newly added (ARF B/Cap),NULL,NULL,NULL,NULL,NULL,NULL,NULL,NULL,NULL,NULL,NULL
2394,017-020-19-2-043OCT100980-80,COTTER PIN,NULL,NULL,Kit A,NULL,,,,ADIC,,,,NULL,NULL,NULL,NULL,NULL,,,Under Indigenization,Sample Awaited,Newly added (ARF B/Cap),NULL,NULL,NULL,NULL,NULL,NULL,NULL,NULL,NULL,NULL,NULL
2395,013-016-19-2-061OCT100980-80,SEAL,NULL,NULL,Kit A,NULL,,,,ADIC,,,,NULL,NULL,NULL,NULL,NULL,,,Under Indigenization,Sample Awaited,Newly added (ARF B/Cap),NULL,NULL,NULL,NULL,NULL,NULL,NULL,NULL,NULL,NULL,NULL
2396,011-015-25-2-043OCT100980-80,SEALING RING,NULL,NULL,Kit A,NULL,,,,ADIC,,,,NULL,NULL,NULL,NULL,NULL,,,Under Indigenization,Sample Awaited,Newly added (ARF B/Cap),NULL,NULL,NULL,NULL,NULL,NULL,NULL,NULL,NULL,NULL,NULL
2397,006-009-19-2-043OCT100980-80,SEAL RING,NULL,NULL,Kit A,NULL,,,,ADIC,,,,NULL,NULL,NULL,NULL,NULL,,,Under Indigenization,Sample Awaited,Newly added (ARF B/Cap),NULL,NULL,NULL,NULL,NULL,NULL,NULL,NULL,NULL,NULL,NULL
2398,DD-FC1-42034-8,Stopper,NULL,NULL,Kit A,NULL,,,,ADIC,,,,NULL,NULL,NULL,NULL,NULL,,,Under Indigenization,Sample Awaited,Newly added (AMF B/Cap),NULL,NULL,NULL,NULL,NULL,NULL,NULL,NULL,NULL,NULL,NULL
2399,DD-FC1-42034-8,Stopper,NULL,NULL,Kit B,NULL,,,,ADIC,,,,NULL,NULL,NULL,NULL,NULL,,,Under Indigenization,Sample Awaited,Newly added (AMF B/Cap),NULL,NULL,NULL,NULL,NULL,NULL,NULL,NULL,NULL,NULL,NULL
2400,DD-FC1-94061-106,Guaze,NULL,NULL,Kit B,NULL,,,,ADIC,,,,NULL,NULL,NULL,NULL,NULL,,,Under sourcing,Under sourcing,Newly added (AMF B/Cap),NULL,NULL,NULL,NULL,NULL,NULL,NULL,NULL,NULL,NULL,NULL
2401,CLQ-26Z-108,Gasket,NULL,NULL,Kit C,NULL,,,,ADIC,,,,NULL,NULL,NULL,NULL,NULL,,,Under Indigenization,Collaborated with KRL,Newly added (AMF B/Cap),NULL,NULL,NULL,NULL,NULL,NULL,NULL,NULL,NULL,NULL,NULL
2402,T5.17.01,Spring Washer,NULL,NULL,Kit C,NULL,,,,ADIC,,,,NULL,NULL,NULL,NULL,NULL,,,Under sourcing,Under sourcing,Newly added (AMF B/Cap),NULL,NULL,NULL,NULL,NULL,NULL,NULL,NULL,NULL,NULL,NULL
2403,DD-FC1-41015-31,Leather Cup,NULL,NULL,Kit C,NULL,,,,ADIC,,,,NULL,NULL,NULL,NULL,NULL,,,Under Indigenization,Collaborated with KRL,Newly added (AMF B/Cap),NULL,NULL,NULL,NULL,NULL,NULL,NULL,NULL,NULL,NULL,NULL
2404,19X(Z)-YDT11-1011,External Slip Ring,NULL,NULL,Kit C,NULL,,,,ADIC,,,,NULL,NULL,NULL,NULL,NULL,,,Under Indigenization,Collaborated with KRL,Newly added (AMF B/Cap),NULL,NULL,NULL,NULL,NULL,NULL,NULL,NULL,NULL,NULL,NULL
2405,19X(Z)-YDT11-1013,Internal Slip Ring,NULL,NULL,Kit C,NULL,,,,ADIC,,,,NULL,NULL,NULL,NULL,NULL,,,Under Indigenization,Collaborated with KRL,Newly added (AMF B/Cap),NULL,NULL,NULL,NULL,NULL,NULL,NULL,NULL,NULL,NULL,NULL
2406,FYX102-0007,Outer Slip Ring,NULL,NULL,Kit C,NULL,,,,ADIC,,,,NULL,NULL,NULL,NULL,NULL,,,Under Indigenization,Collaborated with KRL,Newly added (AMF B/Cap),NULL,NULL,NULL,NULL,NULL,NULL,NULL,NULL,NULL,NULL,NULL
2407,FR227-0009,Seal Ring (Inner Slip Ring),NULL,NULL,Kit C,NULL,,,,ADIC,,,,NULL,NULL,NULL,NULL,NULL,,,Under Indigenization,Collaborated with KRL,Newly added (AMF B/Cap),NULL,NULL,NULL,NULL,NULL,NULL,NULL,NULL,NULL,NULL,NULL
2408,YYL27-1001,Retainer Seal,NULL,NULL,Kit C,NULL,,,,ADIC,,,,NULL,NULL,NULL,NULL,NULL,,,Under Indigenization,Collaborated with KRL,Newly added (AMF B/Cap),NULL,NULL,NULL,NULL,NULL,NULL,NULL,NULL,NULL,NULL,NULL
2409,KJY-19-2003,Valve Seat,NULL,NULL,Kit C,NULL,,,,ADIC,,,,NULL,NULL,NULL,NULL,NULL,,,Under Indigenization,Collaborated with KRL,Newly added (AMF B/Cap),NULL,NULL,NULL,NULL,NULL,NULL,NULL,NULL,NULL,NULL,NULL
2410,CHECK-123,CHECKING EDIT,CHECK-312,CHECKING EDIT NHA,49 (Other),NULL,MACHINING,ACCY SHOP,LY12-CZ,AMF,2024RP123,2024321123,81-F-17-2024,Aluminium,Die under TF,ARF,360 solutions,CHECKING DIE STATUS FROM VENDOR AND THEN LOAD EDIT FORM CHECKING,CHECKING REVIEW AFTER EDIT FORM REVIEW,Awt Mat,Part under TF,UNDER FEASIBILITY,PART NEWLY EDIT CHECKING FORM. MAIN PART REMARKS CHECKING FORM,remarks2,remarks3,remarks4,remarks5,NULL,NULL,NULL,NULL,NULL,NULL,NULL
2411,TEST-123,CHECKING NEW ITEM ADD,,,,1,,,,ARF,,,,,,,,,,,MCL,,HOPE TO ADD 1 PART,NULL,NULL,NULL,NULL,NULL,NULL,NULL,NULL,NULL,NULL,NULL
2412,TEST-123,CHECKING NEW ITEM ADD,,,,1,,,,AMF,,,,,,,,,,,Under Trial Test,,HOPE TO ADD 1 PART,NULL,NULL,NULL,NULL,NULL,NULL,NULL,NULL,NULL,NULL,NULL
2413,TEST-321,123,,,,1,,,,ADIC,,,,,,,,,,,Part under TF,,SAD,NULL,NULL,NULL,NULL,NULL,NULL,NULL,NULL,NULL,NULL,NULL
2414,testing_0709,testing,,,,1,,,,AMF (E,,,,,,,,,,,Die under TF,,checking if goh and main table matches,NULL,NULL,NULL,NULL,NULL,NULL,NULL,NULL,NULL,NULL,NULL
2415,809,testing,,,,1,,,,,,,,,,,,,,,Outsourced,,checking if goh and main table matches,NULL,NULL,NULL,NULL,NULL,NULL,NULL,NULL,NULL,NULL,NULL
2416,testing_0609,checking,,,,1,,,,,,,,,,,,,,,Beyond Capability,,cheking if GOH state gets updated with modal,NULL,NULL,NULL,NULL,NULL,NULL,NULL,NULL,NULL,NULL,NULL
2417,909,checking dss,,,,1,,,,,,,,,,,,,,,State Check,,,NULL,NULL,NULL,NULL,NULL,NULL,NULL,NULL,NULL,NULL,NULL
2418,1009,checkingcscscsc,,,,1,,,,,,,,,,,,,,,Under Sourcing,,,NULL,NULL,NULL,NULL,NULL,NULL,NULL,NULL,NULL,NULL,NULL
2419,1109,checkingxsxsxs,,,,1,,,,,,,,,,,,,,,Under Indigenization,,,NULL,NULL,NULL,NULL,NULL,NULL,NULL,NULL,NULL,NULL,NULL
2420,1209,checkingcfvfgvf,NULL,NULL,NULL,1,NULL,NULL,NULL,NULL,NULL,NULL,NULL,NULL,NULL,NULL,NULL,NULL,NULL,NULL,NULL,NULL,,NULL,NULL,NULL,NULL,NULL,NULL,NULL,NULL,NULL,NULL,NULL
2421,1309,checkingdsdsds,,,Kit A,1,MACHINING,,,ARF,,,,,,,,,,,MCL,,,NULL,NULL,NULL,NULL,NULL,NULL,NULL,NULL,NULL,NULL,NULL
2432,1909,check,,,Kit A,1,MACHINING,,,ARF,,,,,,,,,,,Die under TF,,for 4th qyr goh holdup check,NULL,NULL,NULL,NULL,NULL,NULL,NULL,NULL,NULL,NULL,NULL
2433,2009,check,CHECK-312,CHECKING EDIT NHA,Kit A,1,DIE PART,ACCY SHOP,LY12-CZ,ARF,2024RP123,2024321123,81-F-17-2024,Steel,Completed,ARF,ATS ECHCKING,cehcign all fields,checking editing function if it works,ERP LM Cap issue,Under Indigenization,UNDER FEASIBILITY,checking if duplicate modal is activated,NULL,NULL,NULL,NULL,NULL,NULL,NULL,NULL,NULL,NULL,NULL
2434,2109,check,,,Kit B,1,FORGING,,,OTHER,,,,,,,,,,,Die under TF,,checking,NULL,NULL,NULL,NULL,NULL,NULL,NULL,NULL,NULL,NULL,NULL
2435,2209,check,,,,1,MACHINING,,,ARF,,,,,,,,,,,MCL,,checking if seperate controller can work,NULL,NULL,NULL,NULL,NULL,NULL,NULL,NULL,NULL,NULL,NULL
2436,239,check,,,Kit B,1,FORGING,,,AMF,,,,,,,,,,Expected MCL,MCL,,checking if ind module controller can work for goh item as well,NULL,NULL,NULL,NULL,NULL,NULL,NULL,NULL,NULL,NULL,NULL
2437,249,check,CHECK-312,CHECKING EDIT NHA,,1,,,,ARF,,,,,,,,,,,Under Trial Test,,checing,NULL,NULL,NULL,NULL,NULL,NULL,NULL,NULL,NULL,NULL,NULL
2446,testing_0809,check,NULL,NULL,NULL,,NULL,NULL,NULL,NULL,NULL,NULL,NULL,NULL,NULL,NULL,NULL,NULL,NULL,NULL,NULL,NULL,CHECKING,NULL,NULL,NULL,NULL,NULL,NULL,NULL,NULL,NULL,NULL,NULL
2447,,,NULL,NULL,NULL,,NULL,NULL,NULL,NULL,NULL,NULL,NULL,NULL,NULL,NULL,NULL,NULL,NULL,NULL,NULL,NULL,,NULL,NULL,NULL,NULL,NULL,NULL,NULL,NULL,NULL,NULL,NULL
2448,check-21212121,11,NULL,NULL,NULL,0,NULL,NULL,NULL,NULL,NULL,NULL,NULL,NULL,NULL,NULL,NULL,NULL,NULL,NULL,NULL,NULL,,NULL,NULL,NULL,NULL,NULL,NULL,NULL,NULL,NULL,NULL,NULL
